This is XeTeX, Version 3.141592653-2.6-0.999995 (TeX Live 2023/Debian) (preloaded format=xelatex 2026.6.2)  4 JUN 2026 17:54
entering extended mode
 restricted \write18 enabled.
 %&-line parsing enabled.
**physics.tex
(./physics.tex
LaTeX2e <2023-11-01> patch level 1
L3 programming layer <2024-01-22>
(/usr/share/texlive/texmf-dist/tex/latex/base/book.cls
Document Class: book 2023/05/17 v1.4n Standard LaTeX document class
(/usr/share/texlive/texmf-dist/tex/latex/base/leqno.clo
File: leqno.clo 2016/12/29 v1.2b Standard LaTeX option (left equation numbers)
)
(/usr/share/texlive/texmf-dist/tex/latex/base/bk10.clo
File: bk10.clo 2023/05/17 v1.4n Standard LaTeX file (size option)
)
\c@part=\count183
\c@chapter=\count184
\c@section=\count185
\c@subsection=\count186
\c@subsubsection=\count187
\c@paragraph=\count188
\c@subparagraph=\count189
\c@figure=\count190
\c@table=\count191
\abovecaptionskip=\skip48
\belowcaptionskip=\skip49
\bibindent=\dimen140
)
to avail gnuplot functionality must run "xelatex --shell-escape calculusAndAnal
yticGeometry"
(/usr/share/texlive/texmf-dist/tex/latex/circuitikz/circuitikz.sty
Package: circuitikz 2023/12/09{} The CircuiTikz circuit drawing package version
 1.6.6

(/usr/share/texlive/texmf-dist/tex/latex/pgf/frontendlayer/tikz.sty
(/usr/share/texlive/texmf-dist/tex/latex/pgf/basiclayer/pgf.sty
(/usr/share/texlive/texmf-dist/tex/latex/pgf/utilities/pgfrcs.sty
(/usr/share/texlive/texmf-dist/tex/generic/pgf/utilities/pgfutil-common.tex
\pgfutil@everybye=\toks17
\pgfutil@tempdima=\dimen141
\pgfutil@tempdimb=\dimen142
)
(/usr/share/texlive/texmf-dist/tex/generic/pgf/utilities/pgfutil-latex.def
\pgfutil@abb=\box51
)
(/usr/share/texlive/texmf-dist/tex/generic/pgf/utilities/pgfrcs.code.tex
(/usr/share/texlive/texmf-dist/tex/generic/pgf/pgf.revision.tex)
Package: pgfrcs 2023-01-15 v3.1.10 (3.1.10)
))
Package: pgf 2023-01-15 v3.1.10 (3.1.10)

(/usr/share/texlive/texmf-dist/tex/latex/pgf/basiclayer/pgfcore.sty
(/usr/share/texlive/texmf-dist/tex/latex/graphics/graphicx.sty
Package: graphicx 2021/09/16 v1.2d Enhanced LaTeX Graphics (DPC,SPQR)

(/usr/share/texlive/texmf-dist/tex/latex/graphics/keyval.sty
Package: keyval 2022/05/29 v1.15 key=value parser (DPC)
\KV@toks@=\toks18
)
(/usr/share/texlive/texmf-dist/tex/latex/graphics/graphics.sty
Package: graphics 2022/03/10 v1.4e Standard LaTeX Graphics (DPC,SPQR)

(/usr/share/texlive/texmf-dist/tex/latex/graphics/trig.sty
Package: trig 2021/08/11 v1.11 sin cos tan (DPC)
)
(/usr/share/texlive/texmf-dist/tex/latex/graphics-cfg/graphics.cfg
File: graphics.cfg 2016/06/04 v1.11 sample graphics configuration
)
Package graphics Info: Driver file: xetex.def on input line 107.

(/usr/share/texlive/texmf-dist/tex/latex/graphics-def/xetex.def
File: xetex.def 2022/09/22 v5.0n Graphics/color driver for xetex
))
\Gin@req@height=\dimen143
\Gin@req@width=\dimen144
)
(/usr/share/texlive/texmf-dist/tex/latex/pgf/systemlayer/pgfsys.sty
(/usr/share/texlive/texmf-dist/tex/generic/pgf/systemlayer/pgfsys.code.tex
Package: pgfsys 2023-01-15 v3.1.10 (3.1.10)

(/usr/share/texlive/texmf-dist/tex/generic/pgf/utilities/pgfkeys.code.tex
\pgfkeys@pathtoks=\toks19
\pgfkeys@temptoks=\toks20

(/usr/share/texlive/texmf-dist/tex/generic/pgf/utilities/pgfkeyslibraryfiltered
.code.tex
\pgfkeys@tmptoks=\toks21
))
\pgf@x=\dimen145
\pgf@y=\dimen146
\pgf@xa=\dimen147
\pgf@ya=\dimen148
\pgf@xb=\dimen149
\pgf@yb=\dimen150
\pgf@xc=\dimen151
\pgf@yc=\dimen152
\pgf@xd=\dimen153
\pgf@yd=\dimen154
\w@pgf@writea=\write3
\r@pgf@reada=\read2
\c@pgf@counta=\count192
\c@pgf@countb=\count193
\c@pgf@countc=\count194
\c@pgf@countd=\count195
\t@pgf@toka=\toks22
\t@pgf@tokb=\toks23
\t@pgf@tokc=\toks24
\pgf@sys@id@count=\count196
 (/usr/share/texlive/texmf-dist/tex/generic/pgf/systemlayer/pgf.cfg
File: pgf.cfg 2023-01-15 v3.1.10 (3.1.10)
)
Driver file for pgf: pgfsys-xetex.def
(/usr/share/texlive/texmf-dist/tex/generic/pgf/systemlayer/pgfsys-xetex.def
File: pgfsys-xetex.def 2023-01-15 v3.1.10 (3.1.10)

(/usr/share/texlive/texmf-dist/tex/generic/pgf/systemlayer/pgfsys-dvipdfmx.def
File: pgfsys-dvipdfmx.def 2023-01-15 v3.1.10 (3.1.10)

(/usr/share/texlive/texmf-dist/tex/generic/pgf/systemlayer/pgfsys-common-pdf.de
f
File: pgfsys-common-pdf.def 2023-01-15 v3.1.10 (3.1.10)
)
\pgfsys@objnum=\count197
)))
(/usr/share/texlive/texmf-dist/tex/generic/pgf/systemlayer/pgfsyssoftpath.code.
tex
File: pgfsyssoftpath.code.tex 2023-01-15 v3.1.10 (3.1.10)
\pgfsyssoftpath@smallbuffer@items=\count198
\pgfsyssoftpath@bigbuffer@items=\count199
)
(/usr/share/texlive/texmf-dist/tex/generic/pgf/systemlayer/pgfsysprotocol.code.
tex
File: pgfsysprotocol.code.tex 2023-01-15 v3.1.10 (3.1.10)
)) (/usr/share/texlive/texmf-dist/tex/latex/xcolor/xcolor.sty
Package: xcolor 2023/11/15 v3.01 LaTeX color extensions (UK)

(/usr/share/texlive/texmf-dist/tex/latex/graphics-cfg/color.cfg
File: color.cfg 2016/01/02 v1.6 sample color configuration
)
Package xcolor Info: Driver file: xetex.def on input line 274.

(/usr/share/texlive/texmf-dist/tex/latex/graphics/mathcolor.ltx)
Package xcolor Info: Model `cmy' substituted by `cmy0' on input line 1350.
Package xcolor Info: Model `RGB' extended on input line 1366.
Package xcolor Info: Model `HTML' substituted by `rgb' on input line 1368.
Package xcolor Info: Model `Hsb' substituted by `hsb' on input line 1369.
Package xcolor Info: Model `tHsb' substituted by `hsb' on input line 1370.
Package xcolor Info: Model `HSB' substituted by `hsb' on input line 1371.
Package xcolor Info: Model `Gray' substituted by `gray' on input line 1372.
Package xcolor Info: Model `wave' substituted by `hsb' on input line 1373.
)
(/usr/share/texlive/texmf-dist/tex/generic/pgf/basiclayer/pgfcore.code.tex
Package: pgfcore 2023-01-15 v3.1.10 (3.1.10)

(/usr/share/texlive/texmf-dist/tex/generic/pgf/math/pgfmath.code.tex
(/usr/share/texlive/texmf-dist/tex/generic/pgf/math/pgfmathutil.code.tex)
(/usr/share/texlive/texmf-dist/tex/generic/pgf/math/pgfmathparser.code.tex
\pgfmath@dimen=\dimen155
\pgfmath@count=\count266
\pgfmath@box=\box52
\pgfmath@toks=\toks25
\pgfmath@stack@operand=\toks26
\pgfmath@stack@operation=\toks27
)
(/usr/share/texlive/texmf-dist/tex/generic/pgf/math/pgfmathfunctions.code.tex)
(/usr/share/texlive/texmf-dist/tex/generic/pgf/math/pgfmathfunctions.basic.code
.tex)
(/usr/share/texlive/texmf-dist/tex/generic/pgf/math/pgfmathfunctions.trigonomet
ric.code.tex)
(/usr/share/texlive/texmf-dist/tex/generic/pgf/math/pgfmathfunctions.random.cod
e.tex)
(/usr/share/texlive/texmf-dist/tex/generic/pgf/math/pgfmathfunctions.comparison
.code.tex)
(/usr/share/texlive/texmf-dist/tex/generic/pgf/math/pgfmathfunctions.base.code.
tex)
(/usr/share/texlive/texmf-dist/tex/generic/pgf/math/pgfmathfunctions.round.code
.tex)
(/usr/share/texlive/texmf-dist/tex/generic/pgf/math/pgfmathfunctions.misc.code.
tex)
(/usr/share/texlive/texmf-dist/tex/generic/pgf/math/pgfmathfunctions.integerari
thmetics.code.tex)
(/usr/share/texlive/texmf-dist/tex/generic/pgf/math/pgfmathcalc.code.tex)
(/usr/share/texlive/texmf-dist/tex/generic/pgf/math/pgfmathfloat.code.tex
\c@pgfmathroundto@lastzeros=\count267
))
(/usr/share/texlive/texmf-dist/tex/generic/pgf/math/pgfint.code.tex)
(/usr/share/texlive/texmf-dist/tex/generic/pgf/basiclayer/pgfcorepoints.code.te
x
File: pgfcorepoints.code.tex 2023-01-15 v3.1.10 (3.1.10)
\pgf@picminx=\dimen156
\pgf@picmaxx=\dimen157
\pgf@picminy=\dimen158
\pgf@picmaxy=\dimen159
\pgf@pathminx=\dimen160
\pgf@pathmaxx=\dimen161
\pgf@pathminy=\dimen162
\pgf@pathmaxy=\dimen163
\pgf@xx=\dimen164
\pgf@xy=\dimen165
\pgf@yx=\dimen166
\pgf@yy=\dimen167
\pgf@zx=\dimen168
\pgf@zy=\dimen169
)
(/usr/share/texlive/texmf-dist/tex/generic/pgf/basiclayer/pgfcorepathconstruct.
code.tex
File: pgfcorepathconstruct.code.tex 2023-01-15 v3.1.10 (3.1.10)
\pgf@path@lastx=\dimen170
\pgf@path@lasty=\dimen171
)
(/usr/share/texlive/texmf-dist/tex/generic/pgf/basiclayer/pgfcorepathusage.code
.tex
File: pgfcorepathusage.code.tex 2023-01-15 v3.1.10 (3.1.10)
\pgf@shorten@end@additional=\dimen172
\pgf@shorten@start@additional=\dimen173
)
(/usr/share/texlive/texmf-dist/tex/generic/pgf/basiclayer/pgfcorescopes.code.te
x
File: pgfcorescopes.code.tex 2023-01-15 v3.1.10 (3.1.10)
\pgfpic=\box53
\pgf@hbox=\box54
\pgf@layerbox@main=\box55
\pgf@picture@serial@count=\count268
)
(/usr/share/texlive/texmf-dist/tex/generic/pgf/basiclayer/pgfcoregraphicstate.c
ode.tex
File: pgfcoregraphicstate.code.tex 2023-01-15 v3.1.10 (3.1.10)
\pgflinewidth=\dimen174
)
(/usr/share/texlive/texmf-dist/tex/generic/pgf/basiclayer/pgfcoretransformation
s.code.tex
File: pgfcoretransformations.code.tex 2023-01-15 v3.1.10 (3.1.10)
\pgf@pt@x=\dimen175
\pgf@pt@y=\dimen176
\pgf@pt@temp=\dimen177
)
(/usr/share/texlive/texmf-dist/tex/generic/pgf/basiclayer/pgfcorequick.code.tex
File: pgfcorequick.code.tex 2023-01-15 v3.1.10 (3.1.10)
)
(/usr/share/texlive/texmf-dist/tex/generic/pgf/basiclayer/pgfcoreobjects.code.t
ex
File: pgfcoreobjects.code.tex 2023-01-15 v3.1.10 (3.1.10)
)
(/usr/share/texlive/texmf-dist/tex/generic/pgf/basiclayer/pgfcorepathprocessing
.code.tex
File: pgfcorepathprocessing.code.tex 2023-01-15 v3.1.10 (3.1.10)
)
(/usr/share/texlive/texmf-dist/tex/generic/pgf/basiclayer/pgfcorearrows.code.te
x
File: pgfcorearrows.code.tex 2023-01-15 v3.1.10 (3.1.10)
\pgfarrowsep=\dimen178
)
(/usr/share/texlive/texmf-dist/tex/generic/pgf/basiclayer/pgfcoreshade.code.tex
File: pgfcoreshade.code.tex 2023-01-15 v3.1.10 (3.1.10)
\pgf@max=\dimen179
\pgf@sys@shading@range@num=\count269
\pgf@shadingcount=\count270
)
(/usr/share/texlive/texmf-dist/tex/generic/pgf/basiclayer/pgfcoreimage.code.tex
File: pgfcoreimage.code.tex 2023-01-15 v3.1.10 (3.1.10)
)
(/usr/share/texlive/texmf-dist/tex/generic/pgf/basiclayer/pgfcoreexternal.code.
tex
File: pgfcoreexternal.code.tex 2023-01-15 v3.1.10 (3.1.10)
\pgfexternal@startupbox=\box56
)
(/usr/share/texlive/texmf-dist/tex/generic/pgf/basiclayer/pgfcorelayers.code.te
x
File: pgfcorelayers.code.tex 2023-01-15 v3.1.10 (3.1.10)
)
(/usr/share/texlive/texmf-dist/tex/generic/pgf/basiclayer/pgfcoretransparency.c
ode.tex
File: pgfcoretransparency.code.tex 2023-01-15 v3.1.10 (3.1.10)
)
(/usr/share/texlive/texmf-dist/tex/generic/pgf/basiclayer/pgfcorepatterns.code.
tex
File: pgfcorepatterns.code.tex 2023-01-15 v3.1.10 (3.1.10)
)
(/usr/share/texlive/texmf-dist/tex/generic/pgf/basiclayer/pgfcorerdf.code.tex
File: pgfcorerdf.code.tex 2023-01-15 v3.1.10 (3.1.10)
)))
(/usr/share/texlive/texmf-dist/tex/generic/pgf/modules/pgfmoduleshapes.code.tex
File: pgfmoduleshapes.code.tex 2023-01-15 v3.1.10 (3.1.10)
\pgfnodeparttextbox=\box57
) (/usr/share/texlive/texmf-dist/tex/generic/pgf/modules/pgfmoduleplot.code.tex
File: pgfmoduleplot.code.tex 2023-01-15 v3.1.10 (3.1.10)
)
(/usr/share/texlive/texmf-dist/tex/latex/pgf/compatibility/pgfcomp-version-0-65
.sty
Package: pgfcomp-version-0-65 2023-01-15 v3.1.10 (3.1.10)
\pgf@nodesepstart=\dimen180
\pgf@nodesepend=\dimen181
)
(/usr/share/texlive/texmf-dist/tex/latex/pgf/compatibility/pgfcomp-version-1-18
.sty
Package: pgfcomp-version-1-18 2023-01-15 v3.1.10 (3.1.10)
)) (/usr/share/texlive/texmf-dist/tex/latex/pgf/utilities/pgffor.sty
(/usr/share/texlive/texmf-dist/tex/latex/pgf/utilities/pgfkeys.sty
(/usr/share/texlive/texmf-dist/tex/generic/pgf/utilities/pgfkeys.code.tex))
(/usr/share/texlive/texmf-dist/tex/latex/pgf/math/pgfmath.sty
(/usr/share/texlive/texmf-dist/tex/generic/pgf/math/pgfmath.code.tex))
(/usr/share/texlive/texmf-dist/tex/generic/pgf/utilities/pgffor.code.tex
Package: pgffor 2023-01-15 v3.1.10 (3.1.10)
\pgffor@iter=\dimen182
\pgffor@skip=\dimen183
\pgffor@stack=\toks28
\pgffor@toks=\toks29
))
(/usr/share/texlive/texmf-dist/tex/generic/pgf/frontendlayer/tikz/tikz.code.tex
Package: tikz 2023-01-15 v3.1.10 (3.1.10)

(/usr/share/texlive/texmf-dist/tex/generic/pgf/libraries/pgflibraryplothandlers
.code.tex
File: pgflibraryplothandlers.code.tex 2023-01-15 v3.1.10 (3.1.10)
\pgf@plot@mark@count=\count271
\pgfplotmarksize=\dimen184
)
\tikz@lastx=\dimen185
\tikz@lasty=\dimen186
\tikz@lastxsaved=\dimen187
\tikz@lastysaved=\dimen188
\tikz@lastmovetox=\dimen189
\tikz@lastmovetoy=\dimen190
\tikzleveldistance=\dimen191
\tikzsiblingdistance=\dimen192
\tikz@figbox=\box58
\tikz@figbox@bg=\box59
\tikz@tempbox=\box60
\tikz@tempbox@bg=\box61
\tikztreelevel=\count272
\tikznumberofchildren=\count273
\tikznumberofcurrentchild=\count274
\tikz@fig@count=\count275

(/usr/share/texlive/texmf-dist/tex/generic/pgf/modules/pgfmodulematrix.code.tex
File: pgfmodulematrix.code.tex 2023-01-15 v3.1.10 (3.1.10)
\pgfmatrixcurrentrow=\count276
\pgfmatrixcurrentcolumn=\count277
\pgf@matrix@numberofcolumns=\count278
)
\tikz@expandcount=\count279

(/usr/share/texlive/texmf-dist/tex/generic/pgf/frontendlayer/tikz/libraries/tik
zlibrarytopaths.code.tex
File: tikzlibrarytopaths.code.tex 2023-01-15 v3.1.10 (3.1.10)
)))
(/usr/share/texlive/texmf-dist/tex/generic/pgf/frontendlayer/tikz/libraries/tik
zlibrarycalc.code.tex
File: tikzlibrarycalc.code.tex 2023-01-15 v3.1.10 (3.1.10)
)
(/usr/share/texlive/texmf-dist/tex/generic/pgf/libraries/pgflibraryarrows.meta.
code.tex
File: pgflibraryarrows.meta.code.tex 2023-01-15 v3.1.10 (3.1.10)
\pgfarrowinset=\dimen193
\pgfarrowlength=\dimen194
\pgfarrowwidth=\dimen195
\pgfarrowlinewidth=\dimen196
)
(/usr/share/texlive/texmf-dist/tex/generic/pgf/frontendlayer/tikz/libraries/tik
zlibrarybending.code.tex
File: tikzlibrarybending.code.tex 2023-01-15 v3.1.10 (3.1.10)

(/usr/share/texlive/texmf-dist/tex/generic/pgf/modules/pgfmodulebending.code.te
x
File: pgfmodulebending.code.tex 2023-01-15 v3.1.10 (3.1.10)

(/usr/share/texlive/texmf-dist/tex/generic/pgf/modules/pgfmodulenonlineartransf
ormations.code.tex
File: pgfmodulenonlineartransformations.code.tex 2023-01-15 v3.1.10 (3.1.10)
\pgftransformnonlinearflatness=\dimen197
)
(/usr/share/texlive/texmf-dist/tex/generic/pgf/libraries/pgflibrarycurvilinear.
code.tex
File: pgflibrarycurvilinear.code.tex 2023-01-15 v3.1.10 (3.1.10)
\pgf@curvilinear@time@a=\dimen198
\pgf@curvilinear@length@a=\dimen199
\pgf@curvilinear@length@b=\dimen256
\pgf@curvilinear@length@c=\dimen257
\pgf@curvilinear@length@d=\dimen258
)
\pgf@arrows@the@rigidity=\dimen259
))
(/usr/share/texlive/texmf-dist/tex/generic/pgf/frontendlayer/tikz/libraries/tik
zlibraryfpu.code.tex
(/usr/share/texlive/texmf-dist/tex/generic/pgf/libraries/pgflibraryfpu.code.tex
)) (/usr/share/texlive/texmf-dist/tex/generic/circuitikz/pgfcirc.defines.tex
\pgf@circ@count@a=\count280
\pgf@circ@count@b=\count281
\pgf@circ@count@c=\count282
\pgf@circ@res@up=\dimen260
\pgf@circ@res@down=\dimen261
\pgf@circ@res@zero=\dimen262
\pgf@circ@res@left=\dimen263
\pgf@circ@res@right=\dimen264
\pgf@circ@res@other=\dimen265
\pgf@circ@res@step=\dimen266
\pgf@circ@res@temp=\dimen267
\pgf@circ@Rlen=\dimen268
\pgf@circ@scaled@Rlen=\dimen269
\pgfstartlinewidth=\dimen270
)
(/usr/share/texlive/texmf-dist/tex/generic/circuitikz/pgfcircutils.tex
\ctikz@scratchbox=\box62
)
(/usr/share/texlive/texmf-dist/tex/generic/circuitikz/pgfcircpath.tex)
(/usr/share/texlive/texmf-dist/tex/generic/circuitikz/pgfcircshapes.tex)
(/usr/share/texlive/texmf-dist/tex/generic/circuitikz/pgfcircmonopoles.tex)
(/usr/share/texlive/texmf-dist/tex/generic/circuitikz/pgfcircbipoles.tex)
(/usr/share/texlive/texmf-dist/tex/generic/circuitikz/pgfcirctripoles.tex
\pgf@circ@res@count=\count283
)
(/usr/share/texlive/texmf-dist/tex/generic/circuitikz/pgfcircquadpoles.tex)
(/usr/share/texlive/texmf-dist/tex/generic/circuitikz/pgfcircmultipoles.tex)
(/usr/share/texlive/texmf-dist/tex/generic/circuitikz/pgfcirclabel.tex)
(/usr/share/texlive/texmf-dist/tex/generic/circuitikz/pgfcircvoltage.tex
\pgfcirc@labelshift=\dimen271
)
(/usr/share/texlive/texmf-dist/tex/generic/circuitikz/pgfcirccurrent.tex)
(/usr/share/texlive/texmf-dist/tex/generic/circuitikz/pgfcircflow.tex))
(/usr/share/texlive/texmf-dist/tex/latex/pgfplots/pgfplotstable.sty
(/usr/share/texlive/texmf-dist/tex/generic/pgfplots/pgfplots.revision.tex)
Package: pgfplotstable 2021/05/15 v1.18.1 Table typesetting and Pretty-printing
 (1.18.1)

(/usr/share/texlive/texmf-dist/tex/latex/pgfplots/pgfplots.sty
(/usr/share/texlive/texmf-dist/tex/generic/pgfplots/pgfplots.revision.tex)
Package: pgfplots 2021/05/15 v1.18.1 Data Visualization (1.18.1)

(/usr/share/texlive/texmf-dist/tex/generic/pgfplots/pgfplots.code.tex
(/usr/share/texlive/texmf-dist/tex/generic/pgfplots/pgfplotscore.code.tex
\t@pgfplots@toka=\toks30
\t@pgfplots@tokb=\toks31
\t@pgfplots@tokc=\toks32
\pgfplots@tmpa=\dimen272
\c@pgfplots@coordindex=\count284
\c@pgfplots@scanlineindex=\count285

(/usr/share/texlive/texmf-dist/tex/generic/pgfplots/sys/pgfplotssysgeneric.code
.tex))
(/usr/share/texlive/texmf-dist/tex/generic/pgfplots/libs/pgfplotslibrary.code.t
ex)
(/usr/share/texlive/texmf-dist/tex/generic/pgfplots/oldpgfcompatib/pgfplotsoldp
gfsupp_loader.code.tex
Package pgfplots: loading complementary utilities for your pgf version...
\t@pgf@toka=\toks33
\t@pgf@tokb=\toks34
\t@pgf@tokc=\toks35

(/usr/share/texlive/texmf-dist/tex/generic/pgfplots/oldpgfcompatib/pgfplotsoldp
gfsupp_pgfutil-common-lists.tex))
(/usr/share/texlive/texmf-dist/tex/generic/pgfplots/util/pgfplotsutil.code.tex
(/usr/share/texlive/texmf-dist/tex/generic/pgfplots/liststructure/pgfplotslists
tructure.code.tex)
(/usr/share/texlive/texmf-dist/tex/generic/pgfplots/liststructure/pgfplotslists
tructureext.code.tex)
(/usr/share/texlive/texmf-dist/tex/generic/pgfplots/liststructure/pgfplotsarray
.code.tex
\c@pgfplotsarray@tmp=\count286
)
(/usr/share/texlive/texmf-dist/tex/generic/pgfplots/liststructure/pgfplotsmatri
x.code.tex)
(/usr/share/texlive/texmf-dist/tex/generic/pgfplots/numtable/pgfplotstableshare
d.code.tex
\c@pgfplotstable@counta=\count287
\t@pgfplotstable@a=\toks36
)
(/usr/share/texlive/texmf-dist/tex/generic/pgfplots/liststructure/pgfplotsdeque
.code.tex)
(/usr/share/texlive/texmf-dist/tex/generic/pgfplots/util/pgfplotsbinary.code.te
x
(/usr/share/texlive/texmf-dist/tex/generic/pgfplots/util/pgfplotsbinary.data.co
de.tex))
(/usr/share/texlive/texmf-dist/tex/generic/pgfplots/util/pgfplotsutil.verb.code
.tex)
(/usr/share/texlive/texmf-dist/tex/generic/pgfplots/libs/pgflibrarypgfplots.sur
fshading.code.tex
\c@pgfplotslibrarysurf@no=\count288

(/usr/share/texlive/texmf-dist/tex/generic/pgfplots/sys/pgflibrarypgfplots.surf
shading.pgfsys-xetex.def
(/usr/share/texlive/texmf-dist/tex/generic/pgfplots/sys/pgflibrarypgfplots.surf
shading.pgfsys-dvipdfmx.def
\c@pgfplotslibrarysurf@streamlen=\count289
))))
(/usr/share/texlive/texmf-dist/tex/generic/pgfplots/util/pgfplotscolormap.code.
tex
(/usr/share/texlive/texmf-dist/tex/generic/pgfplots/util/pgfplotscolor.code.tex
))
(/usr/share/texlive/texmf-dist/tex/generic/pgfplots/pgfplotsstackedplots.code.t
ex)
(/usr/share/texlive/texmf-dist/tex/generic/pgfplots/pgfplotsplothandlers.code.t
ex
(/usr/share/texlive/texmf-dist/tex/generic/pgfplots/pgfplotsmeshplothandler.cod
e.tex
(/usr/share/texlive/texmf-dist/tex/generic/pgfplots/pgfplotsmeshplotimage.code.
tex)))
(/usr/share/texlive/texmf-dist/tex/generic/pgfplots/pgfplots.scaling.code.tex)
(/usr/share/texlive/texmf-dist/tex/generic/pgfplots/pgfplotscoordprocessing.cod
e.tex)
(/usr/share/texlive/texmf-dist/tex/generic/pgfplots/pgfplots.errorbars.code.tex
) (/usr/share/texlive/texmf-dist/tex/generic/pgfplots/pgfplots.markers.code.tex
) (/usr/share/texlive/texmf-dist/tex/generic/pgfplots/pgfplotsticks.code.tex)
(/usr/share/texlive/texmf-dist/tex/generic/pgfplots/pgfplots.paths.code.tex)
(/usr/share/texlive/texmf-dist/tex/generic/pgf/frontendlayer/tikz/libraries/tik
zlibrarydecorations.code.tex
(/usr/share/texlive/texmf-dist/tex/generic/pgf/modules/pgfmoduledecorations.cod
e.tex
\pgfdecoratedcompleteddistance=\dimen273
\pgfdecoratedremainingdistance=\dimen274
\pgfdecoratedinputsegmentcompleteddistance=\dimen275
\pgfdecoratedinputsegmentremainingdistance=\dimen276
\pgf@decorate@distancetomove=\dimen277
\pgf@decorate@repeatstate=\count290
\pgfdecorationsegmentamplitude=\dimen278
\pgfdecorationsegmentlength=\dimen279
)
\tikz@lib@dec@box=\box63
)
(/usr/share/texlive/texmf-dist/tex/generic/pgf/frontendlayer/tikz/libraries/tik
zlibrarydecorations.pathmorphing.code.tex
(/usr/share/texlive/texmf-dist/tex/generic/pgf/libraries/decorations/pgflibrary
decorations.pathmorphing.code.tex))
(/usr/share/texlive/texmf-dist/tex/generic/pgf/frontendlayer/tikz/libraries/tik
zlibrarydecorations.pathreplacing.code.tex
(/usr/share/texlive/texmf-dist/tex/generic/pgf/libraries/decorations/pgflibrary
decorations.pathreplacing.code.tex))
(/usr/share/texlive/texmf-dist/tex/generic/pgfplots/libs/tikzlibrarypgfplots.co
ntourlua.code.tex)
\pgfplots@numplots=\count291
\pgfplots@xmin@reg=\dimen280
\pgfplots@xmax@reg=\dimen281
\pgfplots@ymin@reg=\dimen282
\pgfplots@ymax@reg=\dimen283
\pgfplots@zmin@reg=\dimen284
\pgfplots@zmax@reg=\dimen285
)
(/usr/share/texlive/texmf-dist/tex/generic/pgf/frontendlayer/tikz/libraries/tik
zlibraryplotmarks.code.tex
File: tikzlibraryplotmarks.code.tex 2023-01-15 v3.1.10 (3.1.10)

(/usr/share/texlive/texmf-dist/tex/generic/pgf/libraries/pgflibraryplotmarks.co
de.tex
File: pgflibraryplotmarks.code.tex 2023-01-15 v3.1.10 (3.1.10)
)))
(/usr/share/texlive/texmf-dist/tex/generic/pgfplots/numtable/pgfplotstable.code
.tex
(/usr/share/texlive/texmf-dist/tex/generic/pgfplots/numtable/pgfplotstable.colt
ype.code.tex)) (/usr/share/texlive/texmf-dist/tex/latex/tools/array.sty
Package: array 2023/10/16 v2.5g Tabular extension package (FMi)
\col@sep=\dimen286
\ar@mcellbox=\box64
\extrarowheight=\dimen287
\NC@list=\toks37
\extratabsurround=\skip50
\backup@length=\skip51
\ar@cellbox=\box65
))
(/usr/share/texlive/texmf-dist/tex/latex/tikz-3dplot/tikz-3dplot.sty
(/usr/share/texlive/texmf-dist/tex/latex/base/ifthen.sty
Package: ifthen 2022/04/13 v1.1d Standard LaTeX ifthen package (DPC)
)
(/usr/share/texlive/texmf-dist/tex/generic/pgf/frontendlayer/tikz/libraries/tik
zlibrary3d.code.tex
File: tikzlibrary3d.code.tex 2023-01-15 v3.1.10 (3.1.10)
)
(/usr/share/texlive/texmf-dist/tex/generic/pgf/frontendlayer/tikz/libraries/tik
zlibraryarrows.code.tex
File: tikzlibraryarrows.code.tex 2023-01-15 v3.1.10 (3.1.10)

(/usr/share/texlive/texmf-dist/tex/generic/pgf/libraries/pgflibraryarrows.code.
tex
File: pgflibraryarrows.code.tex 2023-01-15 v3.1.10 (3.1.10)
\arrowsize=\dimen288
)))
(/usr/share/texlive/texmf-dist/tex/generic/pgfplots/libs/tikzlibrarypgfplots.un
its.code.tex)
(/usr/share/texlive/texmf-dist/tex/generic/pgfplots/libs/tikzlibrarypgfplots.po
lar.code.tex) (/usr/share/texlive/texmf-dist/tex/latex/oberdiek/ifdraft.sty
Package: ifdraft 2016/05/16 v1.4 Detect class options draft and final (HO)
)
(/usr/share/texlive/texmf-dist/tex/latex/tools/multicol.sty
Package: multicol 2023/03/30 v1.9f multicolumn formatting (FMi)
\c@tracingmulticols=\count292
\mult@box=\box66
\multicol@leftmargin=\dimen289
\c@unbalance=\count293
\c@collectmore=\count294
\doublecol@number=\count295
\multicoltolerance=\count296
\multicolpretolerance=\count297
\full@width=\dimen290
\page@free=\dimen291
\premulticols=\dimen292
\postmulticols=\dimen293
\multicolsep=\skip52
\multicolbaselineskip=\skip53
\partial@page=\box67
\last@line=\box68
\mc@boxedresult=\box69
\maxbalancingoverflow=\dimen294
\mult@rightbox=\box70
\mult@grightbox=\box71
\mult@firstbox=\box72
\mult@gfirstbox=\box73
\@tempa=\box74
\@tempa=\box75
\@tempa=\box76
\@tempa=\box77
\@tempa=\box78
\@tempa=\box79
\@tempa=\box80
\@tempa=\box81
\@tempa=\box82
\@tempa=\box83
\@tempa=\box84
\@tempa=\box85
\@tempa=\box86
\@tempa=\box87
\@tempa=\box88
\@tempa=\box89
\@tempa=\box90
\@tempa=\box91
\@tempa=\box92
\@tempa=\box93
\@tempa=\box94
\@tempa=\box95
\@tempa=\box96
\@tempa=\box97
\@tempa=\box98
\@tempa=\box99
\@tempa=\box100
\@tempa=\box101
\@tempa=\box102
\@tempa=\box103
\@tempa=\box104
\@tempa=\box105
\@tempa=\box106
\@tempa=\box107
\@tempa=\box108
\@tempa=\box109
\c@minrows=\count298
\c@columnbadness=\count299
\c@finalcolumnbadness=\count300
\last@try=\dimen295
\multicolovershoot=\dimen296
\multicolundershoot=\dimen297
\mult@nat@firstbox=\box110
\colbreak@box=\box111
\mc@col@check@num=\count301
)
(/usr/share/texlive/texmf-dist/tex/latex/tools/enumerate.sty
Package: enumerate 2023/07/04 v3.00 enumerate extensions (DPC)
\@enLab=\toks38
)
(/usr/share/texlive/texmf-dist/tex/generic/pgf/frontendlayer/tikz/libraries/tik
zlibraryshapes.code.tex
File: tikzlibraryshapes.code.tex 2023-01-15 v3.1.10 (3.1.10)

(/usr/share/texlive/texmf-dist/tex/generic/pgf/frontendlayer/tikz/libraries/tik
zlibraryshapes.geometric.code.tex
File: tikzlibraryshapes.geometric.code.tex 2023-01-15 v3.1.10 (3.1.10)

(/usr/share/texlive/texmf-dist/tex/generic/pgf/libraries/shapes/pgflibraryshape
s.geometric.code.tex
File: pgflibraryshapes.geometric.code.tex 2023-01-15 v3.1.10 (3.1.10)
))
(/usr/share/texlive/texmf-dist/tex/generic/pgf/frontendlayer/tikz/libraries/tik
zlibraryshapes.misc.code.tex
File: tikzlibraryshapes.misc.code.tex 2023-01-15 v3.1.10 (3.1.10)

(/usr/share/texlive/texmf-dist/tex/generic/pgf/libraries/shapes/pgflibraryshape
s.misc.code.tex
File: pgflibraryshapes.misc.code.tex 2023-01-15 v3.1.10 (3.1.10)
))
(/usr/share/texlive/texmf-dist/tex/generic/pgf/frontendlayer/tikz/libraries/tik
zlibraryshapes.symbols.code.tex
File: tikzlibraryshapes.symbols.code.tex 2023-01-15 v3.1.10 (3.1.10)

(/usr/share/texlive/texmf-dist/tex/generic/pgf/libraries/shapes/pgflibraryshape
s.symbols.code.tex
File: pgflibraryshapes.symbols.code.tex 2023-01-15 v3.1.10 (3.1.10)
))
(/usr/share/texlive/texmf-dist/tex/generic/pgf/frontendlayer/tikz/libraries/tik
zlibraryshapes.arrows.code.tex
File: tikzlibraryshapes.arrows.code.tex 2023-01-15 v3.1.10 (3.1.10)

(/usr/share/texlive/texmf-dist/tex/generic/pgf/libraries/shapes/pgflibraryshape
s.arrows.code.tex
File: pgflibraryshapes.arrows.code.tex 2023-01-15 v3.1.10 (3.1.10)
))
(/usr/share/texlive/texmf-dist/tex/generic/pgf/frontendlayer/tikz/libraries/tik
zlibraryshapes.callouts.code.tex
(/usr/share/texlive/texmf-dist/tex/generic/pgf/libraries/shapes/pgflibraryshape
s.callouts.code.tex))
(/usr/share/texlive/texmf-dist/tex/generic/pgf/frontendlayer/tikz/libraries/tik
zlibraryshapes.multipart.code.tex
File: tikzlibraryshapes.multipart.code.tex 2023-01-15 v3.1.10 (3.1.10)

(/usr/share/texlive/texmf-dist/tex/generic/pgf/libraries/shapes/pgflibraryshape
s.multipart.code.tex
File: pgflibraryshapes.multipart.code.tex 2023-01-15 v3.1.10 (3.1.10)
\pgfnodepartlowerbox=\box112
\pgfnodeparttwobox=\box113
\pgfnodepartthreebox=\box114
\pgfnodepartfourbox=\box115
\pgfnodeparttwentybox=\box116
\pgfnodepartnineteenbox=\box117
\pgfnodeparteighteenbox=\box118
\pgfnodepartseventeenbox=\box119
\pgfnodepartsixteenbox=\box120
\pgfnodepartfifteenbox=\box121
\pgfnodepartfourteenbox=\box122
\pgfnodepartthirteenbox=\box123
\pgfnodeparttwelvebox=\box124
\pgfnodepartelevenbox=\box125
\pgfnodeparttenbox=\box126
\pgfnodepartninebox=\box127
\pgfnodeparteightbox=\box128
\pgfnodepartsevenbox=\box129
\pgfnodepartsixbox=\box130
\pgfnodepartfivebox=\box131
)))
(/usr/share/texlive/texmf-dist/tex/generic/pgf/frontendlayer/tikz/libraries/tik
zlibrarysnakes.code.tex
File: tikzlibrarysnakes.code.tex 2023-01-15 v3.1.10 (3.1.10)


Package pgf Warning: Snakes have been superseded by decorations. Please use the
 decoration libraries instead of the snakes library on input line 14.


(/usr/share/texlive/texmf-dist/tex/generic/pgf/frontendlayer/tikz/libraries/tik
zlibrarydecorations.shapes.code.tex
(/usr/share/texlive/texmf-dist/tex/generic/pgf/libraries/decorations/pgflibrary
decorations.shapes.code.tex)))
(/usr/share/texlive/texmf-dist/tex/generic/pgf/frontendlayer/tikz/libraries/tik
zlibraryshadings.code.tex
File: tikzlibraryshadings.code.tex 2023-01-15 v3.1.10 (3.1.10)

(/usr/share/texlive/texmf-dist/tex/generic/pgf/libraries/pgflibraryshadings.cod
e.tex
File: pgflibraryshadings.code.tex 2023-01-15 v3.1.10 (3.1.10)
))
(/usr/share/texlive/texmf-dist/tex/generic/pgf/frontendlayer/tikz/libraries/tik
zlibraryfadings.code.tex
File: tikzlibraryfadings.code.tex 2023-01-15 v3.1.10 (3.1.10)

(/usr/share/texlive/texmf-dist/tex/generic/pgf/libraries/pgflibraryfadings.code
.tex
File: pgflibraryfadings.code.tex 2023-01-15 v3.1.10 (3.1.10)
))
(/usr/share/texlive/texmf-dist/tex/generic/pgf/frontendlayer/tikz/libraries/tik
zlibraryintersections.code.tex
(/usr/share/texlive/texmf-dist/tex/generic/pgf/libraries/pgflibraryintersection
s.code.tex
\pgf@intersect@solutions=\count302
))
(/usr/share/texlive/texmf-dist/tex/generic/pgf/frontendlayer/tikz/libraries/tik
zlibrarydecorations.markings.code.tex
(/usr/share/texlive/texmf-dist/tex/generic/pgf/libraries/decorations/pgflibrary
decorations.markings.code.tex))
(/usr/share/texlive/texmf-dist/tex/latex/pgf/frontendlayer/libraries/tikzlibrar
yexternal.code.tex
(/usr/share/texlive/texmf-dist/tex/generic/pdftexcmds/pdftexcmds.sty
Package: pdftexcmds 2020-06-27 v0.33 Utility functions of pdfTeX for LuaTeX (HO
)

(/usr/share/texlive/texmf-dist/tex/generic/infwarerr/infwarerr.sty
Package: infwarerr 2019/12/03 v1.5 Providing info/warning/error messages (HO)
)
(/usr/share/texlive/texmf-dist/tex/generic/iftex/iftex.sty
Package: iftex 2022/02/03 v1.0f TeX engine tests
)
(/usr/share/texlive/texmf-dist/tex/generic/ltxcmds/ltxcmds.sty
Package: ltxcmds 2023-12-04 v1.26 LaTeX kernel commands for general use (HO)
)
Package pdftexcmds Info: \pdf@primitive is available.
Package pdftexcmds Info: \pdf@ifprimitive is available.
Package pdftexcmds Info: \pdfdraftmode not found.
)
(/usr/share/texlive/texmf-dist/tex/latex/base/atveryend-ltx.sty
Package: atveryend-ltx 2020/08/19 v1.0a Emulation of the original atveryend pac
kage
with kernel methods
)
(/usr/share/texlive/texmf-dist/tex/generic/pgf/frontendlayer/tikz/libraries/tik
zexternalshared.code.tex))
(/usr/share/texlive/texmf-dist/tex/generic/pgf/frontendlayer/tikz/libraries/tik
zlibrarypatterns.code.tex
File: tikzlibrarypatterns.code.tex 2023-01-15 v3.1.10 (3.1.10)

(/usr/share/texlive/texmf-dist/tex/generic/pgf/libraries/pgflibrarypatterns.cod
e.tex
File: pgflibrarypatterns.code.tex 2023-01-15 v3.1.10 (3.1.10)
)) (/usr/share/texlive/texmf-dist/tex/latex/koma-script/scrextend.sty
Package: scrextend 2023/07/07 v3.41 KOMA-Script package (extend other classes w
ith features of KOMA-Script classes)

(/usr/share/texlive/texmf-dist/tex/latex/koma-script/scrkbase.sty
Package: scrkbase 2023/07/07 v3.41 KOMA-Script package (KOMA-Script-dependent b
asics and keyval usage)

(/usr/share/texlive/texmf-dist/tex/latex/koma-script/scrbase.sty
Package: scrbase 2023/07/07 v3.41 KOMA-Script package (KOMA-Script-independent 
basics and keyval usage)

(/usr/share/texlive/texmf-dist/tex/latex/koma-script/scrlfile.sty
Package: scrlfile 2023/07/07 v3.41 KOMA-Script package (file load hooks)

(/usr/share/texlive/texmf-dist/tex/latex/koma-script/scrlfile-hook.sty
Package: scrlfile-hook 2023/07/07 v3.41 KOMA-Script package (using LaTeX hooks)


(/usr/share/texlive/texmf-dist/tex/latex/koma-script/scrlogo.sty
Package: scrlogo 2023/07/07 v3.41 KOMA-Script package (logo)
)))
Applying: [2021/05/01] Usage of raw or classic option list on input line 252.
Already applied: [0000/00/00] Usage of raw or classic option list on input line
 368.
)))
(./tex/khalidUrduBooks.sty

LaTeX Warning: You have requested package `./tex/khalidUrduBooks',
               but the package provides `khalidUrduBooks'.

Package: khalidUrduBooks 
(/usr/share/texlive/texmf-dist/tex/latex/fontspec/fontspec.sty
(/usr/share/texlive/texmf-dist/tex/latex/l3packages/xparse/xparse.sty
(/usr/share/texlive/texmf-dist/tex/latex/l3kernel/expl3.sty
Package: expl3 2024-01-22 L3 programming layer (loader) 

(/usr/share/texlive/texmf-dist/tex/latex/l3backend/l3backend-xetex.def
File: l3backend-xetex.def 2024-01-04 L3 backend support: XeTeX
\g__graphics_track_int=\count303
\l__pdf_internal_box=\box132
\g__pdf_backend_object_int=\count304
\g__pdf_backend_annotation_int=\count305
\g__pdf_backend_link_int=\count306
))
Package: xparse 2023-10-10 L3 Experimental document command parser
)
Package: fontspec 2022/01/15 v2.8a Font selection for XeLaTeX and LuaLaTeX

(/usr/share/texlive/texmf-dist/tex/latex/fontspec/fontspec-xetex.sty
Package: fontspec-xetex 2022/01/15 v2.8a Font selection for XeLaTeX and LuaLaTe
X
\l__fontspec_script_int=\count307
\l__fontspec_language_int=\count308
\l__fontspec_strnum_int=\count309
\l__fontspec_tmp_int=\count310
\l__fontspec_tmpa_int=\count311
\l__fontspec_tmpb_int=\count312
\l__fontspec_tmpc_int=\count313
\l__fontspec_em_int=\count314
\l__fontspec_emdef_int=\count315
\l__fontspec_strong_int=\count316
\l__fontspec_strongdef_int=\count317
\l__fontspec_tmpa_dim=\dimen298
\l__fontspec_tmpb_dim=\dimen299
\l__fontspec_tmpc_dim=\dimen300

(/usr/share/texlive/texmf-dist/tex/latex/base/fontenc.sty
Package: fontenc 2021/04/29 v2.0v Standard LaTeX package
)
(/usr/share/texlive/texmf-dist/tex/latex/fontspec/fontspec.cfg)))
(/usr/share/texlive/texmf-dist/tex/latex/base/makeidx.sty
Package: makeidx 2021/10/04 v1.0m Standard LaTeX package
)
(/usr/share/texlive/texmf-dist/tex/latex/amsmath/amsmath.sty
Package: amsmath 2023/05/13 v2.17o AMS math features
\@mathmargin=\skip54

For additional information on amsmath, use the `?' option.
(/usr/share/texlive/texmf-dist/tex/latex/amsmath/amstext.sty
Package: amstext 2021/08/26 v2.01 AMS text

(/usr/share/texlive/texmf-dist/tex/latex/amsmath/amsgen.sty
File: amsgen.sty 1999/11/30 v2.0 generic functions
\@emptytoks=\toks39
\ex@=\dimen301
))
(/usr/share/texlive/texmf-dist/tex/latex/amsmath/amsbsy.sty
Package: amsbsy 1999/11/29 v1.2d Bold Symbols
\pmbraise@=\dimen302
)
(/usr/share/texlive/texmf-dist/tex/latex/amsmath/amsopn.sty
Package: amsopn 2022/04/08 v2.04 operator names
)
\inf@bad=\count318
LaTeX Info: Redefining \frac on input line 234.
\uproot@=\count319
\leftroot@=\count320
LaTeX Info: Redefining \overline on input line 399.
LaTeX Info: Redefining \colon on input line 410.
\classnum@=\count321
\DOTSCASE@=\count322
LaTeX Info: Redefining \ldots on input line 496.
LaTeX Info: Redefining \dots on input line 499.
LaTeX Info: Redefining \cdots on input line 620.
\Mathstrutbox@=\box133
\strutbox@=\box134
LaTeX Info: Redefining \big on input line 722.
LaTeX Info: Redefining \Big on input line 723.
LaTeX Info: Redefining \bigg on input line 724.
LaTeX Info: Redefining \Bigg on input line 725.
\big@size=\dimen303
LaTeX Font Info:    Redeclaring font encoding OML on input line 743.
LaTeX Font Info:    Redeclaring font encoding OMS on input line 744.
\macc@depth=\count323
LaTeX Info: Redefining \bmod on input line 905.
LaTeX Info: Redefining \pmod on input line 910.
LaTeX Info: Redefining \smash on input line 940.
LaTeX Info: Redefining \relbar on input line 970.
LaTeX Info: Redefining \Relbar on input line 971.
\c@MaxMatrixCols=\count324
\dotsspace@=\muskip16
\c@parentequation=\count325
\dspbrk@lvl=\count326
\tag@help=\toks40
\row@=\count327
\column@=\count328
\maxfields@=\count329
\andhelp@=\toks41
\eqnshift@=\dimen304
\alignsep@=\dimen305
\tagshift@=\dimen306
\tagwidth@=\dimen307
\totwidth@=\dimen308
\lineht@=\dimen309
\@envbody=\toks42
\multlinegap=\skip55
\multlinetaggap=\skip56
\mathdisplay@stack=\toks43
LaTeX Info: Redefining \[ on input line 2953.
LaTeX Info: Redefining \] on input line 2954.
)
(/usr/share/texlive/texmf-dist/tex/latex/amsfonts/amssymb.sty
Package: amssymb 2013/01/14 v3.01 AMS font symbols

(/usr/share/texlive/texmf-dist/tex/latex/amsfonts/amsfonts.sty
Package: amsfonts 2013/01/14 v3.01 Basic AMSFonts support
\symAMSa=\mathgroup4
\symAMSb=\mathgroup5
LaTeX Font Info:    Redeclaring math symbol \hbar on input line 98.
LaTeX Font Info:    Overwriting math alphabet `\mathfrak' in version `bold'
(Font)                  U/euf/m/n --> U/euf/b/n on input line 106.
))
(/usr/share/texlive/texmf-dist/tex/latex/amscls/amsthm.sty
Package: amsthm 2020/05/29 v2.20.6
\thm@style=\toks44
\thm@bodyfont=\toks45
\thm@headfont=\toks46
\thm@notefont=\toks47
\thm@headpunct=\toks48
\thm@preskip=\skip57
\thm@postskip=\skip58
\thm@headsep=\skip59
\dth@everypar=\toks49
)
(/usr/share/texlive/texmf-dist/tex/latex/mathtools/mathtools.sty
Package: mathtools 2022/06/29 v1.29 mathematical typesetting tools

(/usr/share/texlive/texmf-dist/tex/latex/tools/calc.sty
Package: calc 2023/07/08 v4.3 Infix arithmetic (KKT,FJ)
\calc@Acount=\count330
\calc@Bcount=\count331
\calc@Adimen=\dimen310
\calc@Bdimen=\dimen311
\calc@Askip=\skip60
\calc@Bskip=\skip61
LaTeX Info: Redefining \setlength on input line 80.
LaTeX Info: Redefining \addtolength on input line 81.
\calc@Ccount=\count332
\calc@Cskip=\skip62
)
(/usr/share/texlive/texmf-dist/tex/latex/mathtools/mhsetup.sty
Package: mhsetup 2021/03/18 v1.4 programming setup (MH)
)
\g_MT_multlinerow_int=\count333
\l_MT_multwidth_dim=\dimen312
\origjot=\skip63
\l_MT_shortvdotswithinadjustabove_dim=\dimen313
\l_MT_shortvdotswithinadjustbelow_dim=\dimen314
\l_MT_above_intertext_sep=\dimen315
\l_MT_below_intertext_sep=\dimen316
\l_MT_above_shortintertext_sep=\dimen317
\l_MT_below_shortintertext_sep=\dimen318
\xmathstrut@box=\box135
\xmathstrut@dim=\dimen319
)
(/usr/share/texlive/texmf-dist/tex/latex/commath/commath.sty
Invalid UTF-8 byte or sequence at line 6 replaced by U+FFFD.
Invalid UTF-8 byte or sequence at line 9 replaced by U+FFFD.
)
(/usr/share/texlive/texmf-dist/tex/latex/tools/bm.sty
Package: bm 2023/07/08 v1.2f Bold Symbol Support (DPC/FMi)
\symboldoperators=\mathgroup6
\symboldletters=\mathgroup7
\symboldsymbols=\mathgroup8
Package bm Info: No bold for \OMX/cmex/m/n, using \pmb.
Package bm Info: No bold for \U/msa/m/n, using \pmb.
Package bm Info: No bold for \U/msb/m/n, using \pmb.
LaTeX Font Info:    Redeclaring math alphabet \mathbf on input line 149.
)
(/usr/share/texlive/texmf-dist/tex/latex/lineno/lineno.sty
Package: lineno 2023/05/20 line numbers on paragraphs v5.3

(/usr/share/texlive/texmf-dist/tex/latex/etoolbox/etoolbox.sty
Package: etoolbox 2020/10/05 v2.5k e-TeX tools for LaTeX (JAW)
\etb@tempcnta=\count334
)
Invalid UTF-8 byte or sequence at line 292 replaced by U+FFFD.

(/usr/share/texlive/texmf-dist/tex/latex/kvoptions/kvoptions.sty
Package: kvoptions 2022-06-15 v3.15 Key value format for package options (HO)

(/usr/share/texlive/texmf-dist/tex/latex/kvsetkeys/kvsetkeys.sty
Package: kvsetkeys 2022-10-05 v1.19 Key value parser (HO)
))
\linenopenalty=\count335
\output=\toks50
\linenoprevgraf=\count336
\linenumbersep=\dimen320
\linenumberwidth=\dimen321
\c@linenumber=\count337
\c@pagewiselinenumber=\count338
\c@LN@truepage=\count339
\c@internallinenumber=\count340
\c@internallinenumbers=\count341
\quotelinenumbersep=\dimen322
\bframerule=\dimen323
\bframesep=\dimen324
\bframebox=\box136
\linenoamsmath@ams@eqpen=\count342
LaTeX Info: Redefining \\ on input line 3180.
)
(/usr/share/texlive/texmf-dist/tex/latex/cancel/cancel.sty
Package: cancel 2013/04/12 v2.2 Cancel math terms
)
(/usr/share/texlive/texmf-dist/tex/latex/psnfss/mathpazo.sty
Package: mathpazo 2020/03/25 PSNFSS-v9.3 Palatino w/ Pazo Math (D.Puga, WaS) 
\symupright=\mathgroup9
)
(/usr/share/texlive/texmf-dist/tex/latex/booktabs/booktabs.sty
Package: booktabs 2020/01/12 v1.61803398 Publication quality tables
\heavyrulewidth=\dimen325
\lightrulewidth=\dimen326
\cmidrulewidth=\dimen327
\belowrulesep=\dimen328
\belowbottomsep=\dimen329
\aboverulesep=\dimen330
\abovetopsep=\dimen331
\cmidrulesep=\dimen332
\cmidrulekern=\dimen333
\defaultaddspace=\dimen334
\@cmidla=\count343
\@cmidlb=\count344
\@aboverulesep=\dimen335
\@belowrulesep=\dimen336
\@thisruleclass=\count345
\@lastruleclass=\count346
\@thisrulewidth=\dimen337
)
(/usr/share/texlive/texmf-dist/tex/latex/parskip/parskip.sty
Package: parskip 2021-03-14 v2.0h non-zero parskip adjustments
)
(/usr/share/texlive/texmf-dist/tex/latex/footmisc/footmisc.sty
Package: footmisc 2023/07/05 v6.0f a miscellany of footnote facilities
\FN@temptoken=\toks51
\footnotemargin=\dimen338
\@outputbox@depth=\dimen339
Package footmisc Info: Declaring symbol style bringhurst on input line 696.
Package footmisc Info: Declaring symbol style chicago on input line 704.
Package footmisc Info: Declaring symbol style wiley on input line 713.
Package footmisc Info: Declaring symbol style lamport-robust on input line 724.

Package footmisc Info: Declaring symbol style lamport* on input line 744.
Package footmisc Info: Declaring symbol style lamport*-robust on input line 765
.
)
(/usr/share/texlive/texmf-dist/tex/latex/siunitx/siunitx.sty
Package: siunitx 2024-01-25 v3.3.10 A comprehensive (SI) units package
\l__siunitx_number_uncert_offset_int=\count347
\l__siunitx_number_exponent_fixed_int=\count348
\l__siunitx_number_min_decimal_int=\count349
\l__siunitx_number_min_integer_int=\count350
\l__siunitx_number_round_precision_int=\count351
\l__siunitx_number_lower_threshold_int=\count352
\l__siunitx_number_upper_threshold_int=\count353
\l__siunitx_number_group_first_int=\count354
\l__siunitx_number_group_size_int=\count355
\l__siunitx_number_group_minimum_int=\count356
\l__siunitx_angle_tmp_dim=\dimen340
\l__siunitx_angle_marker_box=\box137
\l__siunitx_angle_unit_box=\box138
\l__siunitx_compound_count_int=\count357

(/usr/share/texlive/texmf-dist/tex/latex/translations/translations.sty
Package: translations 2022/02/05 v1.12 internationalization of LaTeX2e packages
 (CN)
)
\l__siunitx_table_tmp_box=\box139
\l__siunitx_table_tmp_dim=\dimen341
\l__siunitx_table_column_width_dim=\dimen342
\l__siunitx_table_integer_box=\box140
\l__siunitx_table_decimal_box=\box141
\l__siunitx_table_uncert_box=\box142
\l__siunitx_table_before_box=\box143
\l__siunitx_table_after_box=\box144
\l__siunitx_table_before_dim=\dimen343
\l__siunitx_table_carry_dim=\dimen344
\l__siunitx_unit_tmp_int=\count358
\l__siunitx_unit_position_int=\count359
\l__siunitx_unit_total_int=\count360
)

Package siunitx Info: Option "input-symbols" has been deprecated in this
(siunitx)             release.
(siunitx)             
(siunitx)             Use "input-digits" as a replacement.


(/usr/share/texlive/texmf-dist/tex/latex/steinmetz/steinmetz.sty
Package: steinmetz 2009/06/14 v1.0 Steinmetz symbol for electrotechnics

(/usr/share/texlive/texmf-dist/tex/latex/pict2e/pict2e.sty
Package: pict2e 2020/09/30 v0.4b Improved picture commands (HjG,RN,JT)

(/usr/share/texlive/texmf-dist/tex/latex/pict2e/pict2e.cfg
File: pict2e.cfg 2016/02/05 v0.1u pict2e configuration for teTeX/TeXLive
)
Package pict2e Info: Driver file: xetex.def on input line 112.
Package pict2e Info: Driver file for pict2e: p2e-xetex.def on input line 114.

(/usr/share/texlive/texmf-dist/tex/latex/pict2e/p2e-xetex.def
File: p2e-xetex.def 2016/02/05 v0.1u Driver-dependant file (RN,HjG,JT)
)
\pIIe@GRAPH=\toks52
\@arclen=\dimen345
\@arcrad=\dimen346
\pIIe@tempdima=\dimen347
\pIIe@tempdimb=\dimen348
\pIIe@tempdimc=\dimen349
\pIIe@tempdimd=\dimen350
\pIIe@tempdime=\dimen351
\pIIe@tempdimf=\dimen352
)
\stm@phasebox=\box145
\stm@phasedp=\skip64
\stm@phaseht=\skip65
\stm@phasetot=\skip66
\stm@phasewd=\skip67
)
(/usr/share/texlive/texmf-dist/tex/latex/mhchem/mhchem.sty
Package: mhchem 2024/01/29 v4.10 for typesetting chemical formulae

(/usr/share/texlive/texmf-dist/tex/latex/l3packages/l3keys2e/l3keys2e.sty
Package: l3keys2e 2023-10-10 LaTeX2e option processing using LaTeX3 keys
)
(/usr/share/texlive/texmf-dist/tex/latex/chemgreek/chemgreek.sty
Package: chemgreek 2020/01/16 v1.1a interface for upright Greek letters for use
 in chemistry (CN)
\l__chemgreek_tmpa_int=\count361
\g__chemgreek_tmpa_int=\count362
)
\l__mhchem_ce_distanceFromLastComma_int=\count363
\__mhchem_arrow_extPgfLength_skip=\skip68
\mhchem@minispace@tmp=\skip69
\mhchem@minibackspace@tmp=\skip70
\mhchem@bondwidth=\skip71
\mhchem@bondheight=\skip72
\mhchem@smallbondwidth@tmpA=\skip73
\mhchem@smallbondwidth@tmpB=\skip74
\mhchem@smallbondwidth=\skip75
\mhchem@bondtmp@minussidebearingleft=\skip76
\mhchem@bondtmp@minussidebearingright=\skip77
\l__mhchem_option_version_int=\count364
\mhchem@option@minusmathsidebearingleft=\dimen353
\mhchem@option@minusmathsidebearingright=\dimen354
\mhchem@option@minustextsidebearingleft=\dimen355
\mhchem@option@minustextsidebearingright=\dimen356
)
(/usr/share/texlive/texmf-dist/tex/latex/geometry/geometry.sty
Package: geometry 2020/01/02 v5.9 Page Geometry

(/usr/share/texlive/texmf-dist/tex/generic/iftex/ifvtex.sty
Package: ifvtex 2019/10/25 v1.7 ifvtex legacy package. Use iftex instead.
)
\Gm@cnth=\count365
\Gm@cntv=\count366
\c@Gm@tempcnt=\count367
\Gm@bindingoffset=\dimen357
\Gm@wd@mp=\dimen358
\Gm@odd@mp=\dimen359
\Gm@even@mp=\dimen360
\Gm@layoutwidth=\dimen361
\Gm@layoutheight=\dimen362
\Gm@layouthoffset=\dimen363
\Gm@layoutvoffset=\dimen364
\Gm@dimlist=\toks53
)
(/usr/share/texlive/texmf-dist/tex/latex/placeins/placeins.sty
Package: placeins 2005/04/18  v 2.2
)
(/usr/share/texlive/texmf-dist/tex/latex/caption/caption.sty
Package: caption 2023/08/05 v3.6o Customizing captions (AR)

(/usr/share/texlive/texmf-dist/tex/latex/caption/caption3.sty
Package: caption3 2023/07/31 v2.4d caption3 kernel (AR)
\caption@tempdima=\dimen365
\captionmargin=\dimen366
\caption@leftmargin=\dimen367
\caption@rightmargin=\dimen368
\caption@width=\dimen369
\caption@indent=\dimen370
\caption@parindent=\dimen371
\caption@hangindent=\dimen372
Package caption Info: Standard document class detected.
)
\c@caption@flags=\count368
\c@continuedfloat=\count369
Package caption Info: scrextend package is loaded.
\caption@addmargin@hsize=\dimen373
\caption@addmargin@linewidth=\dimen374
)
(/usr/share/texlive/texmf-dist/tex/latex/caption/subcaption.sty
Package: subcaption 2023/07/28 v1.6b Sub-captions (AR)
Package caption Info: New subtype `subfigure' on input line 238.
\c@subfigure=\count370
Package caption Info: New subtype `subtable' on input line 238.
\c@subtable=\count371
)
(/usr/share/texlive/texmf-dist/tex/latex/polyglossia/polyglossia.sty
Package: polyglossia 2023/12/11 v1.66 Modern multilingual typesetting with XeLa
TeX and LuaLaTeX

(/usr/share/texlive/texmf-dist/tex/latex/xkeyval/xkeyval.sty
Package: xkeyval 2022/06/16 v2.9 package option processing (HA)

(/usr/share/texlive/texmf-dist/tex/generic/xkeyval/xkeyval.tex
(/usr/share/texlive/texmf-dist/tex/generic/xkeyval/xkvutils.tex
\XKV@toks=\toks54
\XKV@tempa@toks=\toks55
)
\XKV@depth=\count372
File: xkeyval.tex 2014/12/03 v2.7a key=value parser (HA)
))
\xpg@normalclass=\XeTeXcharclass1

(/usr/share/texlive/texmf-dist/tex/latex/polyglossia/gloss-latex.lde
Package: gloss-latex 2023/12/11 v1.66 polyglossia: module for default language
)
Package polyglossia Info: Default language is latex.
)
(/usr/share/texlive/texmf-dist/tex/latex/polyglossia/gloss-urdu.ldf
File: gloss-urdu.ldf polyglossia: module for Urdu

(/usr/share/texlive/texmf-dist/tex/xelatex/bidi/bidi.sty
Package: bidi 2023/08/02 v39.8 (Release Donald Ervin Knuth) Bidirectional types
etting in plain TeX and LaTeX

****************************************************
* 
* bidi package (Bidirectional typesetting in
* plain TeX and LaTeX, using XeTeX engine)
* 
* Description: A convenient interface for
* typesetting bidirectional texts in plain TeX
* and LaTeX. The package includes adaptations
* for use with many other commonly-used packages.
* 
* Copyright (c) 2007--2023 Vafa Khalighi
* Copyright (c) 2018--2020 bidi-tex GitHub organization
* 
* v39.8 (Release Donald Ervin Knuth), 2023/08/02
* 
* License: LaTeX Project Public License, version
* 1.3c or higher (your choice)
* 
* Location on CTAN: /macros/xetex/latex/bidi
* 
* Issue tracker: https://github.com/kvafa/bidi/issues
* 
* Discussions: https://github.com/kvafa/bidi/discussions
* 
* Primary author of bidi package: Vafa Khalighi.
* 
****************************************************
(/usr/share/texlive/texmf-dist/tex/xelatex/bidi/biditools.sty
Package: biditools 2022/06/15 v2.3 Programming tools for bidi package
\@bidi@envbody=\toks56
\@bidi@emptytoks=\toks57
\bidi@poscount=\count373
\bidi@tempcountb=\count374
\bidi@temptoksa=\toks58
\bidi@temptoksb=\toks59
\bidi@dummies=\count375
\bidi@are@these@correct=\toks60
\bidi@toks@lista=\toks61
\bidi@toks@listb=\toks62
\bidi@stack@length=\count376
\bidi@empty@stack=\toks63
\bidi@looprepeat@depth=\count377
)
(/usr/share/texlive/texmf-dist/tex/latex/zref/zref-abspage.sty
Package: zref-abspage 2023-09-14 v2.35 Module abspage for zref (HO)

(/usr/share/texlive/texmf-dist/tex/latex/zref/zref-base.sty
Package: zref-base 2023-09-14 v2.35 Module base for zref (HO)

(/usr/share/texlive/texmf-dist/tex/generic/kvdefinekeys/kvdefinekeys.sty
Package: kvdefinekeys 2019-12-19 v1.6 Define keys (HO)
)
(/usr/share/texlive/texmf-dist/tex/generic/etexcmds/etexcmds.sty
Package: etexcmds 2019/12/15 v1.7 Avoid name clashes with e-TeX commands (HO)
)
(/usr/share/texlive/texmf-dist/tex/latex/auxhook/auxhook.sty
Package: auxhook 2019-12-17 v1.6 Hooks for auxiliary files (HO)
)
Package zref Info: New property list: main on input line 767.
Package zref Info: New property: default on input line 768.
Package zref Info: New property: page on input line 769.
)
\c@abspage=\count378
Package zref Info: New property: abspage on input line 67.
)
\@bidi@copyins@=\insert252

(/usr/share/texlive/texmf-dist/tex/xelatex/bidi/latex-xetex-bidi.def
File: latex-xetex-bidi.def 2022/07/04 v1.4.9 bidi adaptations for `latex.ltx' f
or XeTeX engine
\bidi@n@everypar=\toks64
\bidi@column@check@number=\count379

(/usr/share/texlive/texmf-dist/tex/xelatex/bidi/footnote-xetex-bidi.def
File: footnote-xetex-bidi.def 2023/01/18 v1.2 bidi footnote macros for XeTeX en
gine
\c@footdir@label=\count380
\footdir@toks=\toks65
)
(/usr/share/texlive/texmf-dist/tex/xelatex/bidi/book-xetex-bidi.def
File: book-xetex-bidi.def 2017/06/09 v1.0 bidi adaptations for standard book cl
ass for XeTeX engine
)
(/usr/share/texlive/texmf-dist/tex/xelatex/bidi/mathtools-xetex-bidi.def
File: mathtools-xetex-bidi.def 2018/01/07 v0.1 bidi adaptations for mathtools p
ackage for XeTeX engine
)
(/usr/share/texlive/texmf-dist/tex/xelatex/bidi/amsmath-xetex-bidi.def
File: amsmath-xetex-bidi.def 2020/05/16 v1.2 bidi adaptations for amsmath packa
ge for XeTeX engine
)
(/usr/share/texlive/texmf-dist/tex/xelatex/bidi/amstext-xetex-bidi.def
File: amstext-xetex-bidi.def 2016/09/12 v0.2 bidi adaptations for amstext packa
ge for XeTeX engine
)
(/usr/share/texlive/texmf-dist/tex/xelatex/bidi/amsthm-xetex-bidi.def
File: amsthm-xetex-bidi.def 2010/07/25 v0.1 bidi adaptations for amsthm package
 for XeTeX engine
)
(/usr/share/texlive/texmf-dist/tex/xelatex/bidi/caption-xetex-bidi.def
File: caption-xetex-bidi.def 2010/07/25 v0.1 bidi adaptations for caption packa
ge for XeTeX engine
)
(/usr/share/texlive/texmf-dist/tex/xelatex/bidi/caption3-xetex-bidi.def
File: caption3-xetex-bidi.def 2013/04/01 v0.1 bidi adaptations for caption3 pac
kage for XeTeX engine
)
(/usr/share/texlive/texmf-dist/tex/xelatex/bidi/color-xetex-bidi.def
File: color-xetex-bidi.def 2013/04/08 v0.2 bidi adaptations for color package f
or XeTeX engine
LaTeX Info: Redefining \color on input line 49.
)
(/usr/share/texlive/texmf-dist/tex/xelatex/bidi/xcolor-xetex-bidi.def
File: xcolor-xetex-bidi.def 2022/06/13 v0.3 bidi adaptations for xcolor package
 for XeTeX engine
LaTeX Info: Redefining \color on input line 48.
LaTeX Info: Redefining \bidicolor on input line 91.
)
(/usr/share/texlive/texmf-dist/tex/xelatex/bidi/graphicx-xetex-bidi.def
File: graphicx-xetex-bidi.def 2017/06/17 v0.5 bidi adaptations for graphicx pac
kage for XeTeX engine
)
(/usr/share/texlive/texmf-dist/tex/xelatex/bidi/geometry-xetex-bidi.def
File: geometry-xetex-bidi.def 2017/01/14 v0.2 bidi adaptations for geometry pac
kage for XeTeX engine
)
(/usr/share/texlive/texmf-dist/tex/xelatex/bidi/lineno-xetex-bidi.def
File: lineno-xetex-bidi.def 2018/01/28 v0.2 bidi adaptations for lineno package
 for XeTeX engine
)
(/usr/share/texlive/texmf-dist/tex/xelatex/bidi/pgfcorescopes.code-xetex-bidi.d
ef
File: pgfcorescopes.code-xetex-bidi.def 2015/11/14 v0.1 bidi adaptations for pg
f package for XeTeX engine
) (/usr/share/texlive/texmf-dist/tex/xelatex/bidi/array-xetex-bidi.def
File: array-xetex-bidi.def 2015/11/07 v0.3 bidi adaptations for array package f
or XeTeX engine
)
(/usr/share/texlive/texmf-dist/tex/xelatex/bidi/multicol-xetex-bidi.def
File: multicol-xetex-bidi.def 2022/07/10 v1.4 bidi adaptations for multicol pac
kage for XeTeX engine
)
(/usr/share/texlive/texmf-dist/tex/xelatex/bidi/pgfsys.code-xetex-bidi.def
File: pgfsys.code-xetex-bidi.def 2022/06/01 v0.1 bidi adaptations for pgfsys.co
de.tex file for XeTeX engine
))
(/usr/share/texlive/texmf-dist/tex/xelatex/bidi/loadingorder-xetex-bidi.def
File: loadingorder-xetex-bidi.def 2017/12/29 v0.97 making sure that bidi is the
 last package loaded
)
\bidi@digits=\count381
\bidi@digits@charclass=\XeTeXcharclass2
\bidi@sepmark@charclass=\XeTeXcharclass3
)
(/usr/share/texlive/texmf-dist/tex/latex/polyglossia/arabicnumbers.sty
Package: arabicnumbers 2010/03/18 v0.2 Formatting of Arabic and Farsi digits an
d of Arabic abjad numerals
)
(/usr/share/texlive/texmf-dist/tex/latex/polyglossia/hijrical.sty
Package: hijrical 2010/07/12 v0.2 Islamic calendar

(/usr/share/texlive/texmf-dist/tex/latex/polyglossia/cal-util.def
\c@tmpA=\count382
\c@tmpB=\count383
\c@tmpC=\count384
\c@tmpD=\count385
\c@tmpE=\count386
\c@tmpF=\count387
)
\c@Hijriday=\count388
\c@Hijrimonth=\count389
\c@Hijriyear=\count390
)
Package polyglossia Info: Option: Urdu, calendar=gregorian.
Package polyglossia Info: Option: Urdu, numerals=eastern.
)
Package polyglossia Info: Default language is urdu.

(/usr/share/texlive/texmf-dist/tex/latex/polyglossia/gloss-english.ldf
File: gloss-english.ldf polyglossia: module for English
Package polyglossia Info: Option: English, variant=american.
)

Package fontspec Info: Could not resolve font "Jameel Noori Nastaleeq/B" (it
(fontspec)             probably doesn't exist).


Package fontspec Info: Font family 'JameelNooriNastaleeq(0)' created for font
(fontspec)             'Jameel Noori Nastaleeq' with options
(fontspec)             [Ligatures=TeX,Script=Arabic,Scale=1.0].
(fontspec)              
(fontspec)              This font family consists of the following NFSS
(fontspec)             series/shapes:
(fontspec)              
(fontspec)             - 'normal' (m/n) with NFSS spec.: <->s*[1.0]"Jameel
(fontspec)             Noori
(fontspec)             Nastaleeq/OT:script=arab;language=dflt;mapping=tex-text;
"
(fontspec)             - 'small caps'  (m/sc) with NFSS spec.: 
(fontspec)             - 'italic' (m/it) with NFSS spec.: <->s*[1.0]"Jameel
(fontspec)             Noori
(fontspec)             Nastaleeq/I/OT:script=arab;language=dflt;mapping=tex-tex
t;"
(fontspec)             - 'italic small caps'  (m/scit) with NFSS spec.: 
(fontspec)             - 'bold italic' (b/it) with NFSS spec.:
(fontspec)             <->s*[1.0]"Jameel Noori
(fontspec)             Nastaleeq/BI/OT:script=arab;language=dflt;mapping=tex-te
xt;"
(fontspec)             - 'bold italic small caps'  (b/scit) with NFSS spec.: 

LaTeX Font Info:    Font shape `TU/JameelNooriNastaleeq(0)/m/n' will be
(Font)              scaled to size 10.0pt on input line 56.

Package fontspec Info: Could not resolve font "Jameel Noori Nastaleeq/B" (it
(fontspec)             probably doesn't exist).


Package fontspec Info: Font family 'JameelNooriNastaleeq(1)' created for font
(fontspec)             'Jameel Noori Nastaleeq' with options
(fontspec)             [Script=Arabic,Scale=1.0].
(fontspec)              
(fontspec)              This font family consists of the following NFSS
(fontspec)             series/shapes:
(fontspec)              
(fontspec)             - 'normal' (m/n) with NFSS spec.: <->s*[1.0]"Jameel
(fontspec)             Noori Nastaleeq/OT:script=arab;language=dflt;"
(fontspec)             - 'small caps'  (m/sc) with NFSS spec.: 
(fontspec)             - 'italic' (m/it) with NFSS spec.: <->s*[1.0]"Jameel
(fontspec)             Noori Nastaleeq/I/OT:script=arab;language=dflt;"
(fontspec)             - 'italic small caps'  (m/scit) with NFSS spec.: 
(fontspec)             - 'bold italic' (b/it) with NFSS spec.:
(fontspec)             <->s*[1.0]"Jameel Noori
(fontspec)             Nastaleeq/BI/OT:script=arab;language=dflt;"
(fontspec)             - 'bold italic small caps'  (b/scit) with NFSS spec.: 


Package fontspec Info: Could not resolve font "AA Sameer Sagar Nastaleeq
(fontspec)             Bold/BI" (it probably doesn't exist).


Package fontspec Info: Could not resolve font "AA Sameer Sagar Nastaleeq
(fontspec)             Bold/B" (it probably doesn't exist).


Package fontspec Info: Could not resolve font "AA Sameer Sagar Nastaleeq
(fontspec)             Bold/I" (it probably doesn't exist).


Package fontspec Info: Font family 'AASameerSagarNastaleeqBold(0)' created for
(fontspec)             font 'AA Sameer Sagar Nastaleeq Bold' with options
(fontspec)             [Scale=1.0,Script=Arabic].
(fontspec)              
(fontspec)              This font family consists of the following NFSS
(fontspec)             series/shapes:
(fontspec)              
(fontspec)             - 'normal' (m/n) with NFSS spec.: <->s*[1.0]"AA Sameer
(fontspec)             Sagar Nastaleeq Bold/OT:script=arab;language=dflt;"
(fontspec)             - 'small caps'  (m/sc) with NFSS spec.: 

)
(/usr/share/texlive/texmf-dist/tex/latex/jknapltx/mathrsfs.sty
Package: mathrsfs 1996/01/01 Math RSFS package v1.0 (jk)
\symrsfs=\mathgroup10
)
(/usr/share/texlive/texmf-dist/tex/latex/ieeetran/IEEEtrantools.sty
Package: IEEEtrantools 2015/08/26 V1.5 by Michael Shell

-- See the "IEEEtrantools_doc.txt" manual for usage information.
-- http://www.michaelshell.org/tex/ieeetran/tools/
\@IEEEtrantmpdimenA=\dimen375
\@IEEEtrantmpdimenB=\dimen376
\@IEEEtrantmpdimenC=\dimen377
\@IEEEtrantmpcountA=\count391
\@IEEEtrantmpcountB=\count392
\@IEEEtrantmpcountC=\count393
\@IEEEtrantmptoksA=\toks66
\IEEEnormaljot=\dimen378
\IEEEquantizedlength=\dimen379
\IEEEquantizedlengthdiff=\dimen380
\IEEEquantizedtextheightdiff=\dimen381
\IEEEilabelindentA=\dimen382
\IEEEilabelindentB=\dimen383
\IEEEilabelindent=\dimen384
\IEEEelabelindent=\dimen385
\IEEEdlabelindent=\dimen386
\IEEElabelindent=\dimen387
\IEEEiednormlabelsep=\dimen388
\IEEEiedmathlabelsep=\dimen389
\IEEEiedtopsep=\skip78
\c@IEEEsubequation=\count394
\@IEEEeqnnumcols=\count395
\@IEEEeqncolcnt=\count396
\@IEEEsubeqnnumrollback=\count397
\IEEEPARstartletwidth=\dimen390
) (/usr/share/texlive/texmf-dist/tex/latex/multirow/multirow.sty
Package: multirow 2021/03/15 v2.8 Span multiple rows of a table
\multirow@colwidth=\skip79
\multirow@cntb=\count398
\multirow@dima=\skip80
\bigstrutjot=\dimen391
)
(/usr/share/texlive/texmf-dist/tex/latex/ifsym/ifsym.sty
Package: ifsym 2000/04/18 I.Kloeckl
\c@ifsymcnt=\count399
)

Package siunitx Warning: Option "math-micro" has been removed in this release.


Package siunitx Warning: Option "text-micro" has been removed in this release.


Package siunitx Warning: Option "math-ohm" has been removed in this release.


Package siunitx Warning: Option "text-degree" has been removed in this
(siunitx)                release.


Package siunitx Warning: Option "math-degree" has been removed in this
(siunitx)                release.

(./longdiv.tex
\gpten=\count400
) (/usr/share/texlive/texmf-dist/tex/latex/polynom/polynom.sty
Package: polynom 2017/07/17 0.19 (CH,HA)
\pld@currstage=\count401
)
(/usr/share/texlive/texmf-dist/tex/generic/pgfplots/libs/tikzlibrarypgfplots.fi
llbetween.code.tex
(/usr/share/texlive/texmf-dist/tex/generic/pgfplots/pgfcontrib/tikzlibraryfillb
etween.code.tex
(/usr/share/texlive/texmf-dist/tex/generic/pgfplots/pgfcontrib/tikzlibrarydecor
ations.softclip.code.tex
(/usr/share/texlive/texmf-dist/tex/generic/pgfplots/pgfcontrib/pgflibraryfillbe
tween.code.tex)))
(/usr/share/texlive/texmf-dist/tex/generic/pgfplots/libs/tikzlibrarypgfplots.de
corations.softclip.code.tex))
(/usr/share/texlive/texmf-dist/tex/latex/gnuplottex/gnuplottex.sty
Package: gnuplottex 2020/03/19 v0.9.5 gnuplot graphs in LaTeX

(/usr/share/texlive/texmf-dist/tex/latex/moreverb/moreverb.sty
Package: moreverb 2008/06/03 v2.3a `more' verbatim facilities

(/usr/share/texlive/texmf-dist/tex/latex/tools/verbatim.sty
Package: verbatim 2023-11-06 v1.5v LaTeX2e package for verbatim enhancements
\every@verbatim=\toks67
\verbatim@line=\toks68
\verbatim@in@stream=\read3
)
\tab@position=\count402
\tab@size=\count403
\listing@line=\count404
)
(/usr/share/texlive/texmf-dist/tex/generic/catchfile/catchfile.sty
Package: catchfile 2019/12/09 v1.8 Catch the contents of a file (HO)
)
\verbatim@out=\write4
runsystem(touch w18-test-2026641074.tex)...disabled (restricted).

runsystem(rm -f w18-test-2026641074.tex)...disabled (restricted).

runsystem(rm -f "physics.gnuploterrors")...disabled (restricted).



Package gnuplottex Warning: Shell escape not enabled.
(gnuplottex)                You'll need to convert the graphs yourself.

\c@fignum=\count405
) (/usr/share/texlive/texmf-dist/tex/latex/sectsty/sectsty.sty
Package: sectsty 2002/02/25 v2.0.2 Commands to change all sectional heading sty
les


LaTeX Warning: Command \underbar  has changed.
               Check if current package is valid.


LaTeX Warning: Command \underline  has changed.
               Check if current package is valid.

) (/usr/share/texlive/texmf-dist/tex/latex/newfile/newfile.sty
Package: newfile 2009/09/03 v1.0c Output and input files
\c@streamvline=\count406
)
\tempfile=\write5
\openout5 = `answer.tex'.


(./tex/myHarpoons.tex
\argwd=\skip81
\arght=\skip82
) (./tex/myUrduCommandsPhysics.tex
\c@examplecounter=\count407
\c@practicecounter=\count408
\c@questioncounter=\count409
\c@lawcounter=\count410
\c@kthcounter=\count411
\c@kcocounter=\count412
\c@krucounter=\count413
\c@kttcounter=\count414
\c@kcpcounter=\count415
\c@kspcounter=\count416
\c@kkrucounter=\count417
) (./tex/myUrduGreek.tex) (./tex/myEMTvectors.tex) (./tex/myDeclareFunctions.te
x)
(./tex/myCircuitDimensionsAndMathematicalSymbols.tex)
(./tex/myTikzCommandsCircuitAnalysis.tex) (./tex/myUrduShortLetters.tex)
(./physics.aux (./tex/prefaceFirstBook.aux) (./tex/measurement.aux)
(./tex/motionAlongStraightLine.aux) (./tex/vectors.aux)
(./tex/motionInTwoAndThreeDimensions.aux) (./tex/forceAndMotionA.aux)
(./tex/forceAndMotionB.aux) (./tex/kineticEnergyAndWork.aux)
(./tex/potentialEnergyAndConservationOfEnergy.aux)
(./tex/centerOfMassAndLinearMomentum.aux) (./tex/rotation.aux)
(./tex/RollingTorqueAndAngularMomentum.aux) (./tex/equilibriumAndElasticity.aux
) (./tex/gravitation.aux))
\openout1 = `physics.aux'.

LaTeX Font Info:    Checking defaults for OML/cmm/m/it on input line 149.
LaTeX Font Info:    ... okay on input line 149.
LaTeX Font Info:    Checking defaults for OMS/cmsy/m/n on input line 149.
LaTeX Font Info:    ... okay on input line 149.
LaTeX Font Info:    Checking defaults for OT1/cmr/m/n on input line 149.
LaTeX Font Info:    ... okay on input line 149.
LaTeX Font Info:    Checking defaults for T1/cmr/m/n on input line 149.
LaTeX Font Info:    ... okay on input line 149.
LaTeX Font Info:    Checking defaults for TS1/cmr/m/n on input line 149.
LaTeX Font Info:    Trying to load font information for TS1+cmr on input line 1
49.

(/usr/share/texlive/texmf-dist/tex/latex/base/ts1cmr.fd
File: ts1cmr.fd 2023/04/13 v2.5m Standard LaTeX font definitions
)
LaTeX Font Info:    ... okay on input line 149.
LaTeX Font Info:    Checking defaults for TU/lmr/m/n on input line 149.
LaTeX Font Info:    ... okay on input line 149.
LaTeX Font Info:    Checking defaults for OMX/cmex/m/n on input line 149.
LaTeX Font Info:    ... okay on input line 149.
LaTeX Font Info:    Checking defaults for U/cmr/m/n on input line 149.
LaTeX Font Info:    ... okay on input line 149.

Package pgfplots notification 'compat/show suggested version=true': document ha
s been generated with the most recent feature set (\pgfplotsset{compat=1.18}).


(/usr/share/texlive/texmf-dist/tex/latex/translations/translations-basic-dictio
nary-english.trsl
File: translations-basic-dictionary-english.trsl (english translation file `tra
nslations-basic-dictionary')
)

Package chemgreek Info: Activating mapping `fontspec' on line 149.


*geometry* driver: auto-detecting
*geometry* detected driver: xetex
*geometry* verbose mode - [ preamble ] result:
* driver: xetex
* paper: b5paper
* layout: <same size as paper>
* layoutoffset:(h,v)=(0.0pt,0.0pt)
* modes: twoside 
* h-part:(L,W,R)=(60.09283pt, 350.5364pt, 90.13925pt)
* v-part:(T,H,B)=(85.35913pt, 497.92105pt, 128.03871pt)
* \paperwidth=500.7685pt
* \paperheight=711.3189pt
* \textwidth=350.5364pt
* \textheight=497.92105pt
* \oddsidemargin=-12.17715pt
* \evensidemargin=17.86926pt
* \topmargin=-16.97835pt
* \headheight=12.0pt
* \headsep=18.06749pt
* \topskip=10.0pt
* \footskip=25.29494pt
* \marginparwidth=57.0pt
* \marginparsep=7.0pt
* \columnsep=10.0pt
* \skip\footins=9.0pt plus 4.0pt minus 2.0pt
* \hoffset=0.0pt
* \voffset=0.0pt
* \mag=1000
* \@twocolumnfalse
* \@twosidetrue
* \@mparswitchtrue
* \@reversemarginfalse
* (1in=72.27pt=25.4mm, 1cm=28.453pt)

Package caption Info: Begin \AtBeginDocument code.
Package caption Info: End \AtBeginDocument code.

Package fontspec Info: Could not resolve font "Jameel Noori Nastaleeq/B" (it
(fontspec)             probably doesn't exist).


Package fontspec Info: Font family 'JameelNooriNastaleeq(2)' created for font
(fontspec)             'Jameel Noori Nastaleeq' with options
(fontspec)             [Ligatures=TeX,Script=Arabic,Scale=1.0,Script=Arabic].
(fontspec)              
(fontspec)              This font family consists of the following NFSS
(fontspec)             series/shapes:
(fontspec)              
(fontspec)             - 'normal' (m/n) with NFSS spec.: <->s*[1.0]"Jameel
(fontspec)             Noori
(fontspec)             Nastaleeq/OT:script=arab;language=dflt;mapping=tex-text;
"
(fontspec)             - 'small caps'  (m/sc) with NFSS spec.: 
(fontspec)             - 'italic' (m/it) with NFSS spec.: <->s*[1.0]"Jameel
(fontspec)             Noori
(fontspec)             Nastaleeq/I/OT:script=arab;language=dflt;mapping=tex-tex
t;"
(fontspec)             - 'italic small caps'  (m/scit) with NFSS spec.: 
(fontspec)             - 'bold italic' (b/it) with NFSS spec.:
(fontspec)             <->s*[1.0]"Jameel Noori
(fontspec)             Nastaleeq/BI/OT:script=arab;language=dflt;mapping=tex-te
xt;"
(fontspec)             - 'bold italic small caps'  (b/scit) with NFSS spec.: 

LaTeX Font Info:    Font shape `TU/JameelNooriNastaleeq(2)/m/n' will be
(Font)              scaled to size 10.0pt on input line 149.
LaTeX Font Info:    Font shape `TU/JameelNooriNastaleeq(2)/m/n' will be
(Font)              scaled to size 17.28pt on input line 160.
LaTeX Font Info:    Font shape `TU/JameelNooriNastaleeq(2)/m/n' will be
(Font)              scaled to size 12.0pt on input line 160.
LaTeX Font Info:    Trying to load font information for OT1+ppl on input line 1
60.
(/usr/share/texlive/texmf-dist/tex/latex/psnfss/ot1ppl.fd
File: ot1ppl.fd 2001/06/04 font definitions for OT1/ppl.
)
LaTeX Font Info:    Trying to load font information for OML+zplm on input line 
160.

(/usr/share/texlive/texmf-dist/tex/latex/psnfss/omlzplm.fd
File: omlzplm.fd 2002/09/08 Fontinst v1.914 font definitions for OML/zplm.
)
LaTeX Font Info:    Trying to load font information for OMS+zplm on input line 
160.

(/usr/share/texlive/texmf-dist/tex/latex/psnfss/omszplm.fd
File: omszplm.fd 2002/09/08 Fontinst v1.914 font definitions for OMS/zplm.
)
LaTeX Font Info:    Trying to load font information for OMX+zplm on input line 
160.

(/usr/share/texlive/texmf-dist/tex/latex/psnfss/omxzplm.fd
File: omxzplm.fd 2002/09/08 Fontinst v1.914 font definitions for OMX/zplm.
)
LaTeX Font Info:    Font shape `U/msa/m/n' will be
(Font)              scaled to size 12.50409pt on input line 160.
LaTeX Font Info:    Font shape `U/msa/m/n' will be
(Font)              scaled to size 9.37807pt on input line 160.
LaTeX Font Info:    Font shape `U/msa/m/n' will be
(Font)              scaled to size 7.29405pt on input line 160.
LaTeX Font Info:    Font shape `U/msb/m/n' will be
(Font)              scaled to size 12.50409pt on input line 160.
LaTeX Font Info:    Font shape `U/msb/m/n' will be
(Font)              scaled to size 9.37807pt on input line 160.
LaTeX Font Info:    Font shape `U/msb/m/n' will be
(Font)              scaled to size 7.29405pt on input line 160.
LaTeX Font Info:    Trying to load font information for OT1+zplm on input line 
160.

(/usr/share/texlive/texmf-dist/tex/latex/psnfss/ot1zplm.fd
File: ot1zplm.fd 2002/09/08 Fontinst v1.914 font definitions for OT1/zplm.
)
LaTeX Font Info:    Trying to load font information for U+rsfs on input line 16
0.

(/usr/share/texlive/texmf-dist/tex/latex/jknapltx/ursfs.fd
File: ursfs.fd 1998/03/24 rsfs font definition file (jk)
)
LaTeX Font Info:    Font shape `TU/JameelNooriNastaleeq(2)/m/n' will be
(Font)              scaled to size 9.0pt on input line 160.
LaTeX Font Info:    Font shape `TU/JameelNooriNastaleeq(1)/m/n' will be
(Font)              scaled to size 12.0pt on input line 160.

Missing character: There is no ؍ (U+060D) in font Jameel Noori Nastaleeq/OT:scr
ipt=arab;language=dflt;mapping=tex-text;!
[1





] [2


]
LaTeX Font Info:    Font shape `TU/JameelNooriNastaleeq(2)/m/n' will be
(Font)              scaled to size 24.88pt on input line 162.


LaTeX Font Warning: Font shape `TU/JameelNooriNastaleeq(2)/b/n' undefined
(Font)              using `TU/JameelNooriNastaleeq(2)/m/n' instead on input lin
e 162.

(./physics.toc
LaTeX Font Info:    Font shape `TU/JameelNooriNastaleeq(2)/b/n' will be
(Font)              scaled to size 10.0pt on input line 3.
LaTeX Font Info:    Font shape `U/msa/m/n' will be
(Font)              scaled to size 10.42007pt on input line 5.
LaTeX Font Info:    Font shape `U/msa/m/n' will be
(Font)              scaled to size 7.91925pt on input line 5.
LaTeX Font Info:    Font shape `U/msa/m/n' will be
(Font)              scaled to size 6.25204pt on input line 5.
LaTeX Font Info:    Font shape `U/msb/m/n' will be
(Font)              scaled to size 10.42007pt on input line 5.
LaTeX Font Info:    Font shape `U/msb/m/n' will be
(Font)              scaled to size 7.91925pt on input line 5.
LaTeX Font Info:    Font shape `U/msb/m/n' will be
(Font)              scaled to size 6.25204pt on input line 5.


LaTeX Font Warning: Font shape `TU/JameelNooriNastaleeq(0)/b/n' undefined
(Font)              using `TU/JameelNooriNastaleeq(0)/m/n' instead on input lin
e 23.

[3])
\tf@toc=\write6
\openout6 = `physics.toc'.

 [4]
\openout2 = `./tex/prefaceFirstBook.aux'.

 (./tex/prefaceFirstBook.tex
LaTeX Font Info:    Font shape `TU/JameelNooriNastaleeq(2)/b/n' will be
(Font)              scaled to size 24.88pt on input line 1.

Underfull \hbox (badness 10000) in paragraph at lines 2--3
[]\TU/JameelNooriNastaleeq(2)/b/n/10 گزشتہ چند برسوں سے حکومتِ پاکستان اعلیٰ تع
لیم کی طرف توجہ دے رہی ہے جس سے ملک کی تاریخ میں پہلی مرتبہ اعلیٰ تعلیمی اداروں
 میں تحقیق کا رجحان پیدا[]
 []


Underfull \hbox (badness 3579) in paragraph at lines 4--5
[][]\TU/JameelNooriNastaleeq(2)/b/n/10 پاکستان میں اعلیٰ تعلیم کا نظام انگریزی 
زبان میں رائج ہے۔دنیا میں تحقیقی کام کا بیشتر حصہ انگریزی زبان میں ہی چھپتا ہے۔
انگریزی زبان میں ہر موضوع پر لاتعداد[]
 []


Underfull \hbox (badness 10000) in paragraph at lines 6--7
[][]\TU/JameelNooriNastaleeq(2)/b/n/10 ہمارے ملک میں طلبہ و طالبات کی ایک بہت ب
ڑی تعداد بنیادی تعلیم اردو زبان میں حاصل کرتی ہے۔ان کے لئے انگریزی زبان میں موج
ود مواد سے استفادہ کرنا[]
 []


Underfull \hbox (badness 10000) in paragraph at lines 6--7
[]\TU/JameelNooriNastaleeq(2)/b/n/10 تو ایک طرف، انگریزی زبان ازخود ایک رکاوٹ ک
ے طور پر ان کے سامنے آتی ہے۔یہ طلبہ و طالبات ذہین ہونے کے باوجود آگے بڑھنے اور 
قوم و ملک کی بھر[]
 []


Underfull \hbox (badness 10000) in paragraph at lines 6--7
[]\TU/JameelNooriNastaleeq(2)/b/n/10 پور خدمت کرنے کے قابل نہیں رہتے۔ایسے طلبہ 
و طالبات کو اردو زبان میں نصاب کی اچھی کتابیں درکار ہیں۔ہم نے قومی سطح پر ایسا 
کرنے کی کوئی خاطر خواہ[]
 []


Underfull \hbox (badness 10000) in paragraph at lines 8--9
[][]\TU/JameelNooriNastaleeq(2)/b/n/10 میں برسوں تک اس صورت حال کی وجہ سے پریشا
نی کا شکار رہا۔کچھ کرنے کی نیت رکھنے کے باوجود کچھ نہ کر سکتا تھا۔میرے لئے اردو
 میں ایک صفحہ بھی لکھنا[]
 []


Underfull \hbox (badness 10000) in paragraph at lines 10--11
[][]\TU/JameelNooriNastaleeq(2)/b/n/10 یہ کتاب اردو زبان میں تعلیم حاصل کرنے وا
لے طلبہ و طالبات کے لئے نہایت آسان اردو میں لکھی گئی ہے۔کوشش کی گئی ہے کہ اسکول
 کی سطح پر نصاب میں[]
 []


Underfull \hbox (badness 10000) in paragraph at lines 10--11
[]\TU/JameelNooriNastaleeq(2)/b/n/10 استعمال تکنیکی الفاظ ہی استعمال کئے جائیں۔
جہاں ایسے الفاظ موجود نہ تھے وہاں روز مرہ میں استعمال ہونے والے الفاظ چنے گئے۔ت
کنیکی اصطلاحات کی چنائی کے[]
 []


Underfull \hbox (badness 10000) in paragraph at lines 12--13
[][]\TU/JameelNooriNastaleeq(2)/b/n/10 کتاب میں بین الاقوامی نظامِ اکائی استعما
ل کی گئ ہے۔اہم متغیرات کی علامتیں وہی رکھی گئی ہیں جو موجودہ نظامِ تعلیم کی نصا
بی کتابوں میں رائج ہیں۔یوں اردو میں[]
 []

LaTeX Info: Redefining \rmfamily on input line 15.
LaTeX Info: Redefining \sffamily on input line 15.
LaTeX Info: Redefining \ttfamily on input line 15.
LaTeX Info: Redefining \rmfamily on input line 15.
LaTeX Info: Redefining \sffamily on input line 15.
LaTeX Info: Redefining \ttfamily on input line 15.

Underfull \hbox (badness 10000) in paragraph at lines 17--18
[][]\TU/JameelNooriNastaleeq(2)/b/n/10 امید کی جاتی ہے کہ یہ کتاب ایک دن خالصتا
ً اردو زبان میں انجنیئرنگ کی نصابی کتاب کے طور پر استعمال کی جائے گی۔اردو زبان 
میں الیکٹریکل انجنیئرنگ کی[]
 []

LaTeX Info: Redefining \rmfamily on input line 22.
LaTeX Info: Redefining \sffamily on input line 22.
LaTeX Info: Redefining \ttfamily on input line 22.
[5



]
LaTeX Info: Redefining \rmfamily on input line 26.
LaTeX Info: Redefining \sffamily on input line 26.
LaTeX Info: Redefining \ttfamily on input line 26.

\endL or \endR problem (0 missing, 1 extra) in paragraph at lines 26--28
[][]  []
 []


Underfull \hbox (badness 10000) in paragraph at lines 31--32
[][]\TU/JameelNooriNastaleeq(2)/b/n/10 میں یہاں عائشہ فاروق اور ان کے والد فارو
ق اعظم کا شکریہ ادا کرنا چاہوں گا جنہوں نے اس کتاب کو بار بار پڑھا اور مجھے مجب
ور کرتے رہے کہ میں اپنی اردو بہتر[]
 []


Underfull \hbox (badness 10000) in paragraph at lines 31--32
[]\TU/JameelNooriNastaleeq(2)/b/n/10 کروں۔میں ڈاکٹر نعمان جعفری کا نہایت مشکور 
ہوں جنہوں نے کتاب کی تکنیکی اصطلاح کرنے میں مدد کی۔ حرا خان اور ان کی والدہ عزر
ا برلاس نے مل کے[]
 []

) [6]
\openout2 = `./tex/measurement.aux'.

 (./tex/measurement.tex
باب \farsidigits{1}.
LaTeX Font Info:    Font shape `TU/JameelNooriNastaleeq(0)/m/n' will be
(Font)              scaled to size 20.74pt on input line 6.
LaTeX Font Info:    Font shape `TU/JameelNooriNastaleeq(0)/b/n' will be
(Font)              scaled to size 20.74pt on input line 6.
LaTeX Font Info:    Font shape `TU/JameelNooriNastaleeq(0)/m/n' will be
(Font)              scaled to size 24.88pt on input line 6.
LaTeX Font Info:    Font shape `TU/JameelNooriNastaleeq(0)/b/n' will be
(Font)              scaled to size 24.88pt on input line 6.
LaTeX Font Info:    Font shape `TU/JameelNooriNastaleeq(0)/m/n' will be
(Font)              scaled to size 14.4pt on input line 7.
LaTeX Font Info:    Font shape `TU/JameelNooriNastaleeq(0)/b/n' will be
(Font)              scaled to size 14.4pt on input line 7.

Underfull \hbox (badness 10000) in paragraph at lines 8--9
[]\TU/JameelNooriNastaleeq(2)/b/n/10 سائنس و انجینئری پیمائش اور موازنے پر مبنی
 ہے۔ چیزوں کی پیمائش اور موازنے کے لئے قواعد کی ضرورت پیش آتی ہے؛ پیمائش اور مو
ازنہ کے بُعد تعین کرنے[]
 []


Underfull \hbox (badness 10000) in paragraph at lines 11--12
[]\TU/JameelNooriNastaleeq(2)/b/n/10 طبیعیات میں ملوث مقداروں کی پیمائش کی طریق
ے جان کر ہم طبیعیات دریافت کرتے ہیں۔ ان مقداروں میں لمبائی، وقت، کمیت، درجہ حرا
رت، دباو، اور برقی[]
 []

LaTeX Font Info:    Font shape `TU/AASameerSagarNastaleeqBold(0)/m/n' will be
(Font)              scaled to size 10.0pt on input line 13.
LaTeX Font Info:    Font shape `TU/JameelNooriNastaleeq(2)/m/n' will be
(Font)              scaled to size 7.6pt on input line 13.
LaTeX Font Info:    Font shape `TU/JameelNooriNastaleeq(0)/m/n' will be
(Font)              scaled to size 8.0pt on input line 13.
LaTeX Font Info:    Font shape `U/msa/m/n' will be
(Font)              scaled to size 8.33606pt on input line 13.
LaTeX Font Info:    Font shape `U/msa/m/n' will be
(Font)              scaled to size 5.21004pt on input line 13.
LaTeX Font Info:    Font shape `U/msb/m/n' will be
(Font)              scaled to size 8.33606pt on input line 13.
LaTeX Font Info:    Font shape `U/msb/m/n' will be
(Font)              scaled to size 5.21004pt on input line 13.
LaTeX Font Info:    Font shape `TU/JameelNooriNastaleeq(0)/m/n' will be
(Font)              scaled to size 6.0pt on input line 13.
LaTeX Info: Redefining \rmfamily on input line 13.
LaTeX Info: Redefining \sffamily on input line 13.
LaTeX Info: Redefining \ttfamily on input line 13.
LaTeX Font Info:    Font shape `TU/JameelNooriNastaleeq(2)/m/n' will be
(Font)              scaled to size 8.0pt on input line 13.
LaTeX Font Info:    Font shape `TU/JameelNooriNastaleeq(2)/m/n' will be
(Font)              scaled to size 6.0pt on input line 13.
LaTeX Info: Redefining \rmfamily on input line 13.
LaTeX Info: Redefining \sffamily on input line 13.
LaTeX Info: Redefining \ttfamily on input line 13.

Underfull \hbox (badness 1735) in paragraph at lines 13--14
[][]\TU/JameelNooriNastaleeq(2)/b/n/10 ہم ہر طبیعی مقدار کا موازنہ ایک \TU/AASa
meerSagarNastaleeqBold(0)/m/n/10 معیار [][] \TU/JameelNooriNastaleeq(2)/b/n/10 
کے ساتھ کرکے طبیعی مقدار کو اس کی اکائیوں میں ناپتے ہیں۔ اس مقدار کی ناپ کو ایک
 منفرد نام دیا جاتا ہے جسے  \TU/AASameerSagarNastaleeqBold(0)/m/n/10 اکائی[]
 []


Underfull \hbox (badness 10000) in paragraph at lines 13--14
[][][] \TU/JameelNooriNastaleeq(2)/b/n/10 کہتے ہیں۔ مثلاً ، لمبائی کی پیمائش می
ٹر $\OT1/zplm/m/n/10 (\OT1/ppl/m/n/10 m\OT1/zplm/m/n/10 )$\TU/JameelNooriNastal
eeq(2)/b/n/10 میں کی جاتی ہے۔ معیار سے مراد، مقدار کی ٹھیک ایک اکائی ہے۔ جیسا آ
پ دیکھیں گے لمبائی کا معیار، جو ٹھیک[]
 []


Underfull \hbox (badness 10000) in paragraph at lines 13--14
[]\TU/JameelNooriNastaleeq(2)/b/n/10 ایک میٹر کے برابر ہے، اُس فاصلہ کو کہتے ہی
ں جو خلاء میں ، ایک مخصوص دورانیہ میں ، شعاع طے کرتی ہے۔ ہم اکائی اور اس کے معی
ار کی تعریف جیسا چاہیں کر[]
 []


Underfull \hbox (badness 3168) in paragraph at lines 15--16
[][]\TU/JameelNooriNastaleeq(2)/b/n/10 ایک معیار ، مثلاً لمبائی کا معیار ، طے ک
رنے کے بعد ہمیں وہ طریقہ کار وضع کرنا ہو گی جس سے ہر لمبائی ، چاہے وہ ہائیڈروجن
 جوہر کا رداس ہو یا دور کسی ستارے تک[]
 []


Underfull \hbox (badness 5862) in paragraph at lines 15--16
[]\TU/JameelNooriNastaleeq(2)/b/n/10 فاصلہ ، اس معیار کی صورت میں ظاہر کی جا سک
ے۔ ایسی ایک ترکیب فیتے کا استعمال ہے ؛ لمبائی کے معیار کو فیتہ تخمیناً ظاہر کرت
ا ہے۔ بہرحال، بہت سے موازنوں میں[]
 []

LaTeX Info: Redefining \rmfamily on input line 18.
LaTeX Info: Redefining \sffamily on input line 18.
LaTeX Info: Redefining \ttfamily on input line 18.
LaTeX Info: Redefining \rmfamily on input line 18.
LaTeX Info: Redefining \sffamily on input line 18.
LaTeX Info: Redefining \ttfamily on input line 18.

Underfull \hbox (badness 10000) in paragraph at lines 17--19
[]\TU/JameelNooriNastaleeq(2)/b/n/10 اور وقت کی تناسب کو کہتے ہیں۔ بین الاقوامی
 متفقہ معاہدے کے تحت چند طبیعی مقادیر، مثلاً ، لمبائی ، کمیت، اور وقت کو \TU/AA
SameerSagarNastaleeqBold(0)/m/n/10 اساسی مقادیر [][] \TU/JameelNooriNastaleeq(2
)/b/n/10 منتخب کرکے صرف[]
 []

[1







]
Underfull \hbox (badness 10000) in paragraph at lines 20--21
[][]\TU/JameelNooriNastaleeq(2)/b/n/10 اساسی معیار کا قابل رسائی اور غیر متغیر 
ہونا لازمی ہے۔ اگر ہم بازو کی لمبائی کو معیار لمبائی تسلیم کریں تب یہ قابل رسائ
ی ضرور ہو گی، البتہ ہر شخص کے لئے یہ[]
 []


Underfull \hbox (badness 10000) in paragraph at lines 20--21
[]\TU/JameelNooriNastaleeq(2)/b/n/10 لمبائی مختلف ہوگی لہٰذا یہ غیر متغیر نہیں 
ہے۔ سائنس و انجینئری میں زیادہ سے زیادہ درستگی مطلوب ہونے کی پیش نظر ہم اساسی م
عیار کی غیر متغیریت پر خصوصی[]
 []

LaTeX Font Info:    Font shape `TU/JameelNooriNastaleeq(2)/m/n' will be
(Font)              scaled to size 14.4pt on input line 23.
LaTeX Font Info:    Font shape `TU/JameelNooriNastaleeq(2)/b/n' will be
(Font)              scaled to size 14.4pt on input line 23.
Missing character: There is no ١ (U+0661) in font Jameel Noori Nastaleeq/OT:scr
ipt=arab;language=dflt;mapping=tex-text;!
Missing character: There is no ٩ (U+0669) in font Jameel Noori Nastaleeq/OT:scr
ipt=arab;language=dflt;mapping=tex-text;!
Missing character: There is no ٧ (U+0667) in font Jameel Noori Nastaleeq/OT:scr
ipt=arab;language=dflt;mapping=tex-text;!
Missing character: There is no ١ (U+0661) in font Jameel Noori Nastaleeq/OT:scr
ipt=arab;language=dflt;mapping=tex-text;!
LaTeX Info: Redefining \rmfamily on input line 24.
LaTeX Info: Redefining \sffamily on input line 24.
LaTeX Info: Redefining \ttfamily on input line 24.

Underfull \hbox (badness 10000) in paragraph at lines 24--40
[]\TU/JameelNooriNastaleeq(2)/b/n/10 ١٩٧١ ؁  میں ناپ و تول کے عمومی اجلاس میں س
ات مقادیر کو بطور اساسی مقدار منتخب کرکے بین الاقوامی نظام اکائی کے اساس چنے گئ
ے۔ بین الاقوامی نظام اکائی[]
 []


Underfull \hbox (badness 10000) in paragraph at lines 24--40
[]\TU/JameelNooriNastaleeq(2)/b/n/10 کو مختصراً ”$[]$ نظام“ کہتے ہیں۔جدول [][]۱
.۱[][] []میں تین اساسی مقدار لمبائی، کمیت ، اور وقت دکھائے گئے ہیں۔ ان اکائیوں 
کی تعریف انسانی جسامت مد نظر رکھتے[]
 []

LaTeX Info: Redefining \rmfamily on input line 41.
LaTeX Info: Redefining \sffamily on input line 41.
LaTeX Info: Redefining \ttfamily on input line 41.
LaTeX Info: Redefining \rmfamily on input line 41.
LaTeX Info: Redefining \sffamily on input line 41.
LaTeX Info: Redefining \ttfamily on input line 41.
LaTeX Info: Redefining \rmfamily on input line 47.
LaTeX Info: Redefining \sffamily on input line 47.
LaTeX Info: Redefining \ttfamily on input line 47.

Underfull \hbox (badness 1552) in paragraph at lines 47--48
[][]\TU/JameelNooriNastaleeq(2)/b/n/10 بہت بڑی یا بہت چھوٹی مقادیر، جن سے ہمیں 
طبیعیات میں عموماً واسطہ ہو گا، \TU/AASameerSagarNastaleeqBold(0)/m/n/10 سائنسی
 ترقیم [][] \TU/JameelNooriNastaleeq(2)/b/n/10 میں لکھی جاتی ہیں، جو دس کی طاقت
 استعمال کرتی ہے۔ یوں درج[]
 []

LaTeX Font Info:    Font shape `TU/JameelNooriNastaleeq(2)/m/sl' in size <10> n
ot available
(Font)              Font shape `TU/JameelNooriNastaleeq(2)/m/it' tried instead 
on input line 53.
LaTeX Font Info:    Font shape `TU/JameelNooriNastaleeq(2)/m/it' will be
(Font)              scaled to size 10.0pt on input line 53.
[2]
LaTeX Info: Redefining \rmfamily on input line 54.
LaTeX Info: Redefining \sffamily on input line 54.
LaTeX Info: Redefining \ttfamily on input line 54.

Underfull \hbox (badness 1454) in paragraph at lines 53--55
[]\TU/JameelNooriNastaleeq(2)/b/n/10 کمپیوٹر میں سائنسی ترقیم مزید مختصر لکھی ج
اتی ہے؛ مثلاً، $\OT1/ppl/m/n/10 3.56\OML/zplm/m/it/10 E\OT1/ppl/m/n/10 9$ \TU/J
ameelNooriNastaleeq(2)/b/n/10 اور $[]$ ، جہاں $\OML/zplm/m/it/10 E$\TU/JameelNo
oriNastaleeq(2)/b/n/10 ”دس کی طاقت “ ظاہر کرتا ہے۔ کئی \TU/AASameerSagarNastale
eqBold(0)/m/n/10 حساب کار [][][]
 []

LaTeX Info: Redefining \rmfamily on input line 56.
LaTeX Info: Redefining \sffamily on input line 56.
LaTeX Info: Redefining \ttfamily on input line 56.

Underfull \hbox (badness 10000) in paragraph at lines 91--92
[][]\TU/JameelNooriNastaleeq(2)/b/n/10 جیسا آپ دیکھ سکتے ہیں ہر سابقہ دس کی ایک
 مخصوص طاقت ظاہر کرتا ہے، جو بطور جزو ضربی استعمال کیا جاتا ہے۔ بین الاقوامی نظ
ام اکائی کے ساتھ سابقہ منسلک[]
 []

[3]
Underfull \hbox (badness 10000) in paragraph at lines 103--104
[]\TU/JameelNooriNastaleeq(2)/b/n/10 بعض اوقات طبیعی مقداروں کی اکائی تبدیل کرن
ے کی ضرورت پیش آتی ہے۔ ہم اصل پیمائش کو”تبادلی جزو “، جو ایک $\OT1/zplm/m/n/10 
(\OT1/ppl/m/n/10 1\OT1/zplm/m/n/10 )$ \TU/JameelNooriNastaleeq(2)/b/n/10 کے برا
بر اکائیوں کی نسبت ہو[]
 []

LaTeX Info: Redefining \rmfamily on input line 112.
LaTeX Info: Redefining \sffamily on input line 112.
LaTeX Info: Redefining \ttfamily on input line 112.

Underfull \hbox (badness 10000) in paragraph at lines 114--115
[][]\TU/JameelNooriNastaleeq(2)/b/n/10 ایک $\OT1/zplm/m/n/10 (\OT1/ppl/m/n/10 1
\OT1/zplm/m/n/10 )$ \TU/JameelNooriNastaleeq(2)/b/n/10 سے ضرب دینے سے مقدار کی 
قیمت تبدیل نہیں ہوتی لہٰذا ہم جب چاہیں تبادلی جزو استعمال کر سکتے ہیں۔ ایسا کرت
ے ہوئے ہم غیر ضروری اکائیوں[]
 []


Underfull \hbox (badness 10000) in paragraph at lines 117--119
[]\TU/JameelNooriNastaleeq(2)/b/n/10 اگر تبادلہ جزو ضرب متعارف کرنے سے غیر ضرور
ی اکائیاں ایک دوسرے کے ساتھ منسوخ نہ ہوتی ہوں تب جزو ضربی کو اُلٹا کر دوبارہ کو
شش کریں۔ اکائیوں[]
 []

Missing character: There is no ١ (U+0661) in font Jameel Noori Nastaleeq/OT:scr
ipt=arab;language=dflt;mapping=tex-text;!
Missing character: There is no ٧ (U+0667) in font Jameel Noori Nastaleeq/OT:scr
ipt=arab;language=dflt;mapping=tex-text;!
Missing character: There is no ٩ (U+0669) in font Jameel Noori Nastaleeq/OT:scr
ipt=arab;language=dflt;mapping=tex-text;!
Missing character: There is no ٢ (U+0662) in font Jameel Noori Nastaleeq/OT:scr
ipt=arab;language=dflt;mapping=tex-text;!
LaTeX Info: Redefining \rmfamily on input line 121.
LaTeX Info: Redefining \sffamily on input line 121.
LaTeX Info: Redefining \ttfamily on input line 121.
LaTeX Info: Redefining \rmfamily on input line 121.
LaTeX Info: Redefining \sffamily on input line 121.
LaTeX Info: Redefining \ttfamily on input line 121.
LaTeX Info: Redefining \rmfamily on input line 121.
LaTeX Info: Redefining \sffamily on input line 121.
LaTeX Info: Redefining \ttfamily on input line 121.
LaTeX Info: Redefining \rmfamily on input line 121.
LaTeX Info: Redefining \sffamily on input line 121.
LaTeX Info: Redefining \ttfamily on input line 121.

Underfull \hbox (badness 10000) in paragraph at lines 121--122
[]\TU/JameelNooriNastaleeq(2)/b/n/10 ١٧٩٢ ؁  میں فرانس کی نوزائیدہ جمہوریہ نے ن
اپ اور تول کا ایک نیا نظام قائم کیا۔ میٹر اس کا سنگ بنیادی تھا، جو قطب شمال سے 
خط استوا تک فاصلے کا کڑوڑواں[]
 []


Underfull \hbox (badness 3148) in paragraph at lines 121--122
[]\TU/JameelNooriNastaleeq(2)/b/n/10 حصہ لیا گیا ۔ بعد میں عملی وجوہات کی بنا پ
ر ا س زمینی معیار کو ترک کرتے ہوئے ، \TU/AASameerSagarNastaleeqBold(0)/m/n/10 پ
لاٹینم و اریڈیم [][] \TU/JameelNooriNastaleeq(2)/b/n/10 کی ایک سلاخ پر لگائے گئ
ے دو باریک لکیروں کے بیچ فاصلہ[]
 []

[4]
Missing character: There is no ١ (U+0661) in font Jameel Noori Nastaleeq/OT:scr
ipt=arab;language=dflt;mapping=tex-text;!
Missing character: There is no ٩ (U+0669) in font Jameel Noori Nastaleeq/OT:scr
ipt=arab;language=dflt;mapping=tex-text;!
Missing character: There is no ٦ (U+0666) in font Jameel Noori Nastaleeq/OT:scr
ipt=arab;language=dflt;mapping=tex-text;!
Missing character: There is no ٠ (U+0660) in font Jameel Noori Nastaleeq/OT:scr
ipt=arab;language=dflt;mapping=tex-text;!
LaTeX Info: Redefining \rmfamily on input line 123.
LaTeX Info: Redefining \sffamily on input line 123.
LaTeX Info: Redefining \ttfamily on input line 123.
LaTeX Info: Redefining \rmfamily on input line 123.
LaTeX Info: Redefining \sffamily on input line 123.
LaTeX Info: Redefining \ttfamily on input line 123.

Underfull \hbox (badness 10000) in paragraph at lines 123--124
[][]\TU/JameelNooriNastaleeq(2)/b/n/10 کچھ عرصہ بعد ، سلاخ پر دو باریک لکیروں ک
ے بیچ فاصلہ کے معیاری میٹر سے بہتر معیار کی ضرورت پیش آئی۔  ١٩٦٠ ؁  میں شعاع کے
 طول موج پر مبنی میٹر[]
 []


Underfull \hbox (badness 10000) in paragraph at lines 123--124
[]\TU/JameelNooriNastaleeq(2)/b/n/10 کے معیار پر اتفاق کیا گیا۔ یہ معیار کرپٹن 
$\OT1/ppl/m/n/10 86$\TU/JameelNooriNastaleeq(2)/b/n/10 ( جو  \TU/AASameerSagarN
astaleeqBold(0)/m/n/10 کرپٹن [][] \TU/JameelNooriNastaleeq(2)/b/n/10 کا ایک مخص
وص ہم جا ہے )کے جوہروں سے خارج ایک مخصوص نارنجی سرخ شعاع کے[]
 []


Underfull \hbox (badness 2293) in paragraph at lines 123--124
[]$\OT1/ppl/m/n/10 1650763.73$ \TU/JameelNooriNastaleeq(2)/b/n/10 طول موج کا فا
صلہ ٹہرایا گیا۔ یہ شعاع دنیا میں کہیں بھی \TU/AASameerSagarNastaleeqBold(0)/m/n
/10 گیس خروج نلی [][] \TU/JameelNooriNastaleeq(2)/b/n/10 سے حاصل کی جا سکتی ہے۔
 نئے معیار کو پرانے معیار ( میٹر[]
 []

Missing character: There is no ١ (U+0661) in font Jameel Noori Nastaleeq/OT:scr
ipt=arab;language=dflt;mapping=tex-text;!
Missing character: There is no ٩ (U+0669) in font Jameel Noori Nastaleeq/OT:scr
ipt=arab;language=dflt;mapping=tex-text;!
Missing character: There is no ٨ (U+0668) in font Jameel Noori Nastaleeq/OT:scr
ipt=arab;language=dflt;mapping=tex-text;!
Missing character: There is no ٣ (U+0663) in font Jameel Noori Nastaleeq/OT:scr
ipt=arab;language=dflt;mapping=tex-text;!

Underfull \hbox (badness 10000) in paragraph at lines 125--126
[][]\TU/JameelNooriNastaleeq(2)/b/n/10 کچھ عرصہ تک یہ معیار سائنسی دنیا کی ضرور
یات پوری کر پایا، تاہم سائنس کی دنیا بہت جلد اتنی آگے بڑھ چکی کہ کرپٹن $\OT1/pp
l/m/n/10 86$ \TU/JameelNooriNastaleeq(2)/b/n/10 کے طول موج پر مبنی معیار سائنسی
[]
 []


Underfull \hbox (badness 10000) in paragraph at lines 125--126
[]\TU/JameelNooriNastaleeq(2)/b/n/10 ضروریات پوری کرنے کے قابل نہیں رہا۔ آخر کا
ر  ١٩٨٣ ؁  میں ایک نڈر فیصلہ کیا گیا، اور میٹر وہ فاصلہ قرار پایا جو شعاع ایک م
خصوص دورانیہ میں طے کرتی[]
 []

LaTeX Info: Redefining \rmfamily on input line 128.
LaTeX Info: Redefining \sffamily on input line 128.
LaTeX Info: Redefining \ttfamily on input line 128.
LaTeX Info: Redefining \rmfamily on input line 139.
LaTeX Info: Redefining \sffamily on input line 139.
LaTeX Info: Redefining \ttfamily on input line 139.

LaTeX Warning: `!h' float specifier changed to `!ht'.

LaTeX Info: Redefining \rmfamily on input line 164.
LaTeX Info: Redefining \sffamily on input line 164.
LaTeX Info: Redefining \ttfamily on input line 164.

Underfull \hbox (badness 10000) in paragraph at lines 164--165
[]\TU/JameelNooriNastaleeq(2)/b/n/10 ہوئے آپ اتنے ہندسے ہی استعمال کریں گے ۔ اگ
ر مواد دو ہندسوں میں دیا گیا ہو تب جواب بھی دو ہندسوں پر مشتمل ہو گا۔ اگرچہ آپ 
کا حساب کار نتائج زیادہ[]
 []


Underfull \hbox (badness 10000) in paragraph at lines 166--167
[][]\TU/JameelNooriNastaleeq(2)/b/n/10 اس کتاب میں ، دیے گئے مواد میں کم سے کم 
با معنی ہندسوں کے برابر ، حساب کے اختتامی نتائج پورمپور کر کے پیش کیے جائیں گے۔
 (ہاں ، بعض اوقات ایک[]
 []


Underfull \hbox (badness 10000) in paragraph at lines 166--167
[]\TU/JameelNooriNastaleeq(2)/b/n/10 اضافی با معنی ہندسہ بھی رکھا جائے گا۔ ) اگ
ر ضائع کیے جانے والے ہندسوں میں بایاں ترین ہندسہ $\OT1/ppl/m/n/10 5$ \TU/Jameel
NooriNastaleeq(2)/b/n/10 کے برابر یا اس سے بڑا ہو تب آخری رہنے دیا گیا ہندسے[]
 []


Underfull \hbox (badness 10000) in paragraph at lines 166--167
[]\TU/JameelNooriNastaleeq(2)/b/n/10 کو ”اوپر پورمپور “ کیا جاتا ہے؛ دیگر صورت 
اس کو جوں کا توں رکھا جاتا ہے۔ مثال کے طور پر $\OT1/ppl/m/n/10 11.3516$ \TU/Jam
eelNooriNastaleeq(2)/b/n/10 کو تین با معنی ہندسوں میں پورمپور کرکے $\OT1/ppl/m/
n/10 11.4$[]
 []


Underfull \hbox (badness 10000) in paragraph at lines 166--167
[]\TU/JameelNooriNastaleeq(2)/b/n/10 جبکہ $\OT1/ppl/m/n/10 11.3279$ \TU/JameelN
ooriNastaleeq(2)/b/n/10 کو تین با معنی ہندسوں میں پورمپور کرتے ہوئے $\OT1/ppl/m
/n/10 11.3$ \TU/JameelNooriNastaleeq(2)/b/n/10 لکھا جائے گا۔( اس کتاب میں نتائج
 پیش کرتے ہوئے پورمپور کیے جانے کے[]
 []


Underfull \hbox (badness 10000) in paragraph at lines 168--169
[][]\TU/JameelNooriNastaleeq(2)/b/n/10 عدد $\OT1/ppl/m/n/10 3.15$ \TU/JameelNoo
riNastaleeq(2)/b/n/10 یا $\OT1/ppl/m/n/10 3.15 \OMS/zplm/m/n/10 ^^B \OT1/ppl/m/
n/10 10[]$ \TU/JameelNooriNastaleeq(2)/b/n/10 میں با معنی ہندسوں کی تعداد صاف ظ
اہر ہے؛ عدد $\OT1/ppl/m/n/10 3000$ \TU/JameelNooriNastaleeq(2)/b/n/10 میں با مع
نی ہندسے کتنے ہیں؟ کیا یہ صرف ایک با معنی ہندسہ[]
 []


Underfull \hbox (badness 2285) in paragraph at lines 168--169
[]$\OT1/ppl/m/n/10 3 \OMS/zplm/m/n/10 ^^B \OT1/ppl/m/n/10 10[]$ \TU/JameelNoori
Nastaleeq(2)/b/n/10 تک معلوم ہے ، یا یہ چار با معنی ہندسوں $\OT1/ppl/m/n/10 3.0
00 \OMS/zplm/m/n/10 ^^B \OT1/ppl/m/n/10 10[]$ \TU/JameelNooriNastaleeq(2)/b/n/1
0 تک معلوم ہے؟ اس کتاب میں $\OT1/ppl/m/n/10 3000$ \TU/JameelNooriNastaleeq(2)/b
/n/10 کی طرز پر اعداد میں تمام صفروں کو با[]
 []

[5]
Underfull \hbox (badness 10000) in paragraph at lines 170--171
[][]\TU/JameelNooriNastaleeq(2)/b/n/10 با معنی ہندسوں اور اشاریہ کے مقام دو مخت
لف باتیں ہیں۔ درج ذیل فاصلوں $\OT1/ppl/m/n/10 35.6 []$\TU/JameelNooriNastaleeq(
2)/b/n/10 ، $\OT1/ppl/m/n/10 3.56 m$\TU/JameelNooriNastaleeq(2)/b/n/10 ، اور $\
OT1/ppl/m/n/10 0.003 56 m$ \TU/JameelNooriNastaleeq(2)/b/n/10 پر غور کریں۔ تمام
 میں[]
 []


Underfull \hbox (badness 10000) in paragraph at lines 176--177
[][]\TU/JameelNooriNastaleeq(2)/b/n/10 دنیا میں دھاگے کے سب سے بڑے گیند کا رداس
 $\OT1/ppl/m/n/10 2 m$ \TU/JameelNooriNastaleeq(2)/b/n/10 ہے۔ اس گیند میں دھاگے
 کی کل لمبائی $\OML/zplm/m/it/10 L$ \TU/JameelNooriNastaleeq(2)/b/n/10 کتنی ہوگ
ی؟اگرچہ ہم گیند سے دھاگہ کھول کر لمبائی $\OML/zplm/m/it/10 L$[]
 []


Underfull \hbox (badness 1184) in paragraph at lines 180--181
[][]\TU/JameelNooriNastaleeq(2)/b/n/10 ہم فرض کرتے ہیں گیند کروی ہے ؛ اس کا ردا
س $\OML/zplm/m/it/10 R \OT1/zplm/m/n/10 = \OT1/ppl/m/n/10 2 m$ \TU/JameelNooriN
astaleeq(2)/b/n/10 ہے۔ دھاگہ لپیٹتے ہوئے دھاگے کے مختلف حصوں کے بیچ خالی جگہ ضر
ور ہو گی جس کے[]
 []


Underfull \hbox (badness 10000) in paragraph at lines 180--181
[]\TU/JameelNooriNastaleeq(2)/b/n/10 بارے میں جاننا نا ممکن بات ہے۔ ان خالی جگہ
وں کو مد نظر رکھتے ہوئے ہم دھاگے کا عمودی تراش ذرا زیادہ تصور کرتے ہیں۔ ہم کہتے
 ہیں کہ دھاگے کا عمودی[]
 []

[6]
LaTeX Info: Redefining \rmfamily on input line 202.
LaTeX Info: Redefining \sffamily on input line 202.
LaTeX Info: Redefining \ttfamily on input line 202.
LaTeX Info: Redefining \rmfamily on input line 202.
LaTeX Info: Redefining \sffamily on input line 202.
LaTeX Info: Redefining \ttfamily on input line 202.
LaTeX Info: Redefining \rmfamily on input line 202.
LaTeX Info: Redefining \sffamily on input line 202.
LaTeX Info: Redefining \ttfamily on input line 202.

Underfull \hbox (badness 10000) in paragraph at lines 202--203
[]\TU/JameelNooriNastaleeq(2)/b/n/10 وقت کے دو پہلو ہیں۔ روز مرہ زندگی میں ہم ک
ام کاج ترتیب سے رکھنے کی غرض سے وقت جاننا چاہتے ہیں۔ سائنس کی دنیا میں ہم عموما
ً جاننا چاہتے ہیں کہ ایک[]
 []


Underfull \hbox (badness 3849) in paragraph at lines 202--203
[]\TU/JameelNooriNastaleeq(2)/b/n/10 واقعہ کتنی دیر وقوع پذیر ہوا۔ یوں وقت کے ک
سی بھی معیار کو دو سوالات کا جواب دینا ہوگا: کب ہوا؟ اس کا دورانیہ کتنا تھا؟ جد
ول [][]۱.۴[][] []میں چند وقتی وقفے پیش ہیں،[]
 []


Underfull \hbox (badness 2903) in paragraph at lines 202--203
[]\TU/JameelNooriNastaleeq(2)/b/n/10 جہاں  \TU/AASameerSagarNastaleeqBold(0)/m/
n/10 پلانک وقت [][] \TU/JameelNooriNastaleeq(2)/b/n/10 سے مراد \TU/AASameerSaga
rNastaleeqBold(0)/m/n/10 ابتدائی دھماکے [][] \TU/JameelNooriNastaleeq(2)/b/n/10
 کے بعد وہ اول ترین وقت ہے جب طبیعیات کے قواعد (جس طرح انہیں ہم اس وقت جانتے ہی
ں)[]
 []

LaTeX Info: Redefining \rmfamily on input line 226.
LaTeX Info: Redefining \sffamily on input line 226.
LaTeX Info: Redefining \ttfamily on input line 226.

Underfull \hbox (badness 10000) in paragraph at lines 226--227
[][]\TU/JameelNooriNastaleeq(2)/b/n/10 وہ مظہر جو اپنے آپ کو دہراتا ہو وقت کا م
عیار مقرر کیا جا سکتا ہے۔ محور کے گرد زمین کا ایک چکر ، جو دن کی لمبائی تعین کر
تا ہے ، صدیوں تک بطور وقت کا معیار[]
 []


Underfull \hbox (badness 10000) in paragraph at lines 226--227
[]\TU/JameelNooriNastaleeq(2)/b/n/10 استعمال کیا گیا۔ \TU/AASameerSagarNastalee
qBold(0)/m/n/10 سنگ مردہ [][] \TU/JameelNooriNastaleeq(2)/b/n/10 (کوارٹز) گھڑی،
 جس میں ایک سنگ مردہ چھلے کو مسلسل ارتعاش پذیر رکھا جاتا ہے ، کی پیمانہ بندی فل
کیاتی مشاہدات کے ذریعہ،[]
 []

[7]
LaTeX Info: Redefining \rmfamily on input line 228.
LaTeX Info: Redefining \sffamily on input line 228.
LaTeX Info: Redefining \ttfamily on input line 228.

Missing character: There is no ١ (U+0661) in font Jameel Noori Nastaleeq/OT:scr
ipt=arab;language=dflt;mapping=tex-text;!
Missing character: There is no ٩ (U+0669) in font Jameel Noori Nastaleeq/OT:scr
ipt=arab;language=dflt;mapping=tex-text;!
Missing character: There is no ٦ (U+0666) in font Jameel Noori Nastaleeq/OT:scr
ipt=arab;language=dflt;mapping=tex-text;!
Missing character: There is no ٧ (U+0667) in font Jameel Noori Nastaleeq/OT:scr
ipt=arab;language=dflt;mapping=tex-text;!
LaTeX Info: Redefining \rmfamily on input line 228.
LaTeX Info: Redefining \sffamily on input line 228.
LaTeX Info: Redefining \ttfamily on input line 228.

Underfull \hbox (badness 1852) in paragraph at lines 228--229
[][]\TU/JameelNooriNastaleeq(2)/b/n/10 بہتر معیار وقت کی ضرورت کے درپیش  \TU/AA
SameerSagarNastaleeqBold(0)/m/n/10 جوہری گھڑیاں [][] \TU/JameelNooriNastaleeq(2
)/b/n/10 تیار کی گئیں۔ ١٩٦٧ ؁  میں ناپ و تول کے تیرھویں عمومی اجلاس میں \TU/AAS
ameerSagarNastaleeqBold(0)/m/n/10 سیزیم گھڑی [][] \TU/JameelNooriNastaleeq(2)/b
/n/10 پر مبنی[]
 []

LaTeX Info: Redefining \rmfamily on input line 232.
LaTeX Info: Redefining \sffamily on input line 232.
LaTeX Info: Redefining \ttfamily on input line 232.

Underfull \hbox (badness 10000) in paragraph at lines 235--236
[][]\TU/JameelNooriNastaleeq(2)/b/n/10 جوہری گھڑیاں انتہائی درست وقت بتاتی ہیں۔
دو سیزیم گھڑیوں میں ایک سیکنڈ فرق چھ ہزار سال چلنے کے بعد پیدا ہو گا۔ اس وقت تی
ار کی جانے والی گھڑیوں کی[]
 []

LaTeX Font Info:    Font shape `TU/JameelNooriNastaleeq(2)/b/n' will be
(Font)              scaled to size 12.0pt on input line 238.
LaTeX Info: Redefining \rmfamily on input line 239.
LaTeX Info: Redefining \sffamily on input line 239.
LaTeX Info: Redefining \ttfamily on input line 239.

Underfull \hbox (badness 10000) in paragraph at lines 239--240
[]\TU/JameelNooriNastaleeq(2)/b/n/10 فرانس کے شہر پیرس کے قریب ناپ و تول کے بین
 الاقوامی محکمہ میں رکھے گئے پلاٹینم و اریڈیم کا ایک سلنڈر ، بین الاقوامی معاہد
ہ کے تحت ، ایک کلوگرام کمیت[]
 []


Underfull \hbox (badness 10000) in paragraph at lines 239--240
[]\TU/JameelNooriNastaleeq(2)/b/n/10 ٹہرایا گیا۔ اس کی بہتر سے بہتر نقل دنیا کے
 بیشتر معیار ساز تجربہ گاہوں کو فراہم کی گئی جن کو استعمال کرتے ہوئے ترازو کی م
دد سے کسی بھی جسم کی کمیت ناپی جا[]
 []


LaTeX Warning: `!h' float specifier changed to `!ht'.

LaTeX Info: Redefining \rmfamily on input line 268.
LaTeX Info: Redefining \sffamily on input line 268.
LaTeX Info: Redefining \ttfamily on input line 268.

Underfull \hbox (badness 10000) in paragraph at lines 268--269
[]\TU/JameelNooriNastaleeq(2)/b/n/10 جوہروں کی کمیت کا موازنہ معیاری کلوگرام کی
 بجائے ، زیادہ درستگی کے ساتھ ، دیگر جوہروں کے ساتھ کیا جا سکتا ہے۔ اسی کی بنا 
، ہم دوم معیار کمیت بھی رکھتے[]
 []


Package siunitx Warning: Unit macro \atomicmassunit has been deprecated in
(siunitx)                this release.
(siunitx)                
(siunitx)                The BIPM have removed this unit from the SI Brochure.
(siunitx)                You should define it yourself using \DeclareSIUnit in
(siunitx)                your source. The current definition is
(siunitx)                
(siunitx)                \DeclareSIUnit\atomicmassunit{u}


Underfull \hbox (badness 6284) in paragraph at lines 271--273
[]\TU/JameelNooriNastaleeq(2)/b/n/10 جہاں آخری دو ہندسوں میں عدم یقینیت $\OMS/z
plm/m/n/10 ^^F\OT1/ppl/m/n/10 10$ \TU/JameelNooriNastaleeq(2)/b/n/10 ہے۔ سائنس 
دان کافی درستگی کے ساتھ تجربہ کے ذریعہ کسی بھی جوہر کی کمیت کاربن $\OT1/ppl/m/n
/10 12$ \TU/JameelNooriNastaleeq(2)/b/n/10 کی کمیت کے لحاظ[]
 []

LaTeX Info: Redefining \rmfamily on input line 275.
LaTeX Info: Redefining \sffamily on input line 275.
LaTeX Info: Redefining \ttfamily on input line 275.
[8]
Underfull \hbox (badness 10000) in paragraph at lines 278--284
[]\TU/JameelNooriNastaleeq(2)/b/n/10 سنٹی میٹر یا ایک ہزار کلوگرام فی مربع میٹر
 ہے جس کو عموماً موازنہ کے لئے استعمال کیا جاتا ہے۔ پانی کی کثافت کے لحاظ سے تا
زہ برف کی کثافت $\OT1/ppl/m/n/10 10 %$ \TU/JameelNooriNastaleeq(2)/b/n/10 اور[]

 []

LaTeX Info: Redefining \rmfamily on input line 285.
LaTeX Info: Redefining \sffamily on input line 285.
LaTeX Info: Redefining \ttfamily on input line 285.

Underfull \hbox (badness 10000) in paragraph at lines 284--286
[]\TU/JameelNooriNastaleeq(2)/b/n/10 ایسے زلزلہ کے دوران جس میں زمین کی \TU/AAS
ameerSagarNastaleeqBold(0)/m/n/10 رقیق کاری [][] \TU/JameelNooriNastaleeq(2)/b/
n/10 ہو ، بھاری جسم زمین میں دھنس سکتا ہے۔ رقت کے دوران مٹی کے ذرے نہایت کم رگڑ
 محسوس[]
 []


Underfull \hbox (badness 10000) in paragraph at lines 284--286
[]\TU/JameelNooriNastaleeq(2)/b/n/10 کرتے ہوئے ریلنا شروع کرتے ہیں اور زمین دلد
ل کی کیفیت اختیار کرتی ہے ۔ ریتیلی زمین کی رقیق کاری کے ممکنات کی پیشنگوئی زمین
 کے نمونہ کی تناسب[]
 []


Underfull \hbox (badness 10000) in paragraph at lines 288--290
[]\TU/JameelNooriNastaleeq(2)/b/n/10 یہاں $\OML/zplm/m/it/10 V[]$ \TU/JameelNoo
riNastaleeq(2)/b/n/10 نمونے میں ریت کے ذرات کا کل حجم جبکہ $\OML/zplm/m/it/10 V
[]$ \TU/JameelNooriNastaleeq(2)/b/n/10 ذروں کے بیچ خلا کا کل حجم ہے ۔اگر $\OML/
zplm/m/it/10 e$ \TU/JameelNooriNastaleeq(2)/b/n/10 فاصل قیمت $\OT1/ppl/m/n/10 0
.80$ \TU/JameelNooriNastaleeq(2)/b/n/10 سے تجاوز کرتا ہو، زلزلہ کے[]
 []


Underfull \hbox (badness 10000) in paragraph at lines 288--290
[]\TU/JameelNooriNastaleeq(2)/b/n/10 دوران رقیق کاری کا امکان ہوگا۔ مطابقتی ریت
 کی کثافت $\OML/zplm/m/it/10 ^^Z[]$ \TU/JameelNooriNastaleeq(2)/b/n/10 کیا ہوگی
؟ ٹھوس سلیکان ڈائی اکسائیڈ ، $\OT1/zplm/m/n/10 ([][][][])$ \TU/JameelNooriNasta
leeq(2)/b/n/10 ( جو ریت کا بنیادی جزو ہے) کی کثافت[]
 []

[9]
LaTeX Info: Redefining \rmfamily on input line 303.
LaTeX Info: Redefining \sffamily on input line 303.
LaTeX Info: Redefining \ttfamily on input line 303.
LaTeX Info: Redefining \rmfamily on input line 311.
LaTeX Info: Redefining \sffamily on input line 311.
LaTeX Info: Redefining \ttfamily on input line 311.
LaTeX Info: Redefining \rmfamily on input line 311.
LaTeX Info: Redefining \sffamily on input line 311.
LaTeX Info: Redefining \ttfamily on input line 311.
 [10]
Underfull \hbox (badness 10000) in paragraph at lines 330--331
[]\TU/JameelNooriNastaleeq(2)/b/n/10 اس کتاب میں بین الاقوامی اکائی $\OT1/zplm/
m/n/10 (\OML/zplm/m/it/10 SI\OT1/zplm/m/n/10 )$ \TU/JameelNooriNastaleeq(2)/b/n
/10 استعمال کی گئی ۔ جدول 1.1 میں دکھائی گئی تین طبیعی مقادیر ابتدائی بابوں میں
 استعمال کی جائیں گی۔ بین الاقوامی[]
 []


Underfull \hbox (badness 10000) in paragraph at lines 330--331
[]\TU/JameelNooriNastaleeq(2)/b/n/10 معاہدوں کے تحت اساسی مقداروں کے معیار طے ک
یے گئے ، جو ہر ایک کے لیے قابل رسائی اور غیر تغیر ہیں۔ اساسی مقدار اور ان سے اخ
ذ دیگر مقادیر کی تمام[]
 []


Underfull \hbox (badness 2073) in paragraph at lines 333--334
[]\TU/JameelNooriNastaleeq(2)/b/n/10 اکائیوں کی تبدیلی \TU/JameelNooriNastaleeq
(2)/m/n/9 زنجیری طریقے  \TU/JameelNooriNastaleeq(2)/b/n/10 سے جا سکتی ہے، جس می
ں اصل مواد کو یک بعد دیگرے تبادلی ضربیوں سے، جنہیں ایک $\OT1/zplm/m/n/10 (\OT1/
ppl/m/n/10 1\OT1/zplm/m/n/10 )$ \TU/JameelNooriNastaleeq(2)/b/n/10 کے روپ میں ل
کھا گیا ہو، ضرب[]
 []


Underfull \hbox (badness 10000) in paragraph at lines 339--340
[]\TU/JameelNooriNastaleeq(2)/b/n/10 سیکنڈ کی تعریف سیزیم $\OT1/ppl/m/n/10 133$
 \TU/JameelNooriNastaleeq(2)/b/n/10 جوہر سے خارج شعاع کی صورت میں کی جاتی ہے۔ م
عیار برقرار رکھتی تجربہ گاہوں میں موجود جوہری گھڑیوں کے صحیح وقتی[]
 []


Underfull \hbox (badness 10000) in paragraph at lines 342--343
[]\TU/JameelNooriNastaleeq(2)/b/n/10 پیرس شہر کے قریب رکھے گئے پلاٹینم و اریڈیم
 کمیتی معیار ، کلوگرام کی تعریف ہے۔ جوہری پیمانہ پر پیمائش کے لیے جوہری کمیتی ا
کائی استعمال کی جاتی ہے جس کی[]
 []

Missing character: There is no ١ (U+0661) in font Jameel Noori Nastaleeq/OT:scr
ipt=arab;language=dflt;mapping=tex-text;!
Missing character: There is no ٨ (U+0668) in font Jameel Noori Nastaleeq/OT:scr
ipt=arab;language=dflt;mapping=tex-text;!
Missing character: There is no ١ (U+0661) in font Jameel Noori Nastaleeq/OT:scr
ipt=arab;language=dflt;mapping=tex-text;!
Missing character: There is no ٨ (U+0668) in font Jameel Noori Nastaleeq/OT:scr
ipt=arab;language=dflt;mapping=tex-text;!
LaTeX Font Info:    Font shape `TU/JameelNooriNastaleeq(0)/b/n' will be
(Font)              scaled to size 12.0pt on input line 351.
[11]
Underfull \hbox (badness 10000) in paragraph at lines 354--356
[]\TU/JameelNooriNastaleeq(2)/b/n/10 سوال  ۱.۱:  زمین تخمیناً ایک کرہ ہے جس کا 
رداس $\OT1/ppl/m/n/10 6.37 \OMS/zplm/m/n/10 ^^B \OT1/ppl/m/n/10 10[] m$ \TU/Jam
eelNooriNastaleeq(2)/b/n/10 ہے۔اس کا (ا) محیط کلومیٹر میں، (ب) سطحی رقبہ مربع م
ربع کلو میٹر میں، اور[]
 []


Underfull \hbox (badness 10000) in paragraph at lines 360--364
[] \TU/JameelNooriNastaleeq(2)/b/n/10 سوال  ۱.۳:  ایک مائیکرو میٹر $\OT1/zplm/m
/n/10 (\OT1/ppl/m/n/10 1 []\OT1/zplm/m/n/10 )$ \TU/JameelNooriNastaleeq(2)/b/n/
10 کو عموماً  \TU/JameelNooriNastaleeq(2)/m/n/9 مائیکران  \TU/JameelNooriNastal
eeq(2)/b/n/10 کہتے ہیں۔ (ا) کتنے مائیکران $\OT1/ppl/m/n/10 1 []$ \TU/JameelNoor
iNastaleeq(2)/b/n/10 کے برابر ہیں؟ (ب) سنٹی میٹر کا کتنا حصہ $\OT1/ppl/m/n/10 1
 []$ \TU/JameelNooriNastaleeq(2)/b/n/10 ہو[]
 []


Underfull \hbox (badness 10000) in paragraph at lines 370--375
[] \TU/JameelNooriNastaleeq(2)/b/n/10 سوال  ۱.۵:  ایک مقابلے میں گھوڑے $\OT1/pp
l/m/n/10 4.0$ \TU/JameelNooriNastaleeq(2)/b/n/10 فرلانگ دوڑ لگا کر طے کرتے ہیں۔
 اس فاصلے کو (ا) عصا اور (ب) زنجیر کی صورت میں لکھیں۔ (ایک فرلانگ[]
 []

LaTeX Info: Redefining \rmfamily on input line 383.
LaTeX Info: Redefining \sffamily on input line 383.
LaTeX Info: Redefining \ttfamily on input line 383.

Underfull \hbox (badness 10000) in paragraph at lines 401--406
[] \TU/JameelNooriNastaleeq(2)/b/n/10 سوال  ۱.۷:  []ماقوائی معمار پانی کا حجم ع
موماً ایکڑ فٹ میں ناپتے ہیں، جس سے مراد ایک ایکڑ رقبے پر ایک فٹ گہرا پانی ہے۔ ا
یک شہر جس کا رقبہ $\OT1/ppl/m/n/10 26 [][]$[]
 []

LaTeX Info: Redefining \rmfamily on input line 414.
LaTeX Info: Redefining \sffamily on input line 414.
LaTeX Info: Redefining \ttfamily on input line 414.

Underfull \hbox (badness 10000) in paragraph at lines 421--424
[]\TU/JameelNooriNastaleeq(2)/b/n/10 سوال  ۱.۱۰:  بہت وسیع ممالک مثلاً روس میں 
مختلف مقامات پر گڑیوں کا وقت ایک دوسرے سے مختلف ہوتا ہے۔ (ا) خط تول بلد کے کتنے
 درجے چلنے کے[]
 []

[12]
Underfull \hbox (badness 10000) in paragraph at lines 424--428
[] \TU/JameelNooriNastaleeq(2)/b/n/10 سوال  ۱.۱۱:  فرانسیسی انقلاب کے بعد تقریب
اً $\OT1/ppl/m/n/10 10$ \TU/JameelNooriNastaleeq(2)/b/n/10 سال تک حکومت کوشش کر
تی رہی کہ وقت کی پیمائش مضرب $\OT1/ppl/m/n/10 10$ \TU/JameelNooriNastaleeq(2)/b
/n/10 رکھی جائے؟ ایک ہفتہ میں $\OT1/ppl/m/n/10 10$[]
 []


Underfull \hbox (badness 10000) in paragraph at lines 436--442
[] \TU/JameelNooriNastaleeq(2)/b/n/10 سوال  ۱.۱۳:  تین گھڑیاں الف، ب، اور پ مخت
لف رفتار سے چلتی ہیں اور بیک وقت صفر نہیں دیتی۔ شکل 1.6 میں چار موقوں پر ان کی 
بیک وقت پیمائش[]
 []


Underfull \hbox (badness 10000) in paragraph at lines 436--442
[]\TU/JameelNooriNastaleeq(2)/b/n/10 دکھائی گئی ہے۔ (مثال کے طور پر جس لمحہ گھڑ
ی ب $\OT1/ppl/m/n/10 25 s$ \TU/JameelNooriNastaleeq(2)/b/n/10 دیتی ہے ، گھڑی پ 
$\OT1/ppl/m/n/10 92 s$ \TU/JameelNooriNastaleeq(2)/b/n/10 دیتی ہے۔) اگر دو واقع
ات گھڑی الف پر $\OT1/ppl/m/n/10 600 s$ \TU/JameelNooriNastaleeq(2)/b/n/10 فاصلے
 پر واقع[]
 []


Underfull \hbox (badness 10000) in paragraph at lines 436--442
[]\TU/JameelNooriNastaleeq(2)/b/n/10 ہوں، یہ (الف) گھڑی ب پر اور (ب) گھڑی ج پر 
کتنے فاصلے پر واقع ہوں گے؟ (ج) جس لمحہ گھڑی الف $\OT1/ppl/m/n/10 400 s$ \TU/Jam
eelNooriNastaleeq(2)/b/n/10 دیتی ہے اس لمحہ گھڑی ب کیا دے گی؟ (د)[]
 []

LaTeX Info: Redefining \rmfamily on input line 460.
LaTeX Info: Redefining \sffamily on input line 460.
LaTeX Info: Redefining \ttfamily on input line 460.
LaTeX Info: Redefining \rmfamily on input line 460.
LaTeX Info: Redefining \sffamily on input line 460.
LaTeX Info: Redefining \ttfamily on input line 460.
LaTeX Info: Redefining \rmfamily on input line 460.
LaTeX Info: Redefining \sffamily on input line 460.
LaTeX Info: Redefining \ttfamily on input line 460.

Underfull \hbox (badness 10000) in paragraph at lines 456--461
[]\TU/JameelNooriNastaleeq(2)/b/n/10 ٹھوس تارے جن میں صرف نیوٹران پائے جاتے ہیں
) ہیں۔ ان میں سے کئی انتہائی زیادہ مستحکم شرح سے گھومتے ہیں، اور ہر چکر کے دورا
ن ایک مرتبہ زمین پر[]
 []


Underfull \hbox (badness 3128) in paragraph at lines 456--461
[]\TU/JameelNooriNastaleeq(2)/b/n/10 شعاع ڈالتے ہیں (سمندر کے کنارے  \TU/AASame
erSagarNastaleeqBold(0)/m/n/10 منارہ نور [][] \TU/JameelNooriNastaleeq(2)/b/n/1
0 کی طرح جو سمندری جہاز کو خطرے سے آگاہ کرتا ہے)۔ نابض $\OML/zplm/m/it/10 PSR \
OT1/ppl/m/n/10 1937  21$ \TU/JameelNooriNastaleeq(2)/b/n/10 ایک ایسا تارہ ہے[]
 []


Underfull \hbox (badness 5417) in paragraph at lines 456--461
[]\TU/JameelNooriNastaleeq(2)/b/n/10 جو ایک چکر $\OT1/ppl/m/n/10 1.557 806 448 
872 75 \OMS/zplm/m/n/10 ^^F \OT1/ppl/m/n/10 3 []$ \TU/JameelNooriNastaleeq(2)/b
/n/10 میں پورا کرتا ہے، جہاں آخر میں $\OMS/zplm/m/n/10 ^^F\OT1/ppl/m/n/10 3$ \T
U/JameelNooriNastaleeq(2)/b/n/10 آخری ہندسہ میں عدم یقینیت دیتا ہے (اس کا ہرگز[
]
 []


Underfull \hbox (badness 10000) in paragraph at lines 462--463
[][]\TU/JameelNooriNastaleeq(2)/b/n/10 (ا) یہ نابض $\OT1/ppl/m/n/10 7.00$ \TU/J
ameelNooriNastaleeq(2)/b/n/10 دنوں میں کتنے چکر کاٹتا ہے؟ (ب) یہ نابض $\OT1/ppl
/m/n/10 10$ \TU/JameelNooriNastaleeq(2)/b/n/10 لاکھ مرتبہ ٹھیک کتنے وقت میں چکر
 کاٹتا ہے ، اور (ج) اس سے وابستہ عدم یقینیت کیا[]
 []


Underfull \hbox (badness 2726) in paragraph at lines 463--467
[] \TU/JameelNooriNastaleeq(2)/b/n/10 سوال  ۱.۱۷:  تجربہ گاہ میں پانچ گھڑیوں کی
 جانچ پڑتال کی جا رہی ہے۔ ہفتے کے سات دن ٹھیک دوپہر $\OT1/ppl/m/n/10 12$ \TU/Ja
meelNooriNastaleeq(2)/b/n/10 بجے گھڑیوں کی ساعت ذیل جدول میں پیش ہے۔[]
 []

[13]
Underfull \hbox (badness 10000) in paragraph at lines 484--489
[] \TU/JameelNooriNastaleeq(2)/b/n/10 سوال  ۱.۱۸:  زمین کی گردش دن بدن آہستہ ہو
 رہی ہے، اور دن لمبا ہوتا جا رہا ہے۔ پہلی عیسوی صدی کا آخری دن صدی کے پہلے دن س
ے $\OT1/ppl/m/n/10 1 []$\TU/JameelNooriNastaleeq(2)/b/n/10 لمبا تھا۔[]
 []


Underfull \hbox (badness 10000) in paragraph at lines 489--493
[] \TU/JameelNooriNastaleeq(2)/b/n/10 سوال  ۱.۱۹:  خط استوا پر پرسکون سمندر کے 
کنارے ریت پر لیٹ کر آپ غروب ہوتے سورج کا نظارہ کر رہے ہیں۔ جیسے ہی سورج کا بالا
 سر سمندر کے پیچھے[]
 []

Missing character: There is no ١ (U+0661) in font Jameel Noori Nastaleeq/OT:scr
ipt=arab;language=dflt;mapping=tex-text;!
Missing character: There is no ٩ (U+0669) in font Jameel Noori Nastaleeq/OT:scr
ipt=arab;language=dflt;mapping=tex-text;!
Missing character: There is no ٩ (U+0669) in font Jameel Noori Nastaleeq/OT:scr
ipt=arab;language=dflt;mapping=tex-text;!
Missing character: There is no ٢ (U+0662) in font Jameel Noori Nastaleeq/OT:scr
ipt=arab;language=dflt;mapping=tex-text;!

Underfull \hbox (badness 10000) in paragraph at lines 497--500
[]\TU/JameelNooriNastaleeq(2)/b/n/10 سوال  ۱.۲۰:   ١٩٩٢ ؁  میں شیشے کی سب سے بڑ
ی بوتل بنائی گئی جس کا حجم$\OT1/ppl/m/n/10 193$ \TU/JameelNooriNastaleeq(2)/b/n
/10 امریکی گیلن تھا۔ (ا) یہ بوتل $\OT1/ppl/m/n/10 1.0 [][]$ \TU/JameelNooriNast
aleeq(2)/b/n/10 سے کتنا کم ہے؟ (ب) اگر[]
 []


Underfull \hbox (badness 3746) in paragraph at lines 500--505
[] \TU/JameelNooriNastaleeq(2)/b/n/10 سوال  ۱.۲۱:  زمین کی کمیت$\OT1/ppl/m/n/10
 5.98 \OMS/zplm/m/n/10 ^^B \OT1/ppl/m/n/10 10[] [] m[]$ \TU/JameelNooriNastalee
q(2)/b/n/10 ہے۔ زمین کے جوہر (ایٹم) کی اوسط کمیت تقریباً $\OT1/ppl/m/n/10 40 u$
 \TU/JameelNooriNastaleeq(2)/b/n/10 ہے۔ زمین میں کل کتنے جوہر[]
 []

LaTeX Info: Redefining \rmfamily on input line 509.
LaTeX Info: Redefining \sffamily on input line 509.
LaTeX Info: Redefining \ttfamily on input line 509.

Underfull \hbox (badness 10000) in paragraph at lines 505--512
[] \TU/JameelNooriNastaleeq(2)/b/n/10 سوال  ۱.۲۲:  سونے کی کثافت$\OT1/ppl/m/n/1
0 19.32 g [][]$ \TU/JameelNooriNastaleeq(2)/b/n/10 ہے، اور یہ سب سے زیادہ  \TU/
AASameerSagarNastaleeqBold(0)/m/n/10 تار پذیر [][] \TU/JameelNooriNastaleeq(2)/
b/n/10 دھات ہے ، جس کو دبا کر باریک پتہ یا کھینچ کر باریک[]
 []


Underfull \hbox (badness 10000) in paragraph at lines 505--512
[]\TU/JameelNooriNastaleeq(2)/b/n/10 تار بنایا جا سکتا ہے۔ (ا) اگر$\OT1/ppl/m/n
/10 27.63 g$ \TU/JameelNooriNastaleeq(2)/b/n/10 سونے سے$\OT1/ppl/m/n/10 1.000 [
]$\TU/JameelNooriNastaleeq(2)/b/n/10 موٹی چادر بنائی جائے، اس چادر کا رقبہ کتنا
 ہوگا؟ (ب) اس کے برعکس ، اگر اس[]
 []


Underfull \hbox (badness 10000) in paragraph at lines 512--518
[] \TU/JameelNooriNastaleeq(2)/b/n/10 سوال  ۱.۲۳:  (ا) پانی کی کثافت ٹھیک$\OT1/
ppl/m/n/10 1 g [][]$ \TU/JameelNooriNastaleeq(2)/b/n/10 فرض کرتے ہوئے،$\OT1/ppl
/m/n/10 1 m[]$\TU/JameelNooriNastaleeq(2)/b/n/10 پانی کی کمیت تلاش کریں۔ (ب) اگ
ر ایک برتن[]
 []


Underfull \hbox (badness 10000) in paragraph at lines 518--525
[] \TU/JameelNooriNastaleeq(2)/b/n/10 سوال  ۱.۲۴:  ساحل سمندر پر ریت زیادہ تر ک
روی سلیکان ڈائی اکسائیڈ کے دانوں پر مشتمل ہے ، جن کا اوسط رداس$\OT1/ppl/m/n/10 
50 []$ \TU/JameelNooriNastaleeq(2)/b/n/10 اور[]
 []


Underfull \hbox (badness 10000) in paragraph at lines 518--525
[]\TU/JameelNooriNastaleeq(2)/b/n/10 کثافت$\OT1/ppl/m/n/10 2600 [] m[]$\TU/Jame
elNooriNastaleeq(2)/b/n/10 ہے۔ کتنی کمیت کے ریتیلی دانوں کا کل سطحی رقبہ (تمام 
انفرادی کروں کا مجموعی رقبہ) $\OT1/ppl/m/n/10 1.00 m$ \TU/JameelNooriNastaleeq(
2)/b/n/10 ضلع کے مکعب کے[]
 []


Underfull \hbox (badness 10000) in paragraph at lines 525--530
[] \TU/JameelNooriNastaleeq(2)/b/n/10 سوال  ۱.۲۵:  تیز بارش کے دوران پہاڑی کا ا
یک حصہ ، جس کی افقی لمبائی$\OT1/ppl/m/n/10 2.5 []$ \TU/JameelNooriNastaleeq(2)/
b/n/10 ، ڈھلوان کے ہمراہ لمبائی$\OT1/ppl/m/n/10 0.8 []$ \TU/JameelNooriNastalee
q(2)/b/n/10 ، اور موٹائی $\OT1/ppl/m/n/10 2 m$[]
 []


Underfull \hbox (badness 10000) in paragraph at lines 525--530
[]\TU/JameelNooriNastaleeq(2)/b/n/10 ہے، نیچے گرتا ہے۔ مٹی وادی میں$\OT1/ppl/m/
n/10 0.4 []$ \TU/JameelNooriNastaleeq(2)/b/n/10 رقبے پر یکساں تقسیم ہوتی ہے۔ مٹ
ی کی کثافت$\OT1/ppl/m/n/10 1900 [] m[]$ \TU/JameelNooriNastaleeq(2)/b/n/10 لیں۔
 وادی[]
 []

[14]
LaTeX Info: Redefining \rmfamily on input line 534.
LaTeX Info: Redefining \sffamily on input line 534.
LaTeX Info: Redefining \ttfamily on input line 534.

Underfull \hbox (badness 6493) in paragraph at lines 530--535
[] \TU/JameelNooriNastaleeq(2)/b/n/10 سوال  ۱.۲۶:   \TU/AASameerSagarNastaleeqB
old(0)/m/n/10 تودہ ابر بادل [][] \TU/JameelNooriNastaleeq(2)/b/n/10 کے $\OT1/pp
l/m/n/10 1 [][]$ \TU/JameelNooriNastaleeq(2)/b/n/10 میں تقریباً $\OT1/ppl/m/n/1
0 50$ \TU/JameelNooriNastaleeq(2)/b/n/10 تا$\OT1/ppl/m/n/10 500$ \TU/JameelNoor
iNastaleeq(2)/b/n/10 پانی کے قطرے پائے جاتے ہیں، جن کا عمومی رداس$\OT1/ppl/m/n/
10 10 []$ \TU/JameelNooriNastaleeq(2)/b/n/10 ہو گا۔[]
 []


Underfull \hbox (badness 10000) in paragraph at lines 530--535
[]\TU/JameelNooriNastaleeq(2)/b/n/10 دیے گئے سعت کے لیے، درج ذیل کی کمتر اور بل
ندتر قیمتیں کیا ہوں گی؟ (ا) نلکی شکل و صورت کے تودہ ابر بادل ، جس کا رداس$\OT1/
ppl/m/n/10 1 []$\TU/JameelNooriNastaleeq(2)/b/n/10 اور قد $\OT1/ppl/m/n/10 3 []
$ \TU/JameelNooriNastaleeq(2)/b/n/10 ہو[]
 []


Underfull \hbox (badness 10000) in paragraph at lines 530--535
[]\TU/JameelNooriNastaleeq(2)/b/n/10 ، میں کتنا $\OT1/ppl/m/n/10 m[]$ \TU/Jamee
lNooriNastaleeq(2)/b/n/10 پانی ہو گا؟ (ب) یہ پانی ایک لیٹر کی کتنی بوتلیں بھر س
کتا ہے؟ (ج) پانی کی کثافت$\OT1/ppl/m/n/10 1000 [] m[]$\TU/JameelNooriNastaleeq(
2)/b/n/10 ہے۔ بادل میں پانی کی کمیت کیا ہو[]
 []


Underfull \hbox (badness 10000) in paragraph at lines 535--540
[] \TU/JameelNooriNastaleeq(2)/b/n/10 سوال  ۱.۲۷:  لوہے کی کثافت$\OT1/ppl/m/n/1
0 7.87 g [][]$ \TU/JameelNooriNastaleeq(2)/b/n/10 ہے ، جبکہ لوہے کے جوہر (ایٹم)
کی کمیت$\OT1/ppl/m/n/10 9.27 \OMS/zplm/m/n/10 ^^B \OT1/ppl/m/n/10 10[] []$ \TU/
JameelNooriNastaleeq(2)/b/n/10 ہے۔ فرض کریں جوہر[]
 []

LaTeX Info: Redefining \rmfamily on input line 544.
LaTeX Info: Redefining \sffamily on input line 544.
LaTeX Info: Redefining \ttfamily on input line 544.

Underfull \hbox (badness 10000) in paragraph at lines 546--551
[] \TU/JameelNooriNastaleeq(2)/b/n/10 سوال  ۱.۲۹:  آپ ملائیشیا کے مویشی منڈی می
ں بیل خریدتے ہیں ، جس کا وزن مقامی اکائیوں میں $\OT1/ppl/m/n/10 28.9$ \TU/Jamee
lNooriNastaleeq(2)/b/n/10 پکول ہے: ایک پکول $\OT1/ppl/m/n/10 100$ \TU/JameelNoo
riNastaleeq(2)/b/n/10 جن کے برابر ہے،[]
 []


Underfull \hbox (badness 1005) in paragraph at lines 551--556
[] \TU/JameelNooriNastaleeq(2)/b/n/10 سوال  ۱.۳۰:  رستا ہوئے ظرف میں پانی انڈیل
ا جاتا ہے۔ پانی کی کمیت وقت $\OML/zplm/m/it/10 t$ \TU/JameelNooriNastaleeq(2)/b
/n/10 کا تفاعل $\OML/zplm/m/it/10 m \OT1/zplm/m/n/10 = \OT1/ppl/m/n/10 5.00\OML
/zplm/m/it/10 t[] \OMS/zplm/m/n/10 ^^@ \OT1/ppl/m/n/10 3.00\OML/zplm/m/it/10 t 
\OT1/zplm/m/n/10 + \OT1/ppl/m/n/10 20.00$ \TU/JameelNooriNastaleeq(2)/b/n/10 ہے
،[]
 []


Underfull \hbox (badness 10000) in paragraph at lines 556--561
[] \TU/JameelNooriNastaleeq(2)/b/n/10 سوال  ۱.۳۱:  سیدھا کھڑا برتن ، جس کی تہہ 
کا رقبہ$\OT1/ppl/m/n/10 14 []$ \TU/JameelNooriNastaleeq(2)/b/n/10 با $\OT1/ppl/
m/n/10 17 []$\TU/JameelNooriNastaleeq(2)/b/n/10 ہے ، مٹھائی سے بھرا جاتا ہے۔ ان
فرادی مٹھائی کی کمیت$\OT1/ppl/m/n/10 0.0200 g$ \TU/JameelNooriNastaleeq(2)/b/n/
10 اور[]
 []


Underfull \hbox (badness 10000) in paragraph at lines 556--561
[]\TU/JameelNooriNastaleeq(2)/b/n/10 حجم$\OT1/ppl/m/n/10 50.0 [][]$ \TU/JameelN
ooriNastaleeq(2)/b/n/10 ہے۔ مٹھائیوں کے بیچ خلا نظر انداز کریں۔ برتن میں مٹھائی
وں کی بلندی کی شرح $\OT1/ppl/m/n/10 0.250 [] s[]$ \TU/JameelNooriNastaleeq(2)/b
/n/10 ہے۔برتن میں مٹھائی کی[]
 []


Underfull \hbox (badness 10000) in paragraph at lines 574--576
[]\TU/JameelNooriNastaleeq(2)/b/n/10 یوں کوس تقریباً$\OT1/ppl/m/n/10 419 m$\TU/
JameelNooriNastaleeq(2)/b/n/10 کے برابر ہے۔ مغلیہ دور کی شاہراہوں (جی ٹی روڈ) پ
ر جگہ جگہ اب بھی کوس مینار کھڑے نظر آتے ہیں۔ دریائے سندھ پر اٹک کے[]
 []


Underfull \hbox (badness 10000) in paragraph at lines 574--576
[]\TU/JameelNooriNastaleeq(2)/b/n/10 قریب پرانے پُل کے نزدیک ایسا ایک مینار اب 
بھی کھڑا ہے۔ مغلیہ دور میں پرسنگ (یا فرسخ) بھی استعمال ہوتا رہا۔ پرسنگ وہ فاصلہ
 ہے جو گھوڑا چل کر ایک گھنٹے[]
 []


Underfull \hbox (badness 4353) in paragraph at lines 574--576
[]\TU/JameelNooriNastaleeq(2)/b/n/10 میں طے کرتا ہے۔ یوں ایک پرسنگ تقریباً $\OT
1/ppl/m/n/10 3$ \TU/JameelNooriNastaleeq(2)/b/n/10 میل کے برابر ہے۔ موٹروے پر ل
اہور سے ملتان تک کا فاصلہ$\OT1/ppl/m/n/10 350 []$\TU/JameelNooriNastaleeq(2)/b/
n/10 اور$\OT1/ppl/m/n/10 306 m$\TU/JameelNooriNastaleeq(2)/b/n/10 ہے۔ یہ فاصلہ 
کتنے[]
 []

[15]
LaTeX Info: Redefining \rmfamily on input line 582.
LaTeX Info: Redefining \sffamily on input line 582.
LaTeX Info: Redefining \ttfamily on input line 582.

Underfull \hbox (badness 10000) in paragraph at lines 578--583
[] \TU/JameelNooriNastaleeq(2)/b/n/10 سوال  ۱.۳۴:  موجودہ دور میں ایک گز$\OT1/p
pl/m/n/10 36$ \TU/AASameerSagarNastaleeqBold(0)/m/n/10 انچ [][] \TU/JameelNoori
Nastaleeq(2)/b/n/10 یعنی تین فٹ کے برابر مانا جاتا ہے۔ پاکستان میں اراضی کی پیم
ائش ایکڑ، کنال، مرلہ میں کی جاتی[]
 []


Underfull \hbox (badness 10000) in paragraph at lines 578--583
[]\TU/JameelNooriNastaleeq(2)/b/n/10 ہے۔ ایک ایکڑ میں آٹھ کنال اور ایک کنال$\OT
1/ppl/m/n/10 20$\TU/JameelNooriNastaleeq(2)/b/n/10 مرلہ کے برابر ہے۔ ایک کنال ٹ
ھیک$\OT1/ppl/m/n/10 605$\TU/JameelNooriNastaleeq(2)/b/n/10 مربع گز یعنی$\OT1/pp
l/m/n/10 505.857 m[]$ \TU/JameelNooriNastaleeq(2)/b/n/10 کے برابر ہے۔[]
 []

LaTeX Info: Redefining \rmfamily on input line 589.
LaTeX Info: Redefining \sffamily on input line 589.
LaTeX Info: Redefining \ttfamily on input line 589.

Underfull \hbox (badness 6157) in paragraph at lines 585--590
[] \TU/JameelNooriNastaleeq(2)/b/n/10 سوال  ۱.۳۵:  ایک \TU/AASameerSagarNastale
eqBold(0)/m/n/10 من [][] \TU/JameelNooriNastaleeq(2)/b/n/10 وزن دس  \TU/AASamee
rSagarNastaleeqBold(0)/m/n/10 دھڑی \TU/JameelNooriNastaleeq(2)/b/n/10 کے برابر،
 ایک دھڑی چار  \TU/AASameerSagarNastaleeqBold(0)/m/n/10 سیر \TU/JameelNooriNast
aleeq(2)/b/n/10 کے برابر، ایک سیر چار  \TU/AASameerSagarNastaleeqBold(0)/m/n/10
 پاو \TU/JameelNooriNastaleeq(2)/b/n/10 کے برابر، اور ایک پاو چار  \TU/AASameer
SagarNastaleeqBold(0)/m/n/10 چھٹانک \TU/JameelNooriNastaleeq(2)/b/n/10 کے[]
 []


Underfull \hbox (badness 10000) in paragraph at lines 585--590
[]\TU/JameelNooriNastaleeq(2)/b/n/10 برابر ہے۔ ایک من ٹھیک$\OT1/ppl/m/n/10 37.3
242 []$\TU/JameelNooriNastaleeq(2)/b/n/10 کے برابر ہے۔ ایک شخص تین من دو دھڑی پ
انچ سیر تین پاو اور دو چھٹانک گندم خریدتا ہے۔ گندم کی[]
 []

LaTeX Info: Redefining \rmfamily on input line 596.
LaTeX Info: Redefining \sffamily on input line 596.
LaTeX Info: Redefining \ttfamily on input line 596.

Underfull \hbox (badness 10000) in paragraph at lines 599--604
[] \TU/JameelNooriNastaleeq(2)/b/n/10 سوال  ۱.۳۷:  چینی کے کعبی دانے کا ضلع $\O
T1/ppl/m/n/10 1 []$\TU/JameelNooriNastaleeq(2)/b/n/10 ہے۔ اگر کعبی ڈبے میں ایک 
\TU/JameelNooriNastaleeq(2)/m/n/9 مول  \TU/JameelNooriNastaleeq(2)/b/n/10 چینی 
کے کعبی دانے ہوں، ڈبے کا ضلع کیا ہو گا؟ (ایک مول[]
 []


Underfull \hbox (badness 10000) in paragraph at lines 604--609
[] \TU/JameelNooriNastaleeq(2)/b/n/10 سوال  ۱.۳۸:  ایک یوسف زئی خان کے پاس$\OT1
/ppl/m/n/10 12$\TU/JameelNooriNastaleeq(2)/b/n/10 ہزار جریب کی اراضی ہے۔ ایک جر
یب چار کنال کے برابر ہے، اور ایک[]
 []


Underfull \hbox (badness 10000) in paragraph at lines 611--618
[] \TU/JameelNooriNastaleeq(2)/b/n/10 سوال  ۱.۳۹:  برطانوی گیلن امریکی گیلن سے 
مختلف ہے: ایک برطانوی گیلن $\OT1/ppl/m/n/10 4.546 090$ \TU/JameelNooriNastaleeq
(2)/b/n/10 لیٹر ، جبکہ ایک امریکی گیلن $\OT1/ppl/m/n/10 3.785 411 8$ \TU/Jameel
NooriNastaleeq(2)/b/n/10 لیٹر کے[]
 []


Underfull \hbox (badness 10000) in paragraph at lines 611--618
[]\TU/JameelNooriNastaleeq(2)/b/n/10 برابر ہے۔ برطانیہ میں خریدی گئی گاڑی کے بن
انے والے دعویٰ کرتے ہیں کہ ان کی گاڑی ایک گیلن تیل میں$\OT1/ppl/m/n/10 40 []$\T
U/JameelNooriNastaleeq(2)/b/n/10 فاصلہ طے کرتی ہے۔ ایک شخص[]
 []


Underfull \hbox (badness 10000) in paragraph at lines 630--635
[] \TU/JameelNooriNastaleeq(2)/b/n/10 سوال  ۱.۴۲:  پانی ($[][][][]$) کے سالمہ م
یں دو ہائیڈروجن اور ایک آکسیجن جوہر پایا جاتا ہے۔ ہائیڈروجن جوہر کی کمیت$\OT1/p
pl/m/n/10 1.0 u$\TU/JameelNooriNastaleeq(2)/b/n/10 اور آکسیجن جوہر کی[]
 []


Underfull \hbox (badness 10000) in paragraph at lines 630--635
[]\TU/JameelNooriNastaleeq(2)/b/n/10 کمیت$\OT1/ppl/m/n/10 16 u$\TU/JameelNooriN
astaleeq(2)/b/n/10 ہے۔ (ا) پانی کے سالمہ کی کمیت کتنے$[]$ ہو گی؟ (ب) دنیا کے تم
ام بحر میں ( تخمیناً) کل$\OT1/ppl/m/n/10 1.4 \OMS/zplm/m/n/10 ^^B \OT1/ppl/m/n/
10 10[] []$\TU/JameelNooriNastaleeq(2)/b/n/10 پانی پایا جاتا ہے۔ اس پانی[]
 []

[16]
LaTeX Info: Redefining \rmfamily on input line 644.
LaTeX Info: Redefining \sffamily on input line 644.
LaTeX Info: Redefining \ttfamily on input line 644.
LaTeX Info: Redefining \rmfamily on input line 649.
LaTeX Info: Redefining \sffamily on input line 649.
LaTeX Info: Redefining \ttfamily on input line 649.

Underfull \hbox (badness 10000) in paragraph at lines 645--650
[] \TU/JameelNooriNastaleeq(2)/b/n/10 سوال  ۱.۴۵:  (ا) بعض اوقات خوردبینی طبیعی
ات میں وقت کی اکائی  \TU/AASameerSagarNastaleeqBold(0)/m/n/10 شیک [][] \TU/Jame
elNooriNastaleeq(2)/b/n/10 استعمال کی جاتی ہے ، جو تقریباً$\OT1/ppl/m/n/10 10[]
 s$\TU/JameelNooriNastaleeq(2)/b/n/10 کے برابر ہے۔ کیا سال میں[]
 []


Underfull \hbox (badness 10000) in paragraph at lines 645--650
[]\TU/JameelNooriNastaleeq(2)/b/n/10 سیکنڈوں سے زیادہ سیکنڈ میں شیک پائے جاتے ہ
یں؟ (ب) زمین پر بنی آدم $\OML/zplm/m/it/10 e\OT1/ppl/m/n/10 6$\TU/JameelNooriNa
staleeq(2)/b/n/10 سال گزار چکا ہے، جبکہ کائنات$\OML/zplm/m/it/10 e\OT1/ppl/m/n/
10 10$\TU/JameelNooriNastaleeq(2)/b/n/10 سال پرانی ہے۔ اگر کائنات کی پوری عمر[]

 []


Underfull \hbox (badness 10000) in paragraph at lines 645--650
[]\TU/JameelNooriNastaleeq(2)/b/n/10 ایک ”کائناتی دن “ تصور کی جائے ، جس میں ”ک
ائناتی سیکنڈ “ کی تعداد اتنی ہی ہو جتنی ایک سادہ دن میں سادہ سیکنڈوں کی تعداد ہ
وتی ہے، تو بنی آدم کتنے سیکنڈ سے[]
 []

LaTeX Info: Redefining \rmfamily on input line 660.
LaTeX Info: Redefining \sffamily on input line 660.
LaTeX Info: Redefining \ttfamily on input line 660.

Underfull \hbox (badness 3977) in paragraph at lines 656--661
[] \TU/JameelNooriNastaleeq(2)/b/n/10 سوال  ۱.۴۷:  سورج اور زمین کے درمیان اوسط
 فاصلے کو ایک  \TU/AASameerSagarNastaleeqBold(0)/m/n/10 فلکیاتی اکائی [][] \TU/
JameelNooriNastaleeq(2)/b/n/10 کہتے ہیں۔ روشنی کی رفتار تقریباً$\OT1/ppl/m/n/10
 3.0 \OMS/zplm/m/n/10 ^^B \OT1/ppl/m/n/10 10[] m s[]$\TU/JameelNooriNastaleeq(2
)/b/n/10 ہے۔[]
 []


Underfull \hbox (badness 10000) in paragraph at lines 661--666
[] \TU/JameelNooriNastaleeq(2)/b/n/10 سوال  ۱.۴۸:  مشرقی نیولا کی کمیت تقریباً$
\OT1/ppl/m/n/10 75 g$\TU/JameelNooriNastaleeq(2)/b/n/10 ہوتی ہے، جو تخمیناً $\O
T1/ppl/m/n/10 7.5$\TU/JameelNooriNastaleeq(2)/b/n/10 مول جوہر کے برابر ہے۔ (جوہ
روں کا ایک مول $\OT1/ppl/m/n/10 6.02\OML/zplm/m/it/10 e\OT1/ppl/m/n/10 23$\TU/J
ameelNooriNastaleeq(2)/b/n/10 جوہر کے برابر[]
 []

LaTeX Info: Redefining \rmfamily on input line 670.
LaTeX Info: Redefining \sffamily on input line 670.
LaTeX Info: Redefining \ttfamily on input line 670.

Underfull \hbox (badness 1354) in paragraph at lines 666--671
[] \TU/JameelNooriNastaleeq(2)/b/n/10 سوال  ۱.۴۹:  جاپان میں لمبائی کی روایتی ا
کائی \TU/AASameerSagarNastaleeqBold(0)/m/n/10 کین [][] \TU/JameelNooriNastaleeq
(2)/b/n/10 ہے۔ (ایک کین $\OT1/ppl/m/n/10 1.97 m$ \TU/JameelNooriNastaleeq(2)/b/
n/10 کے برابر ہے۔)(ا) مربع کین اور مربع میٹر کی نسبت اور (ب) کعبی[]
 []


Underfull \hbox (badness 4205) in paragraph at lines 671--676
[] \TU/JameelNooriNastaleeq(2)/b/n/10 سوال  ۱.۵۰:  آپ مشرق کی طرف$\OT1/ppl/m/n/
10 24.5$ \TU/JameelNooriNastaleeq(2)/b/n/10 میل کشتی چلاتے ہیں جبکہ آپ کو$\OT1/
ppl/m/n/10 24.5$\TU/JameelNooriNastaleeq(2)/b/n/10 سمندری میل سفر کرنا تھا۔ ایک
 سمندری میل $\OT1/ppl/m/n/10 1.1508$ \TU/JameelNooriNastaleeq(2)/b/n/10 زمینی[]

 []

) [17]
\openout2 = `./tex/motionAlongStraightLine.aux'.

 (./tex/motionAlongStraightLine.tex [18





]
باب \farsidigits{2}.
LaTeX Font Info:    Font shape `TU/JameelNooriNastaleeq(2)/m/n' will be
(Font)              scaled to size 20.74pt on input line 1.
LaTeX Font Info:    Font shape `TU/JameelNooriNastaleeq(2)/b/n' will be
(Font)              scaled to size 20.74pt on input line 1.
) [19]
\openout2 = `./tex/vectors.aux'.

 (./tex/vectors.tex [20





]
باب \farsidigits{3}.

Underfull \hbox (badness 10000) in paragraph at lines 14--18
[] \TU/JameelNooriNastaleeq(2)/b/n/10 سوال  ۳.۳:  سمتیہ a کا x جزو - $\OT1/ppl/
m/n/10 25 m$ \TU/JameelNooriNastaleeq(2)/b/n/10 اور y جزو + $\OT1/ppl/m/n/10 40
 m$ \TU/JameelNooriNastaleeq(2)/b/n/10 ہے۔ الف سمتیہ a کا قدر کتنا ہے؟ ب سمتیہ 
a کے رخ اور محور x کے مثبت رخ کے بیچ[]
 []


Underfull \hbox (badness 10000) in paragraph at lines 18--22
[] \TU/JameelNooriNastaleeq(2)/b/n/10 سوال  ۳.۴:  درج ذیل زاویوں کو ریڈیئن میں 
بیان کریں: الف $\OT1/ppl/m/n/10 20[]$ \TU/JameelNooriNastaleeq(2)/b/n/10 ، ب $\
OT1/ppl/m/n/10 50[]$ \TU/JameelNooriNastaleeq(2)/b/n/10 ، ج $\OT1/ppl/m/n/10 10
0[]$ \TU/JameelNooriNastaleeq(2)/b/n/10 ۔ درج ذیل زاویوں کو درجات کی صورت میں پ
یش[]
 []


Underfull \hbox (badness 10000) in paragraph at lines 22--26
[] \TU/JameelNooriNastaleeq(2)/b/n/10 سوال  ۳.۵:  ایک بحری جہاز شمال کے رخ $\OT
1/ppl/m/n/10 120 []$ \TU/JameelNooriNastaleeq(2)/b/n/10 دور نقطہ کی جانب پہنچنا
 چاہتا ہے۔ سفر کے آغاز سے پہلے ہی ایک غیر متوقع آندھی اس کو نقطہ آغاز[]
 []


Underfull \hbox (badness 10000) in paragraph at lines 22--26
[]\TU/JameelNooriNastaleeq(2)/b/n/10 سے مشرق جانب $\OT1/ppl/m/n/10 100 []$ \TU/
JameelNooriNastaleeq(2)/b/n/10 دور دکھیلتا ہے۔ اس جہاز کو اختتامی نقطہ پر پہنچن
ے کے لیے الف کتنا فاصلہ طے کرنا ہوگا طے کرنا ہوگا اور (ب) اسے کس رخ سفر[]
 []


Underfull \hbox (badness 10000) in paragraph at lines 30--34
[] \TU/JameelNooriNastaleeq(2)/b/n/10 سوال  ۳.۷:  ایک ہٹاو جس کا قدر $\OT1/ppl/
m/n/10 3 m$ \TU/JameelNooriNastaleeq(2)/b/n/10 ہے اور دوسرا ہٹاو جس کا قدر $\OT
1/ppl/m/n/10 4 m$ \TU/JameelNooriNastaleeq(2)/b/n/10 ہے پر غور کریں۔ دکھائیں کہ
 ان ہٹاو سمتیات کو استعمال کرتے ہوئے[]
 []


Underfull \hbox (badness 10000) in paragraph at lines 34--38
[] \TU/JameelNooriNastaleeq(2)/b/n/10 سوال  ۳.۸:  ایک شخص $\OT1/ppl/m/n/10 3.1 
[]$ \TU/JameelNooriNastaleeq(2)/b/n/10 شمال کی طرف چلنے کے بعد $\OT1/ppl/m/n/10
 2.4 []$ \TU/JameelNooriNastaleeq(2)/b/n/10 مغرب اور آخر میں $\OT1/ppl/m/n/10 5
.2 []$ \TU/JameelNooriNastaleeq(2)/b/n/10 جنوب کے رخ چلتا ہے۔ (الف) اس[]
 []


Underfull \hbox (badness 10000) in paragraph at lines 34--38
[]\TU/JameelNooriNastaleeq(2)/b/n/10 کے حرکت کو ظاہر کرنے کے لیے سمتی نقشہ بنائ
یں۔ ایک پرندہ اس نقطہ آغاز سے سیدھا نقطہ اختتام تک اڑتے ہوئے (ب) کتنا فاصلہ طے 
کرے گا اور (ج) کس[]
 []

[21]
Underfull \hbox (badness 10000) in paragraph at lines 58--62
[] \TU/JameelNooriNastaleeq(2)/b/n/10 سوال  ۳.۱۲:  ایک گاڑی کو مشرق کی طرف $\OT
1/ppl/m/n/10 50 []$ \TU/JameelNooriNastaleeq(2)/b/n/10 ، اس کے بعد شمال کی طرف 
$\OT1/ppl/m/n/10 30 []$ \TU/JameelNooriNastaleeq(2)/b/n/10 اور آخر میں شمال سے 
مشرق جانب $\OT1/ppl/m/n/10 30[]$ \TU/JameelNooriNastaleeq(2)/b/n/10 کے رخ[]
 []


Underfull \hbox (badness 10000) in paragraph at lines 62--67
[] \TU/JameelNooriNastaleeq(2)/b/n/10 سوال  ۳.۱۳:  ایک شخص آپنے موجودہ مقام سے 
$\OT1/ppl/m/n/10 3.4 []$ \TU/JameelNooriNastaleeq(2)/b/n/10 دور شمال سے مشرق جا
نب $\OT1/ppl/m/n/10 35[]$ \TU/JameelNooriNastaleeq(2)/b/n/10 کے رخ مقام پر پہنچ
نا چاہتا ہے۔ تاہم اس کو مجبوراً ایسی[]
 []


Underfull \hbox (badness 6204) in paragraph at lines 67--71
[] \TU/JameelNooriNastaleeq(2)/b/n/10 سوال  ۳.۱۴:  ہموار سہرا میں $\OML/zplm/m/
it/10 xy$ \TU/JameelNooriNastaleeq(2)/b/n/10 محددی نظام کے مبدا سے آغاز کرتے ہو
ئے $\OML/zplm/m/it/10 xy$ \TU/JameelNooriNastaleeq(2)/b/n/10 محدد (مائنس 14 میٹ
ر کم 30 میٹر) ($\OMS/zplm/m/n/10 ^^@\OT1/ppl/m/n/10 140 m$\TU/JameelNooriNastal
eeq(2)/b/n/10 , $\OT1/ppl/m/n/10 30 m$\TU/JameelNooriNastaleeq(2)/b/n/10 )[]
 []


Underfull \hbox (badness 10000) in paragraph at lines 67--71
[]\TU/JameelNooriNastaleeq(2)/b/n/10 کہ مقام کو پہنچنا چاہتے ہیں۔ آپ کو صرف چار
 مرتبہ سیدھ میں چلنے کی اجازت ہے۔ آپ کی حرکت کے $\OML/zplm/m/it/10 x$ \TU/Jamee
lNooriNastaleeq(2)/b/n/10 اور $\OML/zplm/m/it/10 y$ \TU/JameelNooriNastaleeq(2)
/b/n/10 اجزاء میٹروں میں بالترتیب درج ذیل ہیں:[]
 []


Underfull \hbox (badness 10000) in paragraph at lines 67--71
[]\TU/JameelNooriNastaleeq(2)/b/n/10 ($\OT1/ppl/m/n/10 60$ \TU/JameelNooriNasta
leeq(2)/b/n/10 اور $\OT1/ppl/m/n/10 20$\TU/JameelNooriNastaleeq(2)/b/n/10 ) ، ا
س کے بعد ($\OMS/zplm/m/n/10 ^^@\OT1/ppl/m/n/10 70$ \TU/JameelNooriNastaleeq(2)/
b/n/10 اور $\OML/zplm/m/it/10 bx$\TU/JameelNooriNastaleeq(2)/b/n/10 ) ، اس کے ب
عد ($\OML/zplm/m/it/10 c$ \TU/JameelNooriNastaleeq(2)/b/n/10 اور $\OT1/ppl/m/n/
10 20\OMS/zplm/m/n/10 ^^@$\TU/JameelNooriNastaleeq(2)/b/n/10 ) ، اور آخر میں ($
\OT1/ppl/m/n/10 60\OMS/zplm/m/n/10 ^^@$ \TU/JameelNooriNastaleeq(2)/b/n/10 اور 
$\OT1/ppl/m/n/10 70\OMS/zplm/m/n/10 ^^@$\TU/JameelNooriNastaleeq(2)/b/n/10 )۔ ب
تائیں (الف) جوز $\OML/zplm/m/it/10 bx$[]
 []


Underfull \hbox (badness 10000) in paragraph at lines 71--75
[] \TU/JameelNooriNastaleeq(2)/b/n/10 سوال  ۳.۱۵:  شکل $\OT1/ppl/m/n/10 3.28$ \
TU/JameelNooriNastaleeq(2)/b/n/10 میں دکھائے گئے سمتیات $\OML/zplm/m/it/10 a$ \
TU/JameelNooriNastaleeq(2)/b/n/10 اور $\OML/zplm/m/it/10 b$ \TU/JameelNooriNast
aleeq(2)/b/n/10 دونوں کے قدر $\OT1/ppl/m/n/10 10 m$ \TU/JameelNooriNastaleeq(2)
/b/n/10 ہیں جبکہ ان کے زاویات $\OML/zplm/m/it/10 ^^R[] \OT1/zplm/m/n/10 = \OT1/
ppl/m/n/10 30[]$ \TU/JameelNooriNastaleeq(2)/b/n/10 اور[]
 []


Underfull \hbox (badness 5119) in paragraph at lines 75--79
[] \TU/JameelNooriNastaleeq(2)/b/n/10 سوال  ۳.۱۶:  ہٹاو سمتیات $[] \OT1/zplm/m/
n/10 = (\OT1/ppl/m/n/10 3 m\OT1/zplm/m/n/10 )[] + (\OT1/ppl/m/n/10 4 m\OT1/zplm
/m/n/10 )[]$ \TU/JameelNooriNastaleeq(2)/b/n/10 اور $[] \OT1/zplm/m/n/10 = (\OT
1/ppl/m/n/10 5 m\OT1/zplm/m/n/10 )[] + (\OMS/zplm/m/n/10 ^^@\OT1/ppl/m/n/10 2 m
\OT1/zplm/m/n/10 )[]$ \TU/JameelNooriNastaleeq(2)/b/n/10 کے لئے (الف)[]
 []


Underfull \hbox (badness 1910) in paragraph at lines 75--79
[]\TU/JameelNooriNastaleeq(2)/b/n/10 اکائی سمتیہ علامتیت میں، اور (ب) قدر اور (
ج) سمتیہ $\OML/zplm/m/it/10 i$ \TU/JameelNooriNastaleeq(2)/b/n/10 کے لحاظ سے زا
ویہ کی صورت میں $\OML/zplm/m/it/10 a \OT1/zplm/m/n/10 + \OML/zplm/m/it/10 b$ \T
U/JameelNooriNastaleeq(2)/b/n/10 بیان کریں۔ اسی طرح (د) اکائی سمتیہ علامتیت میں
، اور[]
 []


Underfull \hbox (badness 10000) in paragraph at lines 79--83
[] \TU/JameelNooriNastaleeq(2)/b/n/10 سوال  ۳.۱۷:  تین سمتیات $\OML/zplm/m/it/1
0 a$ \TU/JameelNooriNastaleeq(2)/b/n/10 ، $\OML/zplm/m/it/10 b$ \TU/JameelNoori
Nastaleeq(2)/b/n/10 ، اور $\OML/zplm/m/it/10 c$ \TU/JameelNooriNastaleeq(2)/b/n
/10 مستوی $\OML/zplm/m/it/10 xy$ \TU/JameelNooriNastaleeq(2)/b/n/10 میں پائے جا
تے ہیں اور ہر ایک کا قدر $\OT1/ppl/m/n/10 50 m$ \TU/JameelNooriNastaleeq(2)/b/n
/10 ہے۔ مثبت $\OML/zplm/m/it/10 x$ \TU/JameelNooriNastaleeq(2)/b/n/10 محور کے ر
خ کے لحاظ سے ان[]
 []


Underfull \hbox (badness 5741) in paragraph at lines 87--92
[] \TU/JameelNooriNastaleeq(2)/b/n/10 سوال  ۳.۱۹:  یک باغیچہ میں $\OT1/ppl/m/n/
10 1 m$ \TU/JameelNooriNastaleeq(2)/b/n/10 اطراف کے چوکور خانوں کا شطرنج کی کھی
ل کا میدان بنایا جاتا ہے ایک گھوڑا درج ذیل قدم لیتا ہے: $\OT1/ppl/m/n/10 1$ \TU
/JameelNooriNastaleeq(2)/b/n/10 دو چوکور (قدم)[]
 []


Underfull \hbox (badness 10000) in paragraph at lines 87--92
[]\TU/JameelNooriNastaleeq(2)/b/n/10 آگے، ایک چوکور دائیں؛ $\OT1/ppl/m/n/10 2$ 
\TU/JameelNooriNastaleeq(2)/b/n/10 دو چوکور بائیں، ایک چوکور آگے؛ $\OT1/ppl/m/n
/10 3$ \TU/JameelNooriNastaleeq(2)/b/n/10 دو چوکور آگے، ایک چوکور بائیں۔ آگے چل
نے کے رخ کے لحاظ سے گھوڑا کے مجموعی ہٹاو کا[]
 []

) [22] [23]
\openout2 = `./tex/motionInTwoAndThreeDimensions.aux'.

 (./tex/motionInTwoAndThreeDimensions.tex [24





]
باب \farsidigits{4}.
) [25]
\openout2 = `./tex/forceAndMotionA.aux'.

 (./tex/forceAndMotionA.tex [26





]
باب \farsidigits{5}.
) [27]
\openout2 = `./tex/forceAndMotionB.aux'.

 (./tex/forceAndMotionB.tex [28





]
باب \farsidigits{6}.
) [29]
\openout2 = `./tex/kineticEnergyAndWork.aux'.

 (./tex/kineticEnergyAndWork.tex [30





]
باب \farsidigits{7}.
) [31]
\openout2 = `./tex/potentialEnergyAndConservationOfEnergy.aux'.

 (./tex/potentialEnergyAndConservationOfEnergy.tex [32





]
باب \farsidigits{8}.

Underfull \hbox (badness 10000) in paragraph at lines 12--14
[]\TU/JameelNooriNastaleeq(2)/b/n/10 آئیں اب زمینی سطح راہ اور تیراک کی حراری ت
وانائی میں تبدیلی $\OT1/zplm/m/n/10 ^^A\OML/zplm/m/it/10 E[]$ \TU/JameelNooriNa
staleeq(2)/b/n/10 کی بات کرتے ہیں۔ مساوات 8.31 سے $\OT1/zplm/m/n/10 ^^A\OML/zpl
m/m/it/10 E[]$ \TU/JameelNooriNastaleeq(2)/b/n/10 کے لئے (رگڑی قوت قدر ضرب[]
 []


Underfull \hbox (badness 10000) in paragraph at lines 12--14
[]\TU/JameelNooriNastaleeq(2)/b/n/10 ساتھ افقی حرکت کرتا ہے لہٰذا $\OML/zplm/m/
it/10 F[]$ \TU/JameelNooriNastaleeq(2)/b/n/10 کی قدر $\OML/zplm/m/it/10 mg$ \TU
/JameelNooriNastaleeq(2)/b/n/10 کے برابر ہو گی (اوپر وار اور نشیب وار قوت برابر
 ہوں گی)۔ یوں میکانی توانائی سے رگڑ درج ذیل مقدار[]
 []

LaTeX Info: Redefining \rmfamily on input line 19.
LaTeX Info: Redefining \sffamily on input line 19.
LaTeX Info: Redefining \ttfamily on input line 19.

Underfull \hbox (badness 10000) in paragraph at lines 30--31
[][]\TU/JameelNooriNastaleeq(2)/b/n/10 آخر میں اس بات پر توجہ دیں کہ ریاضی حل ک
تنا آسان تھا۔سوچ سمجھ کر نظام تعین کر کے یاد رکھتے ہوئے کہ یہ جدا نظام ہے، ہم ت
وانائی کی بقا کا قانون استعمال کر[]
 []


Underfull \hbox (badness 10000) in paragraph at lines 30--31
[]\TU/JameelNooriNastaleeq(2)/b/n/10 پاتے ہیں۔ یوں نظام کے ابتدائی اور اختتامی 
حال توانائیوں کو ، درمیانے حال جانے بغیر، برابر رکھا جا سکتا ہے۔ بالخصوص، غیر ہ
موار راہ پر تیراک کی حرکت پر غور[]
 []

[33]
Underfull \hbox (badness 10000) in paragraph at lines 34--35
[]\TU/JameelNooriNastaleeq(2)/b/n/10 وہ قوت، جو کسی بند راہ پر حرکت کرتے ہوئے ذ
رہ پر ، کسی ابتدائی نقطہ سے چل کر اسی نقطہ پر واپس پہنچ کر ، صفر صافی کام کرتی 
ہو \TU/AASameerSagarNastaleeqBold(0)/m/n/10 بقائی قوت \TU/JameelNooriNastaleeq(
2)/b/n/10 ہو گی۔ ہم یوں[]
 []


Underfull \hbox (badness 10000) in paragraph at lines 34--35
[]\TU/JameelNooriNastaleeq(2)/b/n/10 بھی کہہ سکتے ہیں کہ اگر ایک قوت دو نقطوں ک
ے بیچ حرکت کرتے ہوئے ذرے پر جو صافی کام کرے وہ راہ پر منحصر نہ ہو تب قوت بقائی 
ہو گی۔ تجاذبی قوت اور[]
 []


Underfull \hbox (badness 7326) in paragraph at lines 37--38
[]\TU/JameelNooriNastaleeq(2)/b/n/10 وہ توانائی جو ایسے نظام کی تشکیل کے ساتھ و
ابستہ ہو جس میں بقائی قوت عمل پیرا ہو  \TU/AASameerSagarNastaleeqBold(0)/m/n/10
 مخفی توانائی  \TU/JameelNooriNastaleeq(2)/b/n/10 کہلاتی ہے۔ جب نظام کے اندر ذر
ے پر بقائی قوت کام $\OML/zplm/m/it/10 W$[]
 []

[34]
Underfull \hbox (badness 10000) in paragraph at lines 67--69
[]\TU/AASameerSagarNastaleeqBold(0)/m/n/10 جدا نظام \TU/JameelNooriNastaleeq(2)
/b/n/10 سے مراد وہ نظام ہے جس میں”بیرونی قوت “ توانائی کی تبدیلی کا سبب نہیں بن
تی۔ اگر صرف تجاذبی قوتیں جدا نظام کے اندرون کام کرتی ہوں، تب[]
 []


Underfull \hbox (badness 10000) in paragraph at lines 81--83
[]\TU/JameelNooriNastaleeq(2)/b/n/10 اگر تفاعل $\OML/zplm/m/it/10 U\OT1/zplm/m/
n/10 (\OML/zplm/m/it/10 x\OT1/zplm/m/n/10 )$ \TU/JameelNooriNastaleeq(2)/b/n/10
 کی ترسیم دی گئی ہو، کسی بھی نقطہ $\OML/zplm/m/it/10 x$ \TU/JameelNooriNastalee
q(2)/b/n/10 پر ، ترسیم کی ڈھال کی نفی اس نقطہ پر قوت $\OML/zplm/m/it/10 F\OT1/z
plm/m/n/10 (\OML/zplm/m/it/10 x\OT1/zplm/m/n/10 )$ \TU/JameelNooriNastaleeq(2)/
b/n/10 ہو گی اور ذرے کی حرکی توانائی درج ذیل ہو گی،[]
 []


Underfull \hbox (badness 4940) in paragraph at lines 89--90
[]\TU/JameelNooriNastaleeq(2)/b/n/10 کام $\OML/zplm/m/it/10 W$ \TU/JameelNooriN
astaleeq(2)/b/n/10 سے مراد وہ توانائی ہے جو نظام پر بیرونی قوت کے عمل کی بنا نظ
ام سے باہر یا نظام کے اندر منتقل ہو۔ جہاں ایک سے زیادہ قوتیں عمل پیرا ہوں وہاں 
منتقل[]
 []

[35]
Underfull \hbox (badness 10000) in paragraph at lines 92--94
[]\TU/JameelNooriNastaleeq(2)/b/n/10 نظام کے اندر حرکی رگڑی قوت کی موجودگی میں 
میں نظام کی حری توانائی $\OML/zplm/m/it/10 E[]$ \TU/JameelNooriNastaleeq(2)/b/n
/10 تبدیل ہو گی۔ (حری توانائی نظام میں جوہر اور سالموں کی بلا منصوبہ حرکت سے[]
 []


Underfull \hbox (badness 5050) in paragraph at lines 103--104
[]\TU/JameelNooriNastaleeq(2)/b/n/10 نظام کی \TU/AASameerSagarNastaleeqBold(0)/
m/n/10 کل توانائی  \TU/JameelNooriNastaleeq(2)/b/n/10 (جو میکانی توانائی اور ان
درونی توانائیوں ، بشمول حری توانائی ، کا مجموعہ ہو گا) میں تبدیلی اس توانائی کے
 برابر ہو گی جو نظام سے باہر یا نظام کے[]
 []


Underfull \hbox (badness 10000) in paragraph at lines 119--120
[]\TU/JameelNooriNastaleeq(2)/b/n/10 قوت کی بنا طاقت، اس توانائی کے انتقال کی ش
رح کو کہتے ہیں ، جو قوت منتقل کرتی ہے۔ یوں $\OT1/zplm/m/n/10 ^^A\OML/zplm/m/it/
10 t$ \TU/JameelNooriNastaleeq(2)/b/n/10 دورانیہ میں اگر قوت توانائی $\OT1/zplm
/m/n/10 ^^A\OML/zplm/m/it/10 E$ \TU/JameelNooriNastaleeq(2)/b/n/10 منتقل کرتی ہ
و تب اس[]
 []


Underfull \hbox (badness 10000) in paragraph at lines 131--133
[]\TU/JameelNooriNastaleeq(2)/b/n/10 سوال  ۸.۱:  شکل 8.18 میں افقی حرکت کرتا ہو
ا جسم نقطہ دار اختتامی لکیر تک تین بلا رگڑ راستوں سے پہنچ سکتا ہے، جن میں فقط ب
لندی کا فرق ہے۔ ان راہ[]
 []


Underfull \hbox (badness 10000) in paragraph at lines 131--133
[]\TU/JameelNooriNastaleeq(2)/b/n/10 کی درجہ بندی (ا) اختتامی لکیر پر جسم کی رف
تار کے لحاظ سے اور (ب) اختتامی لکیر تک جسم کے پہنچنے کے دورانیہ حرکت کے لحاظ سے
 کریں؛ زیادہ قیمت کا نتیجہ اول[]
 []

[36]
Underfull \hbox (badness 2326) in paragraph at lines 133--137
[] \TU/JameelNooriNastaleeq(2)/b/n/10 سوال  ۸.۲:  ایک ذرے کی مخفی توانائی تفاعل
 شکل 8.19 میں پیش ہے۔ (ا) ذرے پر قوت کی قدر کے لحاظ سے خطہ $\OML/zplm/m/it/10 A
B$\TU/JameelNooriNastaleeq(2)/b/n/10 ، $\OML/zplm/m/it/10 BC$\TU/JameelNooriNas
taleeq(2)/b/n/10 ، $\OML/zplm/m/it/10 CD$\TU/JameelNooriNastaleeq(2)/b/n/10 ، ا
ور $\OML/zplm/m/it/10 DE$[]
 []


Underfull \hbox (badness 10000) in paragraph at lines 133--137
[]\TU/JameelNooriNastaleeq(2)/b/n/10 کی درجہ بندی کریں۔ زیادہ قیمت کا نتیجہ اول
 رکھیں۔ (ب) بائیں مخفی توانائی کنواں میں پھنس جانے کے لئے ذرے کی میکانی توانائی
 $\OML/zplm/m/it/10 E[]$ \TU/JameelNooriNastaleeq(2)/b/n/10 کو کس قیمت سے[]
 []


Underfull \hbox (badness 10000) in paragraph at lines 133--137
[]\TU/JameelNooriNastaleeq(2)/b/n/10 تجاوز کرنے کی اجازت نہیں؟ (ج) دائیں کنواں 
میں پھنسنے کے لئے یہ قیمت کیا ہو گی؟ (د) دونوں کنووں میں حرکت کر سکنے لیکن نقطہ
 $\OML/zplm/m/it/10 H$ \TU/JameelNooriNastaleeq(2)/b/n/10 سے دائیں نکلنے کی[]
 []


Underfull \hbox (badness 10000) in paragraph at lines 133--137
[]\TU/JameelNooriNastaleeq(2)/b/n/10 صلاحیت نہ رکھنے کی صورت میں وہ قیمت کیا ہو
 گی؟ جزو د کی صورت میں $\OML/zplm/m/it/10 BC$\TU/JameelNooriNastaleeq(2)/b/n/10
 ، $\OML/zplm/m/it/10 DE$\TU/JameelNooriNastaleeq(2)/b/n/10 ، اور $\OML/zplm/m/
it/10 FG$ \TU/JameelNooriNastaleeq(2)/b/n/10 میں سے کس خطہ میں ذرے کی حرکی توان
ائی (ہ) زیادہ[]
 []

Missing character: There is no م ("645) in font zplmr7m!
Missing character: There is no ی ("6CC) in font zplmr7m!
Missing character: There is no ک ("6A9) in font zplmr7m!
Missing character: There is no ا ("627) in font zplmr7m!
Missing character: There is no ن ("646) in font zplmr7m!
Missing character: There is no ی ("6CC) in font zplmr7m!

Underfull \hbox (badness 10000) in paragraph at lines 137--141
[] \TU/JameelNooriNastaleeq(2)/b/n/10 سوال  ۸.۳:  نقطہ $\OML/zplm/m/it/10 i$ \T
U/JameelNooriNastaleeq(2)/b/n/10 سے نقطہ $\OML/zplm/m/it/10 f$ \TU/JameelNooriN
astaleeq(2)/b/n/10 تک ایک براہ راست راستہ اور چار راستے گھوم کر جاتے ہیں۔ براہ 
راست راستے پر اور تین گھوم کر جانے والے راستوں پر[]
 []


Underfull \hbox (badness 10000) in paragraph at lines 137--141
[]\TU/JameelNooriNastaleeq(2)/b/n/10 ذرے پر بقائی قوت $\OML/zplm/m/it/10 F[]$ \
TU/JameelNooriNastaleeq(2)/b/n/10 عمل کرتی ہے۔ چوتھے راستے پر ذرے پر بقائی قوت 
$\OML/zplm/m/it/10 F[]$ \TU/JameelNooriNastaleeq(2)/b/n/10 اور غیر بقائی قوت $\
OML/zplm/m/it/10 F[]$ \TU/JameelNooriNastaleeq(2)/b/n/10 عمل کرتی ہیں۔ نقطہ $\O
ML/zplm/m/it/10 i$ \TU/JameelNooriNastaleeq(2)/b/n/10 سے نقطہ $\OML/zplm/m/it/1
0 j$ \TU/JameelNooriNastaleeq(2)/b/n/10 جاتے[]
 []


Underfull \hbox (badness 10000) in paragraph at lines 137--141
[]\TU/JameelNooriNastaleeq(2)/b/n/10 ہوئے ذرے کی میکانی توانائی میں تبدیلی $\OT
1/zplm/m/n/10 ^^A\OML/zplm/m/it/10 E[]$ \TU/JameelNooriNastaleeq(2)/b/n/10 ، گھ
وم کر جانے والی راہوں کے ہر سیدھے حصے پر (جاول میں)درج ہے۔ (ا) براہ راست راستے 
پر $\OML/zplm/m/it/10 i$ \TU/JameelNooriNastaleeq(2)/b/n/10 سے $\OML/zplm/m/it/
10 j$[]
 []


Underfull \hbox (badness 10000) in paragraph at lines 141--145
[] \TU/JameelNooriNastaleeq(2)/b/n/10 سوال  ۸.۴:  ایک جسم جسم $\OT1/ppl/m/n/10 
3 m$ \TU/JameelNooriNastaleeq(2)/b/n/10 بلندی سے بلا رگڑ راہ پر رہا کیا جاتا ہے
 (شکل 8.21)۔ چوٹیوں کی بلندیاں شکل میں دی گئی ہیں۔تمام چوٹیاں ایک جیسی[]
 []


Underfull \hbox (badness 10000) in paragraph at lines 141--145
[]\TU/JameelNooriNastaleeq(2)/b/n/10 کرے گا؟ جن چوٹیوں کو جسم پار کر پاتا ہے، ک
س چوٹی پر جسم کی (ج) مرکز مائل قوت زیادہ سے زیادہ ہو گی، اور (د) کس چوٹی پر اس 
کی عمودی قوت کم سے کم ہو[]
 []


Underfull \hbox (badness 10000) in paragraph at lines 145--149
[] \TU/JameelNooriNastaleeq(2)/b/n/10 سوال  ۸.۵:  ایک جسم بلا رگڑ میلان پر $\OM
L/zplm/m/it/10 A$ \TU/JameelNooriNastaleeq(2)/b/n/10 تا $\OML/zplm/m/it/10 C$ \
TU/JameelNooriNastaleeq(2)/b/n/10 حرکت کر نے کے بعد افقی خطہ $\OML/zplm/m/it/10
 CD$ \TU/JameelNooriNastaleeq(2)/b/n/10 سے گزرتا ہے، جہاں رگڑی قوت عمل پیرا ہے۔
 کیا جسم کی حرکی[]
 []


Underfull \hbox (badness 10000) in paragraph at lines 145--149
[]\TU/JameelNooriNastaleeq(2)/b/n/10 توانائی(ا) خطہ $\OML/zplm/m/it/10 AB$\TU/J
ameelNooriNastaleeq(2)/b/n/10 ، (ب) خطہ $\OML/zplm/m/it/10 BC$\TU/JameelNooriNa
staleeq(2)/b/n/10 ، اور (ج) خطہ $\OML/zplm/m/it/10 CD$ \TU/JameelNooriNastaleeq
(2)/b/n/10 میں بڑھتی ہے، گھٹتی ہے، یا مستقل رہتی ہے؟ (د) کیا ان خطوں میں جسم کی
 میکانی توانائی[]
 []


Underfull \hbox (badness 10000) in paragraph at lines 149--153
[] \TU/JameelNooriNastaleeq(2)/b/n/10 سوال  ۸.۶: []ایک بیلن کو، جو انتصابی سلاخ
 پر چڑھا ہوا ہے، رسی سے اوپر کھینچا جاتا ہے (شکل 8.23a)۔ تنگ سوراخ کی بدولت یہ 
سلاخ پر چست بیٹھا ہے[]
 []


Underfull \hbox (badness 2662) in paragraph at lines 149--153
[]\TU/JameelNooriNastaleeq(2)/b/n/10 لہٰذا رگڑی قوت کافی زیادہ ہے۔ آپ کی قوت بی
لن و سلاخ و زمین نظام پر $\OML/zplm/m/it/10 W \OT1/zplm/m/n/10 = \OT1/ppl/m/n/1
0 100 J$ \TU/JameelNooriNastaleeq(2)/b/n/10 کام کرتی ہے (شکل 8.23b)۔نظام کی توا
نائیوں کو شکل[]
 []


Underfull \hbox (badness 10000) in paragraph at lines 149--153
[]\TU/JameelNooriNastaleeq(2)/b/n/10 8.23c میں ”فقرہ بند“ کیا گیا ہے: حرکی توان
ائی $\OML/zplm/m/it/10 K$ \TU/JameelNooriNastaleeq(2)/b/n/10 میں اضافہ $\OT1/pp
l/m/n/10 50 J$\TU/JameelNooriNastaleeq(2)/b/n/10 ، اور تجاذبی توانائی $\OML/zpl
m/m/it/10 U[]$ \TU/JameelNooriNastaleeq(2)/b/n/10 میں اضافہ $\OT1/ppl/m/n/10 20
 J$ \TU/JameelNooriNastaleeq(2)/b/n/10 ہے۔ ان کے علاوہ نظام میں صرف حری[]
 []

LaTeX Info: Redefining \rmfamily on input line 156.
LaTeX Info: Redefining \sffamily on input line 156.
LaTeX Info: Redefining \ttfamily on input line 156.

Underfull \hbox (badness 10000) in paragraph at lines 153--157
[] \TU/JameelNooriNastaleeq(2)/b/n/10 سوال  ۸.۷:  شکل 8.24 میں دکھایا نظام سوال
 [][]۸.۶[][] []میں پیش نظام کی طرح ہے۔ یہاں بیلن سے بندھی رسی آپ نیچے کھینچتے ہ
یں۔ نیچے جاتے ہوئے بیلن میز[]
 []


Underfull \hbox (badness 10000) in paragraph at lines 153--157
[]\TU/JameelNooriNastaleeq(2)/b/n/10 کام کرتے ہیں۔ نظام جسم پر $\OT1/ppl/m/n/10
 60 J$ \TU/JameelNooriNastaleeq(2)/b/n/10 کام کرتا ہے۔ نظام کے اندرون میں حرکی 
توانائی میں $\OT1/ppl/m/n/10 130 J$ \TU/JameelNooriNastaleeq(2)/b/n/10 اضافہ ، 
اور تجاذبی توانائی میں $\OT1/ppl/m/n/10 20 J$ \TU/JameelNooriNastaleeq(2)/b/n/1
0 کمی رونما ہوئی۔ (ا)[]
 []


Underfull \hbox (badness 10000) in paragraph at lines 157--161
[] \TU/JameelNooriNastaleeq(2)/b/n/10 سوال  ۸.۸:  ایک جسم شکل 8.25 میں راہ پر چ
لتے ہوئے $\OML/zplm/m/it/10 h$ \TU/JameelNooriNastaleeq(2)/b/n/10 بلندی سے اترت
ا ہے۔ماسوائے نچلی افقی حصہ کے، جس میں جسم $\OML/zplm/m/it/10 D$ \TU/JameelNoori
Nastaleeq(2)/b/n/10 فاصلہ کرنے کے بعد رک[]
 []


Underfull \hbox (badness 10000) in paragraph at lines 157--161
[]\TU/JameelNooriNastaleeq(2)/b/n/10 جاتا ہے ، راہ بلا رگڑ ہے۔ (ا) بلند $\OML/z
plm/m/it/10 h$ \TU/JameelNooriNastaleeq(2)/b/n/10 کم کرنے سے جسم $\OML/zplm/m/i
t/10 D$ \TU/JameelNooriNastaleeq(2)/b/n/10 سے زیادہ، کم، یا اس کے برابر فاصلہ ط
ے کرے گا؟ (ب) اس کے برعکس، جسم کی کمیت بڑھانے[]
 []

[37]
Underfull \hbox (badness 10000) in paragraph at lines 161--165
[] \TU/JameelNooriNastaleeq(2)/b/n/10 سوال  ۸.۹:  ایک جسم میلان پر اترتا ہے۔ شک
ل 8.26 میں تین صورتیں پیش کی گئی ہیں، جہاں میلان بلا رگڑ نہیں ہیں۔ تینوں صورتوں
 میں جسم ایک جتنی[]
 []


Underfull \hbox (badness 10000) in paragraph at lines 161--165
[]\TU/JameelNooriNastaleeq(2)/b/n/10 بلندی سے آغاز کرتے ہوئے حرکت کرتا ہے حتٰی 
کہ حرکی رگڑی قوت اسے روک پاتی ہے۔ ان صورتوں کی درجہ بندی حر توانائی میں اضافہ ک
ے لحاظ سے کریں۔[]
 []


Underfull \hbox (badness 4569) in paragraph at lines 165--169
[] \TU/JameelNooriNastaleeq(2)/b/n/10 سوال  ۸.۱۰:  تین گیند ایک بلندی اور ایک ر
فتار سے پھینکے جاتے ہیں (شکل 8.27)۔ ایک گیند سیدھا اوپر پھینکا جاتا ہے۔ دوسرا ا
نتصابی لکیر سے معمولی زاویہ[]
 []


Underfull \hbox (badness 10000) in paragraph at lines 169--173
[] \TU/JameelNooriNastaleeq(2)/b/n/10 سوال  ۸.۱۱:  جب ایک ذرہ $\OML/zplm/m/it/1
0 f$ \TU/JameelNooriNastaleeq(2)/b/n/10 سے $\OML/zplm/m/it/10 i$ \TU/JameelNoor
iNastaleeq(2)/b/n/10 اور $\OML/zplm/m/it/10 j$ \TU/JameelNooriNastaleeq(2)/b/n/
10 سے $\OML/zplm/m/it/10 i$\TU/JameelNooriNastaleeq(2)/b/n/10 شکل 8.28 میں دکھا
ئے راستوں پر دکھائے رخ حرکت کرتا ہے، ایک بقائی قوت $[]$ اس پر عمل کر[]
 []


Underfull \hbox (badness 2173) in paragraph at lines 180--184
[] \TU/JameelNooriNastaleeq(2)/b/n/10 سوال  ۸.۲: []پہلی چوٹی جس کی بلندی $\OML/
zplm/m/it/10 h \OT1/zplm/m/n/10 = \OT1/ppl/m/n/10 42 m$ \TU/JameelNooriNastalee
q(2)/b/n/10 کو سر کر کے، بلا رگڑ تفریحی گاڑی جس کی کمیت $\OML/zplm/m/it/10 m \O
T1/zplm/m/n/10 = \OT1/ppl/m/n/10 825 []$ \TU/JameelNooriNastaleeq(2)/b/n/10 ہے،
 کی رفتار[]
 []


Underfull \hbox (badness 4132) in paragraph at lines 180--184
[]$\OML/zplm/m/it/10 v[] \OT1/zplm/m/n/10 = \OT1/ppl/m/n/10 17 m s[]$ \TU/Jamee
lNooriNastaleeq(2)/b/n/10 ہے (شکل 8.29)۔ اس نقطہ سے (ا) نقطہ $\OML/zplm/m/it/10
 A$\TU/JameelNooriNastaleeq(2)/b/n/10 ، (ب) نقطہ $\OML/zplm/m/it/10 B$\TU/Jamee
lNooriNastaleeq(2)/b/n/10 ، اور (ج) نقطہ $\OML/zplm/m/it/10 C$ \TU/JameelNooriN
astaleeq(2)/b/n/10 تک تجاذبی قوت گاڑی پر کتنا کام کرتی[]
 []


Underfull \hbox (badness 1728) in paragraph at lines 184--188
[] \TU/JameelNooriNastaleeq(2)/b/n/10 سوال  ۸.۳: []آپ $\OT1/ppl/m/n/10 2 []$ \T
U/JameelNooriNastaleeq(2)/b/n/10 کمیت کی کتاب $\OML/zplm/m/it/10 D \OT1/zplm/m/
n/10 = \OT1/ppl/m/n/10 10 m$ \TU/JameelNooriNastaleeq(2)/b/n/10 بلندی سے کھڑکی 
سے نیچے دوست کو گراتے ہو۔ آپ کے دوست کے ہاتھ زمین سے[]
 []


Underfull \hbox (badness 1642) in paragraph at lines 184--188
[]$\OML/zplm/m/it/10 d \OT1/zplm/m/n/10 = \OT1/ppl/m/n/10 1.5 m$ \TU/JameelNoor
iNastaleeq(2)/b/n/10 بلندی (شکل 8.30) پر ہیں۔ (ا) آپ کے دوست کے ہاتھوں تک پہنچت
ے ہوئے کتاب پر تجاذبی قوت کتنا کام $\OML/zplm/m/it/10 W[]$ \TU/JameelNooriNasta
leeq(2)/b/n/10 کرے گی؟ (ب)[]
 []


Underfull \hbox (badness 10000) in paragraph at lines 184--188
[]\TU/JameelNooriNastaleeq(2)/b/n/10 گرنے کے دوران کتاب و زمین نظام کی تجاذبی م
خفی توانائی میں تبدیلی $\OT1/zplm/m/n/10 ^^A\OML/zplm/m/it/10 U$ \TU/JameelNoor
iNastaleeq(2)/b/n/10 کتنی ہو گی؟اگر زمین پر نظام کی تجاذبی مخفی توانائی $\OML/z
plm/m/it/10 U$ \TU/JameelNooriNastaleeq(2)/b/n/10 صفر ہو، (ج) پوری بلندی پر[]
 []


Underfull \hbox (badness 10000) in paragraph at lines 188--193
[]\TU/JameelNooriNastaleeq(2)/b/n/10 ہوا ہے۔ سلاخ کا دوسرا سر چول دار ہے، جو گی
ند کو انتصابی دائرے میں حرکت کی اجازت دیتا ہے۔سلاخ کو افقی رکھ کر نیچے رخ اتنا 
دھکا دیا جاتا ہے کہ گیند جھول[]
 []


Underfull \hbox (badness 10000) in paragraph at lines 188--193
[]\TU/JameelNooriNastaleeq(2)/b/n/10 کر انتصابی بالا مقام تک بمشکل پہنچ پاتا ہے
، جہاں اس کی رفتار صفر ہوتی ہے۔ تجاذبی قوت گیند پر ابتدائی نقطہ سے (ا) نچلے تری
ن نقطہ تک، (ب) بالا ترین نقطہ تک،[]
 []


Underfull \hbox (badness 10000) in paragraph at lines 188--193
[]\TU/JameelNooriNastaleeq(2)/b/n/10 (ج) ابتدائی نقطہ کے ہم بلند دائیں ہاتھ نقط
ہ تک کتنا کام کرتی ہے؟ ابتدائی نقطہ پر گیند و زمین نظام کی تجاذبی مخفی توانائی 
صفر لیتے ہوئے، اس کی قیمت اس وقت کیا[]
 []


Underfull \hbox (badness 10000) in paragraph at lines 188--193
[]\TU/JameelNooriNastaleeq(2)/b/n/10 ہو گی جب گیند (د) نچلے ترین نقطہ، (ہ) بالا
 ترین نقطہ، اور ابتدائی نقطہ کے ہم بلند دائیں ہاتھ نقطہ پر ہو؟ (ز) فرض کریں گین
د کو اتنی ابتدائی دھکیل دی جاتی ہے کہ[]
 []


Underfull \hbox (badness 10000) in paragraph at lines 193--197
[]\TU/JameelNooriNastaleeq(2)/b/n/10 رگڑ ہے۔ (ا) برتن کی تہہ تک اترتے ہوئے پرت 
پر تجاذبی مخفی توانائی کتنا کام کرتی ہے؟ (ب) پرت و زمین نظام کی مخفی توانائی می
ں اس اترنے کے دوران کتنی[]
 []


Underfull \hbox (badness 10000) in paragraph at lines 193--197
[]\TU/JameelNooriNastaleeq(2)/b/n/10 تبدیلی رونما ہو گی؟ (ج) اگر یہ مخفی توانائ
ی برتن کی تہہ میں صفر لی جائے، تب برتن کے کنارے پر اس کی قیمت کیا ہو گی؟ (د) اس
 کے برعکس، اگر برتن کے[]
 []

[38]
Underfull \hbox (badness 10000) in paragraph at lines 197--202
[] \TU/JameelNooriNastaleeq(2)/b/n/10 سوال  ۸.۶: []ایک سل جس کی کمیت $\OML/zplm
/m/it/10 m \OT1/zplm/m/n/10 = \OT1/ppl/m/n/10 0.032 []$ \TU/JameelNooriNastalee
q(2)/b/n/10 ہے شکل 8.33 کے بے رگڑ گھیر در گھیر پر حرکت کرتی ہے، جہاں گھیر کا رد
اس[]
 []


Underfull \hbox (badness 10000) in paragraph at lines 197--202
[]$\OML/zplm/m/it/10 Q$ \TU/JameelNooriNastaleeq(2)/b/n/10 تک ، (ب) گھیر کی چوٹ
ی تک، کتنا کام کرتی ہے؟ سل و زمین نظام کی تجاذبی مخفی توانائی گھیر کے تل پر صفر
 لیتے ہوئے، مخفی توانائی اس وقت کیا ہو گی جب سل[]
 []


Underfull \hbox (badness 10000) in paragraph at lines 197--202
[]\TU/JameelNooriNastaleeq(2)/b/n/10 (ج) نقطہ $\OML/zplm/m/it/10 P$ \TU/JameelN
ooriNastaleeq(2)/b/n/10 پر، (د) نقطہ $\OML/zplm/m/it/10 Q$ \TU/JameelNooriNasta
leeq(2)/b/n/10 پر، اور (ہ) گھیر کی چوٹی پر ہو؟ (و) سل محض رہا کرنے کی بجائے اسے
 راہ کے ہمراہ نیچے رخ دھکا دیا جاتا ہے۔ کیا جزو ا تا جزو ہ کے[]
 []


Underfull \hbox (badness 2828) in paragraph at lines 202--206
[] \TU/JameelNooriNastaleeq(2)/b/n/10 سوال  ۸.۷: []ایک پتلی سلاخ جس کی کمیت قاب
ل نظر انداز اور لمبائی $\OML/zplm/m/it/10 L \OT1/zplm/m/n/10 = \OT1/ppl/m/n/10 
2 m$ \TU/JameelNooriNastaleeq(2)/b/n/10 ہے کا یک سر چول دار ہے جو سلاخ کو انتصا
بی دائرے میں چکر کی[]
 []


Underfull \hbox (badness 10000) in paragraph at lines 202--206
[]\TU/JameelNooriNastaleeq(2)/b/n/10 تجاذبی مخفی توانائی میں تبدیلی کیا ہو گی؟ 
(ج) نچلے نقطہ پر تجاذبی مخفی توانائی صفر لیتے ہوئے اس کی قیمت نقطہ رہائی پر کیا
 ہو گی؟ (د) زاویہ $\OML/zplm/m/it/10 ^^R[]$ \TU/JameelNooriNastaleeq(2)/b/n/10 
بڑھانے سے کیا جزو ا[]
 []


Underfull \hbox (badness 10000) in paragraph at lines 206--210
[] \TU/JameelNooriNastaleeq(2)/b/n/10 سوال  ۸.۸: []کھڑی چٹان جس کی بلندی $\OT1/
ppl/m/n/10 12.5 m$ \TU/JameelNooriNastaleeq(2)/b/n/10 ہے، کی چوٹی سے افق کے سات
ھ $\OT1/ppl/m/n/10 41[]$ \TU/JameelNooriNastaleeq(2)/b/n/10 اوپر رخ $\OT1/ppl/m
/n/10 14 m s[]$ \TU/JameelNooriNastaleeq(2)/b/n/10 ابتدائی سمتی رفتار کے ساتھ[]

 []


Underfull \hbox (badness 10000) in paragraph at lines 206--210
[]$\OT1/ppl/m/n/10 1.50 []$ \TU/JameelNooriNastaleeq(2)/b/n/10 کا برف گولا پھین
کا جاتا ہے۔ (ا) چٹان کے سر سے نیچے ہموار زمین تک پرواز کے دوران برف گولا پر تجا
ذبی قوت کتنا کام کرتی ہے؟ (ب) پرواز کے[]
 []


Underfull \hbox (badness 10000) in paragraph at lines 206--210
[]\TU/JameelNooriNastaleeq(2)/b/n/10 دوران گولا و زمین نظام کی تجاذبی مخفی توان
ائی میں کتنی تبدیلی رونما ہوتی ہے؟ (ج) چٹان کی چوٹی پر تجاذبی مخفی توانائی کی ق
یمت صفر لیتے ہوئے، اس کی قیمت اس[]
 []

LaTeX Info: Redefining \rmfamily on input line 217.
LaTeX Info: Redefining \sffamily on input line 217.
LaTeX Info: Redefining \ttfamily on input line 217.

Underfull \hbox (badness 10000) in paragraph at lines 216--218
[]\TU/JameelNooriNastaleeq(2)/b/n/10 سوال  ۸.۱:  تفریحی گاڑی کی رفتار سوال [][]
۸.۲[][] []میں (ا) نقطہ $\OML/zplm/m/it/10 A$ \TU/JameelNooriNastaleeq(2)/b/n/10
 پر، (ب) نقطہ $\OML/zplm/m/it/10 B$ \TU/JameelNooriNastaleeq(2)/b/n/10 پر، اور 
(ج) نقطہ $\OML/zplm/m/it/10 C$ \TU/JameelNooriNastaleeq(2)/b/n/10 پر کیا ہو گی؟
 (د) آخری پہاڑ، جس کو گاڑی سر کرنے[]
 []

LaTeX Info: Redefining \rmfamily on input line 221.
LaTeX Info: Redefining \sffamily on input line 221.
LaTeX Info: Redefining \ttfamily on input line 221.

Underfull \hbox (badness 10000) in paragraph at lines 218--222
[] \TU/JameelNooriNastaleeq(2)/b/n/10 سوال  ۸.۲:  (ا) ہاتھوں کو پہنچ کر کتاب کی
 رفتار سوال [][]۸.۳[][] []میں کیا ہو گی؟ (ب) کتاب کی کمیت دگنی کرنے سے یہ رفتار
 کیا ہو گی؟ (ج) اس کے برعکس، اگر[]
 []

LaTeX Info: Redefining \rmfamily on input line 225.
LaTeX Info: Redefining \sffamily on input line 225.
LaTeX Info: Redefining \ttfamily on input line 225.

Underfull \hbox (badness 10000) in paragraph at lines 222--226
[] \TU/JameelNooriNastaleeq(2)/b/n/10 سوال  ۸.۳:  (ا) برتن کی تہہ کو پہنچ کر سو
ال [][]۸.۵[][] []میں برفانی پرت کی رفتار کیا ہو گی؟ (ب) پرت کی کمیت دگنی کرنے س
ے یہ رفتار کی ہو گی؟ (ج) اس کے[]
 []

LaTeX Info: Redefining \rmfamily on input line 229.
LaTeX Info: Redefining \sffamily on input line 229.
LaTeX Info: Redefining \ttfamily on input line 229.

Underfull \hbox (badness 1748) in paragraph at lines 226--230
[] \TU/JameelNooriNastaleeq(2)/b/n/10 سوال  ۸.۴:  (ا) توانائی کے تراکیب ، نا کہ
 باب 4 کے تراکیب، استعمال کرتے ہوئے سوال [][]۸.۸[][] []میں کھڑی چٹان کی چوٹی سے
 نیچے زمین پر پہنچ کر برف گولے[]
 []


Underfull \hbox (badness 10000) in paragraph at lines 230--235
[] \TU/JameelNooriNastaleeq(2)/b/n/10 سوال  ۸.۵:  اسپرنگ بندوق سے $\OT1/ppl/m/n
/10 5.0 g$ \TU/JameelNooriNastaleeq(2)/b/n/10 چھرا سیدھا اوپر مارا جاتا ہے۔ دبے
 اسپرنگ پر چھرے کے مقام سے $\OT1/ppl/m/n/10 20 m$ \TU/JameelNooriNastaleeq(2)/b
/n/10 بلندی تک پہنچنے کے لئے[]
 []


Underfull \hbox (badness 10000) in paragraph at lines 230--235
[]\TU/JameelNooriNastaleeq(2)/b/n/10 اسپرنگ کو $\OT1/ppl/m/n/10 8.0 []$ \TU/Jam
eelNooriNastaleeq(2)/b/n/10 دبانا ہو گا۔ (ا) چھرا و زمین نظام کی تجاذبی مخفی تو
انائی میں چھرے کے $\OT1/ppl/m/n/10 20 m$ \TU/JameelNooriNastaleeq(2)/b/n/10 صعو
د کے دوران کتنی تبدیلی $\OT1/zplm/m/n/10 ^^A\OML/zplm/m/it/10 U[]$ \TU/JameelNo
oriNastaleeq(2)/b/n/10 ہو گی؟ (ب)[]
 []

LaTeX Info: Redefining \rmfamily on input line 239.
LaTeX Info: Redefining \sffamily on input line 239.
LaTeX Info: Redefining \ttfamily on input line 239.

Underfull \hbox (badness 10000) in paragraph at lines 235--240
[] \TU/JameelNooriNastaleeq(2)/b/n/10 سوال  ۸.۶:  (ا) انتصابی بالا نقطہ تک صفر 
رفتار کے ساتھ پہنچنے کے لئے سوال [][]۸.۴[][] []میں گیند کی ابتدائی رفتار کیا ہو
 گی؟ ایسی صورت میں گیند کی رفتار (ب)[]
 []

[39]
LaTeX Info: Redefining \rmfamily on input line 243.
LaTeX Info: Redefining \sffamily on input line 243.
LaTeX Info: Redefining \ttfamily on input line 243.
LaTeX Info: Redefining \rmfamily on input line 243.
LaTeX Info: Redefining \sffamily on input line 243.
LaTeX Info: Redefining \ttfamily on input line 243.

Underfull \hbox (badness 10000) in paragraph at lines 240--244
[]\TU/JameelNooriNastaleeq(2)/b/n/10 روک پانے کے لئے میلان کی کم سے کم لمبائی $
\OML/zplm/m/it/10 L$ \TU/JameelNooriNastaleeq(2)/b/n/10 کیا ہے؟ (ٹرک کو ایک ذرہ
 تصور کریں اور اس مفروضے کا جواز پیش کریں۔) (ب) ٹرک کی کمیت کم کرنے[]
 []


Underfull \hbox (badness 10000) in paragraph at lines 244--248
[]\TU/JameelNooriNastaleeq(2)/b/n/10 اوپر $\OML/zplm/m/it/10 h[]$ \TU/JameelNoo
riNastaleeq(2)/b/n/10 بلندی سے (ساکن حالت سے) گرنے دیا جاتا ہے۔ سل اور اسپرنگ آ
پس میں جڑ جاتے ہیں اور اس وقت لمحاتی رکتے ہیں جب اسپرنگ $\OT1/ppl/m/n/10 19.0 [
]$[]
 []


Underfull \hbox (badness 10000) in paragraph at lines 244--248
[]\TU/JameelNooriNastaleeq(2)/b/n/10 دب جائے۔ رکنے تک (ا) اسپرنگ پر سل کتنا کام
 کرتی ہے اور (ب) سل پر اسپرنگ کتنا کام کرتا ہے۔ (ج) $\OML/zplm/m/it/10 h[]$ \TU
/JameelNooriNastaleeq(2)/b/n/10 کی قیمت کیا ہے؟ (د) سل کو $\OT1/ppl/m/n/10 2\OM
L/zplm/m/it/10 h[]$ \TU/JameelNooriNastaleeq(2)/b/n/10 بلندی[]
 []

LaTeX Info: Redefining \rmfamily on input line 252.
LaTeX Info: Redefining \sffamily on input line 252.
LaTeX Info: Redefining \ttfamily on input line 252.
LaTeX Info: Redefining \rmfamily on input line 256.
LaTeX Info: Redefining \sffamily on input line 256.
LaTeX Info: Redefining \ttfamily on input line 256.

Underfull \hbox (badness 10000) in paragraph at lines 257--262
[] \TU/JameelNooriNastaleeq(2)/b/n/10 سوال  ۸.۱۱:  ایک پتھر جس کی کمیت $\OT1/pp
l/m/n/10 8.00 []$ \TU/JameelNooriNastaleeq(2)/b/n/10 ہے، اسپرنگ پر ساکن پڑا ہے 
(شکل 8.36)۔ اسپرنگ کو پتھر $\OT1/ppl/m/n/10 10.0 []$ \TU/JameelNooriNastaleeq(2
)/b/n/10 دباتا ہے۔ (ا) اسپرنگ[]
 []


Underfull \hbox (badness 10000) in paragraph at lines 257--262
[]\TU/JameelNooriNastaleeq(2)/b/n/10 کا مقیاس لچک کیا ہے؟ (ب) پتھر کو مزید $\OT
1/ppl/m/n/10 30.0 []$ \TU/JameelNooriNastaleeq(2)/b/n/10 دبا کر رہا کیا جاتا ہے
۔ رہا کرنے سے قبل دبے اسپرنگ کی لچکی مخفی توانائی کیا ہو گی؟ (ج) نقطہ رہائی سے[
]
 []


Underfull \hbox (badness 10000) in paragraph at lines 262--266
[] \TU/JameelNooriNastaleeq(2)/b/n/10 سوال  ۸.۱۲:  قابل نظر انداز کمیت کے $\OT1
/ppl/m/n/10 4.0 m$ \TU/JameelNooriNastaleeq(2)/b/n/10 لمبے دھاگے کے ساتھ $\OT1/
ppl/m/n/10 2.0 []$ \TU/JameelNooriNastaleeq(2)/b/n/10 پتھر باندھ کر ایک رقاص حا
صل کیا جاتا ہے۔ زیریں تر نقطہ سے[]
 []


Underfull \hbox (badness 10000) in paragraph at lines 262--266
[]\TU/JameelNooriNastaleeq(2)/b/n/10 گزرتے وقت پتھر کی رفتار $\OT1/ppl/m/n/10 8
.0 m s[]$ \TU/JameelNooriNastaleeq(2)/b/n/10 ہے۔ (ا) اس کی رفتار اس وقت کیا ہو 
گی جب دھاگا انتصاب کے ساتھ $\OT1/ppl/m/n/10 60[]$ \TU/JameelNooriNastaleeq(2)/b
/n/10 زاویہ بناتا ہو؟ (ب) پتھر کی[]
 []


Underfull \hbox (badness 10000) in paragraph at lines 262--266
[]\TU/JameelNooriNastaleeq(2)/b/n/10 حرکت کے دوران انتصاب کے ساتھ دھاگا زیادہ س
ے زیادہ کتنا زاویہ بنائے گا؟ (ج) اگر پتھر کے زیریں تر نقطہ پر رقاص و زمین نظام 
کی مخفی توانائی صفر رکھی[]
 []


Underfull \hbox (badness 10000) in paragraph at lines 266--270
[]\TU/JameelNooriNastaleeq(2)/b/n/10 زیریں تر نقطہ پر بلور کی رفتار کیا ہو گی؟ 
اگر نیچے جانے کے بعد دھاگا سیدھا رکھتے ہوئے (ب) رقاص افقی حالت ، اور (ج) انتصاب
ی حالت اختیار پائے، $\OML/zplm/m/it/10 v[]$ \TU/JameelNooriNastaleeq(2)/b/n/10 
کی کم[]
 []


Underfull \hbox (badness 1205) in paragraph at lines 270--275
[] \TU/JameelNooriNastaleeq(2)/b/n/10 سوال  ۸.۱۴:  ایک سکی باز جس کی کمیت $\OT1
/ppl/m/n/10 60 []$ \TU/JameelNooriNastaleeq(2)/b/n/10 ہے، ساکن حالت سے سکی اچھا
ل میلان کے اختتام سے $\OML/zplm/m/it/10 H \OT1/zplm/m/n/10 = \OT1/ppl/m/n/10 20
 m$ \TU/JameelNooriNastaleeq(2)/b/n/10 بلند نقطہ سے آغاز کر[]
 []


Underfull \hbox (badness 10000) in paragraph at lines 275--279
[] \TU/JameelNooriNastaleeq(2)/b/n/10 سوال  ۸.۱۵:  ایک دھاگا جس کی لمبائی $\OML
/zplm/m/it/10 L \OT1/zplm/m/n/10 = \OT1/ppl/m/n/10 120 []$ \TU/JameelNooriNasta
leeq(2)/b/n/10 ہے کا یک سر بندھا ہوا جبکہ دوسرے سے گیند لٹکائی گئی ہے۔بندھے سر 
سے[]
 []

[40]
Underfull \hbox (badness 2653) in paragraph at lines 292--297
[] \TU/JameelNooriNastaleeq(2)/b/n/10 سوال  ۸.۱۹:  کھڑی چٹان سے $\OT1/ppl/m/n/1
0 688 N$ \TU/JameelNooriNastaleeq(2)/b/n/10 وزن کا شخص $\OT1/ppl/m/n/10 18 m$ \
TU/JameelNooriNastaleeq(2)/b/n/10 لمبی رسی سے جھولتا ہے (شکل 8.40)۔ چٹان کی چوٹ
ی سے زیریں ترین نقطہ تک نشیب[]
 []


Underfull \hbox (badness 10000) in paragraph at lines 292--297
[]$\OT1/ppl/m/n/10 3.2 m$ \TU/JameelNooriNastaleeq(2)/b/n/10 ہے۔ رسی اس وقت ٹوٹ
ے گی جب اس کو $\OT1/ppl/m/n/10 950 N$ \TU/JameelNooriNastaleeq(2)/b/n/10 سے زیا
دہ قوت کھینچے۔ (ا) کیا رسی ٹوٹے گی؟ (ب) رسی نہ ٹوٹنے کی صورت میں نشیب کے[]
 []


Underfull \hbox (badness 10000) in paragraph at lines 297--301
[] \TU/JameelNooriNastaleeq(2)/b/n/10 سوال  ۸.۲۰:  ہوائی بندوق میں نصب اسپرنگ ش
کل 8.41a پر پورا اترتا ہے؛ جو قوت بالمقابل اسپرنگ کا داب یا دراضی دیتا ہے۔ اسپر
نگ کو $\OT1/ppl/m/n/10 5.5 []$[]
 []


Underfull \hbox (badness 10000) in paragraph at lines 297--301
[]\TU/JameelNooriNastaleeq(2)/b/n/10 دبا کر $\OT1/ppl/m/n/10 3.8 g$ \TU/JameelN
ooriNastaleeq(2)/b/n/10 چھرا بندوق سے مارا جاتا ہے۔ (ا) اگر چھرا اس لمحے رہا ہو
 جب اسپرنگ اپنے ڈھیلے حالت کو پہنچے، چھرے کی رفتار اس لمحے کیا ہو گی؟ (ب) اس[]
 []


Underfull \hbox (badness 10000) in paragraph at lines 297--301
[]\TU/JameelNooriNastaleeq(2)/b/n/10 کے برعکس، تصور کریں چھرا اسپرنگ کو پکڑے رک
ھتا ہے اور اسپرنگ کو کھینچ کر $\OT1/ppl/m/n/10 1.5 []$ \TU/JameelNooriNastaleeq
(2)/b/n/10 لمبا کرنے کے بعد اس سے علیحدہ ہوتا ہے۔چھرے کی رفتار اس[]
 []


Underfull \hbox (badness 2538) in paragraph at lines 306--311
[]\TU/JameelNooriNastaleeq(2)/b/n/10 گیا ہے۔ اسپرنگ کا مقیاس لچک $\OML/zplm/m/i
t/10 k \OT1/zplm/m/n/10 = \OT1/ppl/m/n/10 120 N m[]$ \TU/JameelNooriNastaleeq(2
)/b/n/10 ہے (شکل 8.43)۔ ڈور میں جھول نہیں اور اسپرنگ ڈھیلا ہے۔ ڈبہ ساکن حالت سے
 رہا[]
 []


Underfull \hbox (badness 5939) in paragraph at lines 306--311
[]\TU/JameelNooriNastaleeq(2)/b/n/10 کیا جاتا ہے۔ چرخی کو بلا رگڑ اور بلا کمیت 
تصور کریں۔ (ا) میلان پر $\OT1/ppl/m/n/10 10 []$ \TU/JameelNooriNastaleeq(2)/b/n
/10 نیچے رخ چل کر ڈبے کی رفتار کیا ہو گی؟ (ب) نقطہ رہائی سے میلان پر ڈبہ کتنا ف
اصلہ[]
 []


Underfull \hbox (badness 10000) in paragraph at lines 311--316
[]\TU/JameelNooriNastaleeq(2)/b/n/10 کے ساتھ ملا کر رکھی جاتی ہے، تاہم یہ ایک د
وسرے کے ساتھ جڑے نہیں ہیں (شکل 8.44)۔ اسپرنگ کو $\OT1/ppl/m/n/10 20.0 []$ \TU/J
ameelNooriNastaleeq(2)/b/n/10 دبا کر رہا کیا جاتا ہے۔ (ا) دبے[]
 []


Underfull \hbox (badness 10000) in paragraph at lines 311--316
[]\TU/JameelNooriNastaleeq(2)/b/n/10 اسپرنگ کی لچکی مخفی توانائی کیا ہو گی؟ (ب)
 سل و زمین کی تجاذبی مخفی توانائی میں تبدیلی ، نقطہ رہائی سے میلان پر بلند تر ن
قطہ تک سل کے پہنچنے تک ، کتنی ہو گی؟[]
 []

) [41]
\openout2 = `./tex/centerOfMassAndLinearMomentum.aux'.

 (./tex/centerOfMassAndLinearMomentum.tex [42





]
باب \farsidigits{9}.
LaTeX Info: Redefining \rmfamily on input line 16.
LaTeX Info: Redefining \sffamily on input line 16.
LaTeX Info: Redefining \ttfamily on input line 16.
LaTeX Info: Redefining \rmfamily on input line 21.
LaTeX Info: Redefining \sffamily on input line 21.
LaTeX Info: Redefining \ttfamily on input line 21.
LaTeX Info: Redefining \rmfamily on input line 21.
LaTeX Info: Redefining \sffamily on input line 21.
LaTeX Info: Redefining \ttfamily on input line 21.
LaTeX Info: Redefining \rmfamily on input line 31.
LaTeX Info: Redefining \sffamily on input line 31.
LaTeX Info: Redefining \ttfamily on input line 31.
LaTeX Info: Redefining \rmfamily on input line 31.
LaTeX Info: Redefining \sffamily on input line 31.
LaTeX Info: Redefining \ttfamily on input line 31.
LaTeX Info: Redefining \rmfamily on input line 31.
LaTeX Info: Redefining \sffamily on input line 31.
LaTeX Info: Redefining \ttfamily on input line 31.
LaTeX Info: Redefining \rmfamily on input line 31.
LaTeX Info: Redefining \sffamily on input line 31.
LaTeX Info: Redefining \ttfamily on input line 31.

Underfull \hbox (badness 10000) in paragraph at lines 30--32
[]\TU/JameelNooriNastaleeq(2)/b/n/10 یاد رہے، زیر نوشت $\OT1/ppl/m/n/10 1$ \TU/
JameelNooriNastaleeq(2)/b/n/10 اور $\OT1/ppl/m/n/10 2$ \TU/JameelNooriNastaleeq
(2)/b/n/10 کسی خاص ترتیب سے مختص نہیں کیے گئے۔ مساوات 9.19 میں اور مساوات [][]۹
.۴[][] []اور مساوات [][]۹.۵[][] []میں ان زیر نوشت کو آپس[]
 []

[43]
Underfull \hbox (badness 10000) in paragraph at lines 36--37
[][]\TU/JameelNooriNastaleeq(2)/b/n/10 شکل 9.18 میں گولے کا ابتدائی معیار حرکت 
$\OT1/ppl/m/n/10 6 [] m s[]$ \TU/JameelNooriNastaleeq(2)/b/n/10 اور اختتامی معی
ار حرکت (ا) $\OT1/ppl/m/n/10 2 [] m s[]$ \TU/JameelNooriNastaleeq(2)/b/n/10 اور
 (ب) $\OMS/zplm/m/n/10 ^^@\OT1/ppl/m/n/10 2 [] m s[]$[]
 []


Underfull \hbox (badness 10000) in paragraph at lines 36--37
[]\TU/JameelNooriNastaleeq(2)/b/n/10 ہونے کی صورت میں ہدف کا اختتامی خطی معیار 
حرکت کیا ہو گا؟ اگر گولے کی ابتدائی اور اختتامی حرکی توانائی بالترتیب $\OT1/ppl
/m/n/10 5 J$ \TU/JameelNooriNastaleeq(2)/b/n/10 اور $\OT1/ppl/m/n/10 2 J$ \TU/J
ameelNooriNastaleeq(2)/b/n/10 ہو، ہدف کی اختتامی حرکی[]
 []


Underfull \hbox (badness 10000) in paragraph at lines 46--47
[][]\TU/JameelNooriNastaleeq(2)/b/n/10 چونکہ ہم تصادم لچکدار تصور کرتے ہیں لہٰذ
ا میکانی توانائی کی بقا ہو گی (یوں ٹکر کی آواز، گرمی، اور ارتعاش کی بدولت توانا
ئی کا ضیاع نظر انداز کیا جاتا ہے)۔ کوئی[]
 []


Underfull \hbox (badness 10000) in paragraph at lines 46--47
[]\TU/JameelNooriNastaleeq(2)/b/n/10 بیرونی افقی قوت سلوں پر عمل نہیں کرتی لہٰذ
ا محور $\OML/zplm/m/it/10 x$ \TU/JameelNooriNastaleeq(2)/b/n/10 پر خطی معیار حر
کت کی بقا ہو گی۔ ان دو وجوہات کی بنا پر ہم دونوں تصادم پر مساوات 9.67 اور مساوا
ت[]
 []


Underfull \hbox (badness 10000) in paragraph at lines 48--50
[][]\TU/AASameerSagarNastaleeqBold(0)/m/n/10 حساب \TU/JameelNooriNastaleeq(2)/b
/n/10 پہلے تصادم سے آغاز کرتے ہوئے ہمیں اتنے زیادہ نا معلوم متغیرات سے واسطہ ہو
 گا کہ آگے بڑھنا مشکل ہو گا: ہم سلوں کی کمیت اور اختتامی سمتی[]
 []


Underfull \hbox (badness 10000) in paragraph at lines 48--50
[]\TU/JameelNooriNastaleeq(2)/b/n/10 رفتار نہیں جانتے۔ آئیں پہلے تصادم سے آغاز 
کریں، جس میں سل $\OT1/ppl/m/n/10 3$ \TU/JameelNooriNastaleeq(2)/b/n/10 کے ساتھ 
ٹکرانے کے بعد سل $\OT1/ppl/m/n/10 2$ \TU/JameelNooriNastaleeq(2)/b/n/10 رکتی ہے
۔ مساوات 9.67 کا اطلاق اس تصادم پر[]
 []


Underfull \hbox (badness 10000) in paragraph at lines 68--70
[][]\TU/JameelNooriNastaleeq(2)/b/n/10 آئیں اب پہلے تصادم پر غور کریں؛ ہمیں سل 
$\OT1/ppl/m/n/10 2$ \TU/JameelNooriNastaleeq(2)/b/n/10 کے لئے مستعمل ترقیم پر ت
وجہ دینی ہو گی: تصادم کے بعد سل $\OT1/ppl/m/n/10 2$ \TU/JameelNooriNastaleeq(2)
/b/n/10 کی سمتی رفتار $\OML/zplm/m/it/10 v[]$ \TU/JameelNooriNastaleeq(2)/b/n/1
0 وہی ہے جو تصادم سے[]
 []

[44]
Underfull \hbox (badness 10000) in paragraph at lines 90--91
[][]\TU/JameelNooriNastaleeq(2)/b/n/10 جدا نظام کے لئے جس میں دو بُعدی تصادم وا
قع ہو ، ہر ایک محور پر معیار حرکت کی بقا کا اطلاق کرتے ہوئے ، تصادم کے بُعد محو
ر پر معیار حرکت کے اجزاء کا اسی[]
 []


Underfull \hbox (badness 10000) in paragraph at lines 92--93
[]\TU/JameelNooriNastaleeq(2)/b/n/10 کا اسی محور پر تصادم سے قبل معیار حرکت کے 
اجزاء کے ساتھ رشتہ جان سکیں اور (ب)کل حرکی توانائی کی بقا کا اطلاق کر کے تصادم 
سے قبل اور تصادم کے بعد[]
 []


Underfull \hbox (badness 10000) in paragraph at lines 95--96
[]\TU/JameelNooriNastaleeq(2)/b/n/10 اگر دو جسم ٹکرائیں اور ان کی حرکت ایک محور
 پر نہ ہو (تصادم آمنے سامنے سے نہیں ہے)، تصادم دو بُعدی ہو گا۔ اگر دو جسمی نظام
 بند اور جدا ہو،تصادم پر معیار[]
 []


Underfull \hbox (badness 10000) in paragraph at lines 98--100
[]\TU/JameelNooriNastaleeq(2)/b/n/10 یہ قانون اجزاء کی صورت میں دو مساوات (ہر ب
ُعد کے لئے ایک مساوات) دیگا جو تصادم کو بیان کرتی ہیں۔ اگر تصادم لچکی بھی ہو (ج
و ایک خصوصی صورت[]
 []

[45]
Underfull \hbox (badness 10000) in paragraph at lines 105--107
[]\TU/JameelNooriNastaleeq(2)/b/n/10 جب دو اجسام کا تصادم ہو، اجسام کس رخ حرکت 
کرتے ہیں ، اس کا تعین ان کے بیچ ضرب (جھٹکا ) کرتی ہے۔ بالخصوص، جب تصادم آمنے سا
منے سے نہ ہو،[]
 []

LaTeX Info: Redefining \rmfamily on input line 116.
LaTeX Info: Redefining \sffamily on input line 116.
LaTeX Info: Redefining \ttfamily on input line 116.
LaTeX Info: Redefining \rmfamily on input line 116.
LaTeX Info: Redefining \sffamily on input line 116.
LaTeX Info: Redefining \ttfamily on input line 116.

Underfull \hbox (badness 10000) in paragraph at lines 116--118
[]\TU/JameelNooriNastaleeq(2)/b/n/10 میں ساکن ہدف کو گولا بغلی ( آمنے سامنے سے 
نہیں ) ٹکراتا ہے۔ ان کے بیچ ضرب، اجسام کو محور $\OML/zplm/m/it/10 x$\TU/JameelN
ooriNastaleeq(2)/b/n/10 ، جس پر گولا ابتدائی طور حرکت میں تھا، کے لحاظ سے $\OML
/zplm/m/it/10 ^^R[]$[]
 []

LaTeX Info: Redefining \rmfamily on input line 126.
LaTeX Info: Redefining \sffamily on input line 126.
LaTeX Info: Redefining \ttfamily on input line 126.
LaTeX Info: Redefining \rmfamily on input line 131.
LaTeX Info: Redefining \sffamily on input line 131.
LaTeX Info: Redefining \ttfamily on input line 131.
LaTeX Info: Redefining \rmfamily on input line 131.
LaTeX Info: Redefining \sffamily on input line 131.
LaTeX Info: Redefining \ttfamily on input line 131.

Underfull \hbox (badness 10000) in paragraph at lines 130--132
[]\TU/JameelNooriNastaleeq(2)/b/n/10 مساوات [][]۹.۸[][] []تا مساوات [][]۹.۱۰[][
] []میں سات متغیر ہیں: دو کمیت، $\OML/zplm/m/it/10 m[]$ \TU/JameelNooriNastalee
q(2)/b/n/10 اور $\OML/zplm/m/it/10 m[]$\TU/JameelNooriNastaleeq(2)/b/n/10 ؛ تین
 رفتار، $\OML/zplm/m/it/10 v[]$\TU/JameelNooriNastaleeq(2)/b/n/10 ، $\OML/zplm/
m/it/10 v[]$\TU/JameelNooriNastaleeq(2)/b/n/10 ، اور $\OML/zplm/m/it/10 v[]$\TU
/JameelNooriNastaleeq(2)/b/n/10 ؛ اور دو زاویے، $\OML/zplm/m/it/10 ^^R[]$ \TU/J
ameelNooriNastaleeq(2)/b/n/10 اور $\OML/zplm/m/it/10 ^^R[]$\TU/JameelNooriNasta
leeq(2)/b/n/10 ۔اگر[]
 []


Underfull \hbox (badness 10000) in paragraph at lines 134--136
[]\TU/JameelNooriNastaleeq(2)/b/n/10 نمونی سوال  ۹.۲:  فرض کریں شکل 9.21 میں گو
لے کا ابتدائی معیار حرکت $\OT1/ppl/m/n/10 6 [] m s[]$ \TU/JameelNooriNastaleeq(
2)/b/n/10 ، جبکہ اختتامی معیار حرکت کا $\OML/zplm/m/it/10 x$ \TU/JameelNooriNas
taleeq(2)/b/n/10 جزو[]
 []


Underfull \hbox (badness 10000) in paragraph at lines 134--136
[]$\OT1/ppl/m/n/10 4 [] m s[]$ \TU/JameelNooriNastaleeq(2)/b/n/10 اور اختتامی م
عیار حرکت کا $\OML/zplm/m/it/10 y$ \TU/JameelNooriNastaleeq(2)/b/n/10 جزو $\OMS
/zplm/m/n/10 ^^@\OT1/ppl/m/n/10 3 [] m s[]$ \TU/JameelNooriNastaleeq(2)/b/n/10 
ہے۔ ہدف کے (ا) اختتامی معیار حرکت کا $\OML/zplm/m/it/10 x$ \TU/JameelNooriNasta
leeq(2)/b/n/10 جزو اور (ب) اختتامی[]
 []

[46]
LaTeX Info: Redefining \rmfamily on input line 143.
LaTeX Info: Redefining \sffamily on input line 143.
LaTeX Info: Redefining \ttfamily on input line 143.
LaTeX Info: Redefining \rmfamily on input line 143.
LaTeX Info: Redefining \sffamily on input line 143.
LaTeX Info: Redefining \ttfamily on input line 143.

Underfull \hbox (badness 1558) in paragraph at lines 143--144
[][]\TU/AASameerSagarNastaleeqBold(0)/m/n/10 ہوائی بان [][] \TU/JameelNooriNast
aleeq(2)/b/n/10 کی پہلی مساوات استعمال کر کے ہوائی بان کی کمیت میں کمی کی شرح، 
ہوائی بان کے لحاظ سے \TU/AASameerSagarNastaleeqBold(0)/m/n/10 خرج [][] \TU/Jame
elNooriNastaleeq(2)/b/n/10 مادے کی اضافی رفتار، ہوائی بان کی کمیت، اور[]
 []


Underfull \hbox (badness 10000) in paragraph at lines 145--146
[][]\TU/JameelNooriNastaleeq(2)/b/n/10 ہوائی بان کی دوسری مساوات استعمال کر کے 
خرج مادے کی اضافی رفتار کے لحاظ سے ہوائی بان کی رفتار ، اور ہوائی بان کی ابتدائ
ی اور اختتامی کمیت کا رشتہ جان[]
 []


Underfull \hbox (badness 10000) in paragraph at lines 153--155
[]\TU/JameelNooriNastaleeq(2)/b/n/10 جہاں $\OML/zplm/m/it/10 M$ \TU/JameelNoori
Nastaleeq(2)/b/n/10 ہوائی بان کی لمحاتی کمیت (بشمول غیر استعمال شدہ ایندھن) ، $
\OML/zplm/m/it/10 R$ \TU/JameelNooriNastaleeq(2)/b/n/10 ایندھن کے استعمال کی شر
ح، اور $\OML/zplm/m/it/10 v[]$ \TU/JameelNooriNastaleeq(2)/b/n/10 ہوائی بان کے 
لحاظ سے خرج کی اضافی[]
 []


Underfull \hbox (badness 10000) in paragraph at lines 156--157
[][]\TU/JameelNooriNastaleeq(2)/b/n/10 مستقل $\OML/zplm/m/it/10 R$ \TU/JameelNo
oriNastaleeq(2)/b/n/10 اور $\OML/zplm/m/it/10 v[]$ \TU/JameelNooriNastaleeq(2)/
b/n/10 کی صورت میں اگر ہوائی بان کی رفتار $\OML/zplm/m/it/10 v[]$ \TU/JameelNoo
riNastaleeq(2)/b/n/10 سے تبدیل ہو کر $\OML/zplm/m/it/10 v[]$ \TU/JameelNooriNas
taleeq(2)/b/n/10 ہو جائے، اور کمیت $\OML/zplm/m/it/10 M[]$ \TU/JameelNooriNasta
leeq(2)/b/n/10 سے تبدیل ہو کر $\OML/zplm/m/it/10 M[]$ \TU/JameelNooriNastaleeq(
2)/b/n/10 ہو جائے تب[]
 []

LaTeX Info: Redefining \rmfamily on input line 162.
LaTeX Info: Redefining \sffamily on input line 162.
LaTeX Info: Redefining \ttfamily on input line 162.
LaTeX Info: Redefining \rmfamily on input line 162.
LaTeX Info: Redefining \sffamily on input line 162.
LaTeX Info: Redefining \ttfamily on input line 162.

Underfull \hbox (badness 10000) in paragraph at lines 162--163
[]\TU/JameelNooriNastaleeq(2)/b/n/10 اب تک ہم فرض کرتے رہے ہیں کہ نظام کی کل کم
یت اٹل ہے۔ بعض اوقات، مثلاً ہوائی بان میں، ایسا نہیں ہو گا۔اڑان سے قبل \TU/AASa
meerSagarNastaleeqBold(0)/m/n/10 چبوترہ روانگی [][] \TU/JameelNooriNastaleeq(2)
/b/n/10 پر کھڑے[]
 []


Underfull \hbox (badness 10000) in paragraph at lines 162--163
[]\TU/JameelNooriNastaleeq(2)/b/n/10 ہوائی بان کی زیادہ تر کمیت دراصل ایندھن ہو
 گی، جو آخر کار جل کر ہوائی بان کے انجن کی \TU/AASameerSagarNastaleeqBold(0)/m/
n/10 ٹونٹی [][] \TU/JameelNooriNastaleeq(2)/b/n/10 سے دھویں کی شکل میں خارج ہو 
گا۔ اسراع پذیر ہوائی بان[]
 []


Underfull \hbox (badness 10000) in paragraph at lines 162--163
[]\TU/JameelNooriNastaleeq(2)/b/n/10 کی متغیر کمیت سے نپٹنے کی خاطر نیوٹن کے دو
سرے قاعدے کا اطلاق، صرف ہوائی بان کی بجائے، ہوائی بان اور خارجی مواد دونوں کو ا
کٹھا لیتے ہوئے کیا جاتا[]
 []

LaTeX Info: Redefining \rmfamily on input line 165.
LaTeX Info: Redefining \sffamily on input line 165.
LaTeX Info: Redefining \ttfamily on input line 165.

Underfull \hbox (badness 10000) in paragraph at lines 165--166
[]\TU/JameelNooriNastaleeq(2)/b/n/10 فرض کریں ہم جمودی حوالہ چوکھٹ کے لحاظ سے س
اکن بیٹھے  \TU/AASameerSagarNastaleeqBold(0)/m/n/10 فضائے ماورا [][] \TU/Jameel
NooriNastaleeq(2)/b/n/10 میں، جہاں کوئی تجاذبی یا ہوائی کی رگڑ ی قوت موجود نہیں
، ہوائی بان کو اسراع[]
 []

[47]
Underfull \hbox (badness 10000) in paragraph at lines 167--168
[]\TU/JameelNooriNastaleeq(2)/b/n/10 تبدیلی $[] \OML/zplm/m/it/10 M$ \TU/Jameel
NooriNastaleeq(2)/m/n/9 منفی مقدار  \TU/JameelNooriNastaleeq(2)/b/n/10 ہے۔ وقفہ
 $[] \OML/zplm/m/it/10 t$ \TU/JameelNooriNastaleeq(2)/b/n/10 کے دوران ہوائی بان
 سے خرج مواد کی کمیت $\OMS/zplm/m/n/10 ^^@ [] \OML/zplm/m/it/10 M$ \TU/JameelNo
oriNastaleeq(2)/b/n/10 اور جمودی حوالہ چوکھٹ کے لحاظ سے مواد کی سمتی رفتار[]
 []


Underfull \hbox (badness 10000) in paragraph at lines 170--172
[]\TU/JameelNooriNastaleeq(2)/b/n/10 ہمارا نظام ہوائی بان اور وقفہ $[] \OML/zpl
m/m/it/10 t$ \TU/JameelNooriNastaleeq(2)/b/n/10 میں خرج مواد پر مشتمل ہے۔ نظام 
بند اور جدا ہے لہٰذا وقفہ $[] \OML/zplm/m/it/10 t$ \TU/JameelNooriNastaleeq(2)/
b/n/10 کے دوران نظام کی خطی معیار حرکت کی بقا لازمی ہے۔ یوں[]
 []

LaTeX Info: Redefining \rmfamily on input line 175.
LaTeX Info: Redefining \sffamily on input line 175.
LaTeX Info: Redefining \ttfamily on input line 175.
LaTeX Info: Redefining \rmfamily on input line 183.
LaTeX Info: Redefining \sffamily on input line 183.
LaTeX Info: Redefining \ttfamily on input line 183.

Underfull \hbox (badness 10000) in paragraph at lines 183--184
[]\TU/JameelNooriNastaleeq(2)/b/n/10 مساوات [][]۹.۱۲[][] []کی سادہ صورت ہوائی ب
ان اور خرج مواد کے بیچ اضافی رفتار $\OML/zplm/m/it/10 v[]$ \TU/JameelNooriNasta
leeq(2)/b/n/10 استعمال کرکے حاصل کی جا سکتی ہے۔اضافی رفتار اور چوکھٹ کے لحاظ سے
[]
 []

LaTeX Info: Redefining \rmfamily on input line 193.
LaTeX Info: Redefining \sffamily on input line 193.
LaTeX Info: Redefining \ttfamily on input line 193.
LaTeX Info: Redefining \rmfamily on input line 203.
LaTeX Info: Redefining \sffamily on input line 203.
LaTeX Info: Redefining \ttfamily on input line 203.

Underfull \hbox (badness 10000) in paragraph at lines 202--205
[]\TU/JameelNooriNastaleeq(2)/b/n/10 ہم $[] \OML/zplm/m/it/10 M \OT1/zplm/m/n/1
0 /  [] \OML/zplm/m/it/10 t$ \TU/JameelNooriNastaleeq(2)/b/n/10 (جو ہوائی بان ک
ی کمیت میں کمی کی شرح ہے) کو $\OMS/zplm/m/n/10 ^^@\OML/zplm/m/it/10 R$ \TU/Jame
elNooriNastaleeq(2)/b/n/10 لکھتے ہیں، جہاں $\OML/zplm/m/it/10 R$ \TU/JameelNoor
iNastaleeq(2)/b/n/10 ایندھن جلنے کی (مثبت) شرح ہے، اور $[] \OML/zplm/m/it/10 v 
\OT1/zplm/m/n/10 /  [] \OML/zplm/m/it/10 t$ \TU/JameelNooriNastaleeq(2)/b/n/10 
ہوائی بان[]
 []

[48]
LaTeX Info: Redefining \rmfamily on input line 208.
LaTeX Info: Redefining \sffamily on input line 208.
LaTeX Info: Redefining \ttfamily on input line 208.
LaTeX Info: Redefining \rmfamily on input line 210.
LaTeX Info: Redefining \sffamily on input line 210.
LaTeX Info: Redefining \ttfamily on input line 210.
LaTeX Info: Redefining \rmfamily on input line 210.
LaTeX Info: Redefining \sffamily on input line 210.
LaTeX Info: Redefining \ttfamily on input line 210.
LaTeX Info: Redefining \rmfamily on input line 210.
LaTeX Info: Redefining \sffamily on input line 210.
LaTeX Info: Redefining \ttfamily on input line 210.
LaTeX Info: Redefining \rmfamily on input line 213.
LaTeX Info: Redefining \sffamily on input line 213.
LaTeX Info: Redefining \ttfamily on input line 213.
LaTeX Info: Redefining \rmfamily on input line 226.
LaTeX Info: Redefining \sffamily on input line 226.
LaTeX Info: Redefining \ttfamily on input line 226.
LaTeX Info: Redefining \rmfamily on input line 226.
LaTeX Info: Redefining \sffamily on input line 226.
LaTeX Info: Redefining \ttfamily on input line 226.
LaTeX Info: Redefining \rmfamily on input line 226.
LaTeX Info: Redefining \sffamily on input line 226.
LaTeX Info: Redefining \ttfamily on input line 226.

Underfull \hbox (badness 10000) in paragraph at lines 225--227
[]\TU/JameelNooriNastaleeq(2)/b/n/10 جو ہوائی بان کی کمیت $\OML/zplm/m/it/10 M[
]$ \TU/JameelNooriNastaleeq(2)/b/n/10 سے گھٹ کر $\OML/zplm/m/it/10 M[]$ \TU/Jam
eelNooriNastaleeq(2)/b/n/10 ہونے کی صورت میں ہوائی بان کی رفتار میں اضافہ دیتی 
ہے۔ (مساوات [][]۹.۱۷[][] []میں علامت $[]$ \TU/AASameerSagarNastaleeqBold(0)/m/n
/10 قدرتی[]
 []


Underfull \hbox (badness 10000) in paragraph at lines 225--227
[]\TU/AASameerSagarNastaleeqBold(0)/m/n/10 لوگارتھم [][] \TU/JameelNooriNastale
eq(2)/b/n/10 ظاہر کرتی ہے۔) ہم یہاں  \TU/AASameerSagarNastaleeqBold(0)/m/n/10 ک
ثیرالمراحل [][] \TU/JameelNooriNastaleeq(2)/b/n/10 ہوائی بان کی افادیت جان سکتے
 ہیں جو ایندھن ختم ہونے پر خالی ٹینکی سے چھٹکارا حاصل کر کے $\OML/zplm/m/it/10 
M[]$[]
 []

[49]
LaTeX Info: Redefining \rmfamily on input line 234.
LaTeX Info: Redefining \sffamily on input line 234.
LaTeX Info: Redefining \ttfamily on input line 234.

Underfull \hbox (badness 1983) in paragraph at lines 245--246
[]\TU/JameelNooriNastaleeq(2)/b/n/10 ہم ہوائی بان کی قوت دھکیل $\OML/zplm/m/it/
10 T$ \TU/JameelNooriNastaleeq(2)/b/n/10 اور اس کی اسراع کی قدر $\OML/zplm/m/it
/10 a$ \TU/JameelNooriNastaleeq(2)/b/n/10 کا رشتہ $\OML/zplm/m/it/10 T \OT1/zpl
m/m/n/10 = \OML/zplm/m/it/10 Ma$ \TU/JameelNooriNastaleeq(2)/b/n/10 جانتے ہیں، 
جہاں $\OML/zplm/m/it/10 M$ \TU/JameelNooriNastaleeq(2)/b/n/10 ہوائی بان کی کمیت
 ہے۔ لیکن، جیسے جیسے[]
 []


Underfull \hbox (badness 10000) in paragraph at lines 255--257
[]\TU/JameelNooriNastaleeq(2)/b/n/10 سے قوت دھکیل $\OML/zplm/m/it/10 T$ \TU/Jam
eelNooriNastaleeq(2)/b/n/10 کا زیادہ ہونا لازمی ہے، ورنہ ہوائی بان زمین سے اٹھن
ے کے قابل نہیں ہو گا۔ چونکہ اس ہوائی بان کی قوت دھکیل (جو یہاں[]
 []

Missing character: There is no ٩ (U+0669) in font Jameel Noori Nastaleeq/OT:scr
ipt=arab;language=dflt;mapping=tex-text;!
Missing character: There is no ٥ (U+0665) in font Jameel Noori Nastaleeq/OT:scr
ipt=arab;language=dflt;mapping=tex-text;!
Missing character: There is no ٩ (U+0669) in font Jameel Noori Nastaleeq/OT:scr
ipt=arab;language=dflt;mapping=tex-text;!
Missing character: There is no ٥ (U+0665) in font Jameel Noori Nastaleeq/OT:scr
ipt=arab;language=dflt;mapping=tex-text;!
[50]
Missing character: There is no ٩ (U+0669) in font Jameel Noori Nastaleeq/OT:scr
ipt=arab;language=dflt;mapping=tex-text;!
Missing character: There is no ٨ (U+0668) in font Jameel Noori Nastaleeq/OT:scr
ipt=arab;language=dflt;mapping=tex-text;!
Missing character: There is no ٩ (U+0669) in font Jameel Noori Nastaleeq/OT:scr
ipt=arab;language=dflt;mapping=tex-text;!
Missing character: There is no ٨ (U+0668) in font Jameel Noori Nastaleeq/OT:scr
ipt=arab;language=dflt;mapping=tex-text;!
Missing character: There is no ٩ (U+0669) in font Jameel Noori Nastaleeq/OT:scr
ipt=arab;language=dflt;mapping=tex-text;!
Missing character: There is no ١ (U+0661) in font Jameel Noori Nastaleeq/OT:scr
ipt=arab;language=dflt;mapping=tex-text;!
Missing character: There is no ٤ (U+0664) in font Jameel Noori Nastaleeq/OT:scr
ipt=arab;language=dflt;mapping=tex-text;!
Missing character: There is no ٩ (U+0669) in font Jameel Noori Nastaleeq/OT:scr
ipt=arab;language=dflt;mapping=tex-text;!
Missing character: There is no ١ (U+0661) in font Jameel Noori Nastaleeq/OT:scr
ipt=arab;language=dflt;mapping=tex-text;!
Missing character: There is no ٤ (U+0664) in font Jameel Noori Nastaleeq/OT:scr
ipt=arab;language=dflt;mapping=tex-text;!
Missing character: There is no ٩ (U+0669) in font Jameel Noori Nastaleeq/OT:scr
ipt=arab;language=dflt;mapping=tex-text;!
Missing character: There is no ٢ (U+0662) in font Jameel Noori Nastaleeq/OT:scr
ipt=arab;language=dflt;mapping=tex-text;!
Missing character: There is no ٢ (U+0662) in font Jameel Noori Nastaleeq/OT:scr
ipt=arab;language=dflt;mapping=tex-text;!
Missing character: There is no ٩ (U+0669) in font Jameel Noori Nastaleeq/OT:scr
ipt=arab;language=dflt;mapping=tex-text;!
Missing character: There is no ٢ (U+0662) in font Jameel Noori Nastaleeq/OT:scr
ipt=arab;language=dflt;mapping=tex-text;!
Missing character: There is no ٢ (U+0662) in font Jameel Noori Nastaleeq/OT:scr
ipt=arab;language=dflt;mapping=tex-text;!
Missing character: There is no ٩ (U+0669) in font Jameel Noori Nastaleeq/OT:scr
ipt=arab;language=dflt;mapping=tex-text;!
Missing character: There is no ٢ (U+0662) in font Jameel Noori Nastaleeq/OT:scr
ipt=arab;language=dflt;mapping=tex-text;!
Missing character: There is no ٣ (U+0663) in font Jameel Noori Nastaleeq/OT:scr
ipt=arab;language=dflt;mapping=tex-text;!
Missing character: There is no ٩ (U+0669) in font Jameel Noori Nastaleeq/OT:scr
ipt=arab;language=dflt;mapping=tex-text;!
Missing character: There is no ٢ (U+0662) in font Jameel Noori Nastaleeq/OT:scr
ipt=arab;language=dflt;mapping=tex-text;!
Missing character: There is no ٣ (U+0663) in font Jameel Noori Nastaleeq/OT:scr
ipt=arab;language=dflt;mapping=tex-text;!
Missing character: There is no ٩ (U+0669) in font Jameel Noori Nastaleeq/OT:scr
ipt=arab;language=dflt;mapping=tex-text;!
Missing character: There is no ٢ (U+0662) in font Jameel Noori Nastaleeq/OT:scr
ipt=arab;language=dflt;mapping=tex-text;!
Missing character: There is no ٥ (U+0665) in font Jameel Noori Nastaleeq/OT:scr
ipt=arab;language=dflt;mapping=tex-text;!
Missing character: There is no ٩ (U+0669) in font Jameel Noori Nastaleeq/OT:scr
ipt=arab;language=dflt;mapping=tex-text;!
Missing character: There is no ٢ (U+0662) in font Jameel Noori Nastaleeq/OT:scr
ipt=arab;language=dflt;mapping=tex-text;!
Missing character: There is no ٧ (U+0667) in font Jameel Noori Nastaleeq/OT:scr
ipt=arab;language=dflt;mapping=tex-text;!
Missing character: There is no ٩ (U+0669) in font Jameel Noori Nastaleeq/OT:scr
ipt=arab;language=dflt;mapping=tex-text;!
Missing character: There is no ٢ (U+0662) in font Jameel Noori Nastaleeq/OT:scr
ipt=arab;language=dflt;mapping=tex-text;!
Missing character: There is no ٥ (U+0665) in font Jameel Noori Nastaleeq/OT:scr
ipt=arab;language=dflt;mapping=tex-text;!
Missing character: There is no ٩ (U+0669) in font Jameel Noori Nastaleeq/OT:scr
ipt=arab;language=dflt;mapping=tex-text;!
Missing character: There is no ٢ (U+0662) in font Jameel Noori Nastaleeq/OT:scr
ipt=arab;language=dflt;mapping=tex-text;!
Missing character: There is no ٧ (U+0667) in font Jameel Noori Nastaleeq/OT:scr
ipt=arab;language=dflt;mapping=tex-text;!
Missing character: There is no ٩ (U+0669) in font Jameel Noori Nastaleeq/OT:scr
ipt=arab;language=dflt;mapping=tex-text;!
Missing character: There is no ٣ (U+0663) in font Jameel Noori Nastaleeq/OT:scr
ipt=arab;language=dflt;mapping=tex-text;!
Missing character: There is no ١ (U+0661) in font Jameel Noori Nastaleeq/OT:scr
ipt=arab;language=dflt;mapping=tex-text;!
Missing character: There is no ٩ (U+0669) in font Jameel Noori Nastaleeq/OT:scr
ipt=arab;language=dflt;mapping=tex-text;!
Missing character: There is no ٣ (U+0663) in font Jameel Noori Nastaleeq/OT:scr
ipt=arab;language=dflt;mapping=tex-text;!
Missing character: There is no ٢ (U+0662) in font Jameel Noori Nastaleeq/OT:scr
ipt=arab;language=dflt;mapping=tex-text;!
Missing character: There is no ٩ (U+0669) in font Jameel Noori Nastaleeq/OT:scr
ipt=arab;language=dflt;mapping=tex-text;!
Missing character: There is no ٣ (U+0663) in font Jameel Noori Nastaleeq/OT:scr
ipt=arab;language=dflt;mapping=tex-text;!
Missing character: There is no ١ (U+0661) in font Jameel Noori Nastaleeq/OT:scr
ipt=arab;language=dflt;mapping=tex-text;!
Missing character: There is no ٩ (U+0669) in font Jameel Noori Nastaleeq/OT:scr
ipt=arab;language=dflt;mapping=tex-text;!
Missing character: There is no ٣ (U+0663) in font Jameel Noori Nastaleeq/OT:scr
ipt=arab;language=dflt;mapping=tex-text;!
Missing character: There is no ٢ (U+0662) in font Jameel Noori Nastaleeq/OT:scr
ipt=arab;language=dflt;mapping=tex-text;!
[51]
Missing character: There is no ٩ (U+0669) in font Jameel Noori Nastaleeq/OT:scr
ipt=arab;language=dflt;mapping=tex-text;!
Missing character: There is no ٣ (U+0663) in font Jameel Noori Nastaleeq/OT:scr
ipt=arab;language=dflt;mapping=tex-text;!
Missing character: There is no ٠ (U+0660) in font Jameel Noori Nastaleeq/OT:scr
ipt=arab;language=dflt;mapping=tex-text;!
Missing character: There is no ٩ (U+0669) in font Jameel Noori Nastaleeq/OT:scr
ipt=arab;language=dflt;mapping=tex-text;!
Missing character: There is no ٣ (U+0663) in font Jameel Noori Nastaleeq/OT:scr
ipt=arab;language=dflt;mapping=tex-text;!
Missing character: There is no ٠ (U+0660) in font Jameel Noori Nastaleeq/OT:scr
ipt=arab;language=dflt;mapping=tex-text;!
Missing character: There is no ٩ (U+0669) in font Jameel Noori Nastaleeq/OT:scr
ipt=arab;language=dflt;mapping=tex-text;!
Missing character: There is no ٣ (U+0663) in font Jameel Noori Nastaleeq/OT:scr
ipt=arab;language=dflt;mapping=tex-text;!
Missing character: There is no ٥ (U+0665) in font Jameel Noori Nastaleeq/OT:scr
ipt=arab;language=dflt;mapping=tex-text;!
Missing character: There is no ٩ (U+0669) in font Jameel Noori Nastaleeq/OT:scr
ipt=arab;language=dflt;mapping=tex-text;!
Missing character: There is no ٣ (U+0663) in font Jameel Noori Nastaleeq/OT:scr
ipt=arab;language=dflt;mapping=tex-text;!
Missing character: There is no ٥ (U+0665) in font Jameel Noori Nastaleeq/OT:scr
ipt=arab;language=dflt;mapping=tex-text;!
Missing character: There is no ٩ (U+0669) in font Jameel Noori Nastaleeq/OT:scr
ipt=arab;language=dflt;mapping=tex-text;!
Missing character: There is no ٣ (U+0663) in font Jameel Noori Nastaleeq/OT:scr
ipt=arab;language=dflt;mapping=tex-text;!
Missing character: There is no ٧ (U+0667) in font Jameel Noori Nastaleeq/OT:scr
ipt=arab;language=dflt;mapping=tex-text;!
Missing character: There is no ٩ (U+0669) in font Jameel Noori Nastaleeq/OT:scr
ipt=arab;language=dflt;mapping=tex-text;!
Missing character: There is no ٣ (U+0663) in font Jameel Noori Nastaleeq/OT:scr
ipt=arab;language=dflt;mapping=tex-text;!
Missing character: There is no ٧ (U+0667) in font Jameel Noori Nastaleeq/OT:scr
ipt=arab;language=dflt;mapping=tex-text;!
Missing character: There is no ٩ (U+0669) in font Jameel Noori Nastaleeq/OT:scr
ipt=arab;language=dflt;mapping=tex-text;!
Missing character: There is no ٤ (U+0664) in font Jameel Noori Nastaleeq/OT:scr
ipt=arab;language=dflt;mapping=tex-text;!
Missing character: There is no ٠ (U+0660) in font Jameel Noori Nastaleeq/OT:scr
ipt=arab;language=dflt;mapping=tex-text;!
Missing character: There is no ٩ (U+0669) in font Jameel Noori Nastaleeq/OT:scr
ipt=arab;language=dflt;mapping=tex-text;!
Missing character: There is no ٤ (U+0664) in font Jameel Noori Nastaleeq/OT:scr
ipt=arab;language=dflt;mapping=tex-text;!
Missing character: There is no ٠ (U+0660) in font Jameel Noori Nastaleeq/OT:scr
ipt=arab;language=dflt;mapping=tex-text;!

Underfull \hbox (badness 10000) in paragraph at lines 316--318
[]\TU/JameelNooriNastaleeq(2)/b/n/10 جہاں $\OT1/zplm/m/n/10 ^^A\OML/zplm/m/it/1
0 M \OT1/zplm/m/n/10 / ^^A\OML/zplm/m/it/10 t$ \TU/JameelNooriNastaleeq(2)/b/n/
10 وہ شرح ہے جس سے کمیت ساکن جسم سے ٹکراتی ہے۔درج بالا دو مساوات میں اگر ذرے تص
ادم کے بعد رک جاتے ہوں تب[]
 []

Missing character: There is no ٩ (U+0669) in font Jameel Noori Nastaleeq/OT:scr
ipt=arab;language=dflt;mapping=tex-text;!
Missing character: There is no ٤ (U+0664) in font Jameel Noori Nastaleeq/OT:scr
ipt=arab;language=dflt;mapping=tex-text;!
Missing character: There is no ٢ (U+0662) in font Jameel Noori Nastaleeq/OT:scr
ipt=arab;language=dflt;mapping=tex-text;!
Missing character: There is no ٩ (U+0669) in font Jameel Noori Nastaleeq/OT:scr
ipt=arab;language=dflt;mapping=tex-text;!
Missing character: There is no ٤ (U+0664) in font Jameel Noori Nastaleeq/OT:scr
ipt=arab;language=dflt;mapping=tex-text;!
Missing character: There is no ٢ (U+0662) in font Jameel Noori Nastaleeq/OT:scr
ipt=arab;language=dflt;mapping=tex-text;!
Missing character: There is no ٩ (U+0669) in font Jameel Noori Nastaleeq/OT:scr
ipt=arab;language=dflt;mapping=tex-text;!
Missing character: There is no ٤ (U+0664) in font Jameel Noori Nastaleeq/OT:scr
ipt=arab;language=dflt;mapping=tex-text;!
Missing character: There is no ٣ (U+0663) in font Jameel Noori Nastaleeq/OT:scr
ipt=arab;language=dflt;mapping=tex-text;!
Missing character: There is no ٩ (U+0669) in font Jameel Noori Nastaleeq/OT:scr
ipt=arab;language=dflt;mapping=tex-text;!
Missing character: There is no ٤ (U+0664) in font Jameel Noori Nastaleeq/OT:scr
ipt=arab;language=dflt;mapping=tex-text;!
Missing character: There is no ٣ (U+0663) in font Jameel Noori Nastaleeq/OT:scr
ipt=arab;language=dflt;mapping=tex-text;!

Underfull \hbox (badness 10000) in paragraph at lines 331--332
[]\TU/JameelNooriNastaleeq(2)/b/n/10 دو اجسام کی \TU/JameelNooriNastaleeq(2)/m/
n/9 غیر لچکی  \TU/JameelNooriNastaleeq(2)/b/n/10 تصادم میں دو جسمی نظام کی حرکی
 توانائی کی بقا نہیں ہو گی (حرکی توانائی مستقل نہیں ہو گی)۔ اگر نظام بند اور جد
ا ہو ، نظام کے کل خطی معیار[]
 []


Underfull \hbox (badness 10000) in paragraph at lines 331--332
[]\TU/JameelNooriNastaleeq(2)/b/n/10 حرکت کی بقا لازماً ہو گی (یہ مستقل ہو گا)،
 جس کو سمتیہ روپ میں ذیل لکھا جا سکتا ہے، جہاں زیر نوشت $\OML/zplm/m/it/10 i$ \
TU/JameelNooriNastaleeq(2)/b/n/10 اور $\OML/zplm/m/it/10 j$ \TU/JameelNooriNast
aleeq(2)/b/n/10 بالترتیب تصادم سے عین قبل اور اس کے عین[]
 []

[52]
Missing character: There is no ٩ (U+0669) in font Jameel Noori Nastaleeq/OT:scr
ipt=arab;language=dflt;mapping=tex-text;!
Missing character: There is no ٥ (U+0665) in font Jameel Noori Nastaleeq/OT:scr
ipt=arab;language=dflt;mapping=tex-text;!
Missing character: There is no ٠ (U+0660) in font Jameel Noori Nastaleeq/OT:scr
ipt=arab;language=dflt;mapping=tex-text;!
Missing character: There is no ٩ (U+0669) in font Jameel Noori Nastaleeq/OT:scr
ipt=arab;language=dflt;mapping=tex-text;!
Missing character: There is no ٥ (U+0665) in font Jameel Noori Nastaleeq/OT:scr
ipt=arab;language=dflt;mapping=tex-text;!
Missing character: There is no ٠ (U+0660) in font Jameel Noori Nastaleeq/OT:scr
ipt=arab;language=dflt;mapping=tex-text;!

Underfull \hbox (badness 10000) in paragraph at lines 336--337
[][]\TU/JameelNooriNastaleeq(2)/b/n/10 ذروں کی حرکت ایک محور پر ہونے کی صورت می
ں تصادم یک بُعدی ہو گا اور ہم مذکورہ بالا مساوات کو محور کے ہمراہ سمتی رفتار اج
زاء کی صورت میں ذیل لکھ سکتے[]
 []

Missing character: There is no ٩ (U+0669) in font Jameel Noori Nastaleeq/OT:scr
ipt=arab;language=dflt;mapping=tex-text;!
Missing character: There is no ٥ (U+0665) in font Jameel Noori Nastaleeq/OT:scr
ipt=arab;language=dflt;mapping=tex-text;!
Missing character: There is no ١ (U+0661) in font Jameel Noori Nastaleeq/OT:scr
ipt=arab;language=dflt;mapping=tex-text;!
Missing character: There is no ٩ (U+0669) in font Jameel Noori Nastaleeq/OT:scr
ipt=arab;language=dflt;mapping=tex-text;!
Missing character: There is no ٥ (U+0665) in font Jameel Noori Nastaleeq/OT:scr
ipt=arab;language=dflt;mapping=tex-text;!
Missing character: There is no ١ (U+0661) in font Jameel Noori Nastaleeq/OT:scr
ipt=arab;language=dflt;mapping=tex-text;!

Underfull \hbox (badness 10000) in paragraph at lines 347--348
[]\TU/JameelNooriNastaleeq(2)/m/n/9 لچکی تصادم \TU/JameelNooriNastaleeq(2)/b/n/
10 ایک خاص قسم کا تصادم ہے جس میں متصادم اجسام کے نظام کی حرکی توانائی برقرار ر
ہتی ہے۔اگر نظام بند اور جدا بھی ہو، اس کا خطی معیار حرکت[]
 []


Underfull \hbox (badness 10000) in paragraph at lines 347--348
[]\TU/JameelNooriNastaleeq(2)/b/n/10 بھی برقرار رہے گا۔یک بُعدی تصادم کے لئے، ج
س میں جسم $\OT1/ppl/m/n/10 2$ \TU/JameelNooriNastaleeq(2)/b/n/10 ہدف اور جسم $\
OT1/ppl/m/n/10 1$ \TU/JameelNooriNastaleeq(2)/b/n/10 گولا ہے، حرکی توانائی اور 
خطی معیار حرکت کی بقا، تصادم کے عین بعد سمتی[]
 []

Missing character: There is no ٩ (U+0669) in font Jameel Noori Nastaleeq/OT:scr
ipt=arab;language=dflt;mapping=tex-text;!
Missing character: There is no ٦ (U+0666) in font Jameel Noori Nastaleeq/OT:scr
ipt=arab;language=dflt;mapping=tex-text;!
Missing character: There is no ٧ (U+0667) in font Jameel Noori Nastaleeq/OT:scr
ipt=arab;language=dflt;mapping=tex-text;!
Missing character: There is no ٩ (U+0669) in font Jameel Noori Nastaleeq/OT:scr
ipt=arab;language=dflt;mapping=tex-text;!
Missing character: There is no ٦ (U+0666) in font Jameel Noori Nastaleeq/OT:scr
ipt=arab;language=dflt;mapping=tex-text;!
Missing character: There is no ٨ (U+0668) in font Jameel Noori Nastaleeq/OT:scr
ipt=arab;language=dflt;mapping=tex-text;!
Missing character: There is no ٩ (U+0669) in font Jameel Noori Nastaleeq/OT:scr
ipt=arab;language=dflt;mapping=tex-text;!
Missing character: There is no ٦ (U+0666) in font Jameel Noori Nastaleeq/OT:scr
ipt=arab;language=dflt;mapping=tex-text;!
Missing character: There is no ٧ (U+0667) in font Jameel Noori Nastaleeq/OT:scr
ipt=arab;language=dflt;mapping=tex-text;!
Missing character: There is no ٩ (U+0669) in font Jameel Noori Nastaleeq/OT:scr
ipt=arab;language=dflt;mapping=tex-text;!
Missing character: There is no ٦ (U+0666) in font Jameel Noori Nastaleeq/OT:scr
ipt=arab;language=dflt;mapping=tex-text;!
Missing character: There is no ٨ (U+0668) in font Jameel Noori Nastaleeq/OT:scr
ipt=arab;language=dflt;mapping=tex-text;!

Underfull \hbox (badness 4927) in paragraph at lines 353--354
[]\TU/JameelNooriNastaleeq(2)/b/n/10 اگر دو جسم یوں ٹکرائیں کہ ان کی حرکت ایک ہ
ی محور پر نہ ہو (ٹکر آمنے سامنے سے نہیں)، تصادم دو بُعدی ہو گا۔اگر دو جسمی نظام
 بند اور جدا ہو، معیار حرکت کی[]
 []

Missing character: There is no ٩ (U+0669) in font Jameel Noori Nastaleeq/OT:scr
ipt=arab;language=dflt;mapping=tex-text;!
Missing character: There is no ٧ (U+0667) in font Jameel Noori Nastaleeq/OT:scr
ipt=arab;language=dflt;mapping=tex-text;!
Missing character: There is no ٧ (U+0667) in font Jameel Noori Nastaleeq/OT:scr
ipt=arab;language=dflt;mapping=tex-text;!
Missing character: There is no ٩ (U+0669) in font Jameel Noori Nastaleeq/OT:scr
ipt=arab;language=dflt;mapping=tex-text;!
Missing character: There is no ٧ (U+0667) in font Jameel Noori Nastaleeq/OT:scr
ipt=arab;language=dflt;mapping=tex-text;!
Missing character: There is no ٧ (U+0667) in font Jameel Noori Nastaleeq/OT:scr
ipt=arab;language=dflt;mapping=tex-text;!

Underfull \hbox (badness 10000) in paragraph at lines 356--358
[]\TU/JameelNooriNastaleeq(2)/b/n/10 اجزاء کے روپ میں یہ قانون دو مساوات دے گا 
جو تصادم کو بیان کریں گی (دو ابعاد میں ہر بُعد کے لئے ایک مساوات) ۔ اگر تصادم ل
چکی بھی ہو (خصوصی[]
 []

Missing character: There is no ٩ (U+0669) in font Jameel Noori Nastaleeq/OT:scr
ipt=arab;language=dflt;mapping=tex-text;!
Missing character: There is no ٧ (U+0667) in font Jameel Noori Nastaleeq/OT:scr
ipt=arab;language=dflt;mapping=tex-text;!
Missing character: There is no ٨ (U+0668) in font Jameel Noori Nastaleeq/OT:scr
ipt=arab;language=dflt;mapping=tex-text;!
Missing character: There is no ٩ (U+0669) in font Jameel Noori Nastaleeq/OT:scr
ipt=arab;language=dflt;mapping=tex-text;!
Missing character: There is no ٧ (U+0667) in font Jameel Noori Nastaleeq/OT:scr
ipt=arab;language=dflt;mapping=tex-text;!
Missing character: There is no ٨ (U+0668) in font Jameel Noori Nastaleeq/OT:scr
ipt=arab;language=dflt;mapping=tex-text;!
Missing character: There is no ٩ (U+0669) in font Jameel Noori Nastaleeq/OT:scr
ipt=arab;language=dflt;mapping=tex-text;!
Missing character: There is no ٨ (U+0668) in font Jameel Noori Nastaleeq/OT:scr
ipt=arab;language=dflt;mapping=tex-text;!
Missing character: There is no ٧ (U+0667) in font Jameel Noori Nastaleeq/OT:scr
ipt=arab;language=dflt;mapping=tex-text;!
Missing character: There is no ٩ (U+0669) in font Jameel Noori Nastaleeq/OT:scr
ipt=arab;language=dflt;mapping=tex-text;!
Missing character: There is no ٨ (U+0668) in font Jameel Noori Nastaleeq/OT:scr
ipt=arab;language=dflt;mapping=tex-text;!
Missing character: There is no ٧ (U+0667) in font Jameel Noori Nastaleeq/OT:scr
ipt=arab;language=dflt;mapping=tex-text;!
[53]
Underfull \hbox (badness 10000) in paragraph at lines 366--368
[]\TU/JameelNooriNastaleeq(2)/b/n/10 جہاں $\OML/zplm/m/it/10 M$ \TU/JameelNoori
Nastaleeq(2)/b/n/10 ہوائی بان کی لمحاتی کمیت (جس میں غیر استعمال شدہ ایندھن شام
ل ہے)، $\OML/zplm/m/it/10 R$ \TU/JameelNooriNastaleeq(2)/b/n/10 ایندھن کے اصراف
 کی شرح، اور $\OML/zplm/m/it/10 v[]$ \TU/JameelNooriNastaleeq(2)/b/n/10 ہوائی ب
ان کے لحاظ سے[]
 []


Underfull \hbox (badness 10000) in paragraph at lines 366--368
[]\TU/JameelNooriNastaleeq(2)/b/n/10 خرج کی اضافی رفتار ہے۔جزو $\OML/zplm/m/it/
10 Rv[]$ \TU/JameelNooriNastaleeq(2)/b/n/10 ہوائی بان کی انجن کی \TU/AASameerSa
garNastaleeqBold(0)/m/n/10 قوت دھکیل \TU/JameelNooriNastaleeq(2)/b/n/10 ہے۔ جب 
ایک ہوائی بان کی،جس کی $\OML/zplm/m/it/10 R$ \TU/JameelNooriNastaleeq(2)/b/n/10
 اور $\OML/zplm/m/it/10 v[]$ \TU/JameelNooriNastaleeq(2)/b/n/10 اٹل ہو، کمیت $\
OML/zplm/m/it/10 M[]$[]
 []

Missing character: There is no ٩ (U+0669) in font Jameel Noori Nastaleeq/OT:scr
ipt=arab;language=dflt;mapping=tex-text;!
Missing character: There is no ٨ (U+0668) in font Jameel Noori Nastaleeq/OT:scr
ipt=arab;language=dflt;mapping=tex-text;!
Missing character: There is no ٨ (U+0668) in font Jameel Noori Nastaleeq/OT:scr
ipt=arab;language=dflt;mapping=tex-text;!
Missing character: There is no ٩ (U+0669) in font Jameel Noori Nastaleeq/OT:scr
ipt=arab;language=dflt;mapping=tex-text;!
Missing character: There is no ٨ (U+0668) in font Jameel Noori Nastaleeq/OT:scr
ipt=arab;language=dflt;mapping=tex-text;!
Missing character: There is no ٨ (U+0668) in font Jameel Noori Nastaleeq/OT:scr
ipt=arab;language=dflt;mapping=tex-text;!

Underfull \hbox (badness 6284) in paragraph at lines 377--379
[]\TU/JameelNooriNastaleeq(2)/b/n/10 سوال  ۹.۱:  تین ذرات جن پر بیرونی قوتیں عم
ل کرتی ہیں کا فضائی جائزہ شکل 9۔23 میں پیش ہے۔ دو ذروں پر قوتوں کی قدریں اور سم
تیں دی گئی ہیں۔ تین[]
 []


Underfull \hbox (badness 10000) in paragraph at lines 377--379
[]\TU/JameelNooriNastaleeq(2)/b/n/10 ذروی نظام کا مرکز کمیت (ا) ساکن، (ب) دائیں
 رخ مستقل سمتی رفتار سے، اور (ج) اوپر وار اسراع پذیر ہونے کی صورت میں تیسری قوت
 کی قدر اور سمت[]
 []


Underfull \hbox (badness 10000) in paragraph at lines 379--383
[] \TU/JameelNooriNastaleeq(2)/b/n/10 سوال  ۹.۲:  بلا رگڑ مستوی پر مستقل سمتی ر
فتاروں سے حرکت کرتے ہوئے ایک برابر کمیت کے چار ذروں کا فضائی جائزہ شکل 9.24 میں
 پیش ہے۔ سمتی[]
 []


Underfull \hbox (badness 10000) in paragraph at lines 379--383
[]\TU/JameelNooriNastaleeq(2)/b/n/10 رفتاروں کے رخ دیے گئے ہیں؛ ان کی قدریں برا
بر ہیں۔ ذروں کی جوڑیاں بنائیں۔ کون سی جوڑی ایسا نظام دیتی ہے جس کا مرکز کمیت (س
اکن ہے، (ب) ساکن[]
 []


Underfull \hbox (badness 10000) in paragraph at lines 383--388
[] \TU/JameelNooriNastaleeq(2)/b/n/10 سوال  ۹.۳:  فرض کریں ایک ڈبہ، جو $\OML/zp
lm/m/it/10 x$ \TU/JameelNooriNastaleeq(2)/b/n/10 محور پر مستقل مثبت سمتی رفتار 
سے حرکت میں ہو، دھماکے سے دو ٹکڑوں میں تقسیم ہوتا ہے۔ ایک ٹکڑا ، جس کی[]
 []


Underfull \hbox (badness 10000) in paragraph at lines 383--388
[]\TU/JameelNooriNastaleeq(2)/b/n/10 کمیت $\OML/zplm/m/it/10 m[]$ \TU/JameelNoo
riNastaleeq(2)/b/n/10 ہے ، مثبت سمتی رفتار $[]$ سے حرکت کرتا ہے۔ دوسرا ٹکڑا جس 
کی کمیت $\OML/zplm/m/it/10 m[]$ \TU/JameelNooriNastaleeq(2)/b/n/10 ہے (ا) مثبت 
سمتی رفتار $[]$ (شکل 9.25a)، (ب) منفی[]
 []


Underfull \hbox (badness 10000) in paragraph at lines 383--388
[]\TU/JameelNooriNastaleeq(2)/b/n/10 سمتی رفتار $[]$ (شکل 9.25b)، یا (ج) صفر سم
تی رفتار (شکل  9.25c) رکھ سکتا ہے۔ ان ممکن نتائج کی درجہ بندی مطابقتی $[]$ کی ق
در کے لحاظ سے ،اعظم[]
 []


Underfull \hbox (badness 10000) in paragraph at lines 388--392
[] \TU/JameelNooriNastaleeq(2)/b/n/10 سوال  ۹.۴:  تصادم میں ملوث جسم کے لئے قوت
 کی قدر بالمقابل وقت کی ترسیمات شکل 9.26 میں پیش ہیں۔ ترسیمات کی درجہ بندی جسم 
پر قوت دھکیل[]
 []


Underfull \hbox (badness 10000) in paragraph at lines 392--397
[] \TU/JameelNooriNastaleeq(2)/b/n/10 سوال  ۹.۵:  بلا رگڑ مستوی پر حرکت کرتے تی
ن ڈبوں پر عمل پیرا قوت کا فضائی نظارہ شکل 9.27 میں پیش ہے۔ ہر ایک ڈبہ کے لئے ، 
کیا محور $\OML/zplm/m/it/10 x$ \TU/JameelNooriNastaleeq(2)/b/n/10 اور محور[]
 []


Underfull \hbox (badness 10000) in paragraph at lines 397--401
[] \TU/JameelNooriNastaleeq(2)/b/n/10 سوال  ۹.۶:  تین یا چار یکساں ذروں کا گروہ
 ، جو محور $\OML/zplm/m/it/10 x$ \TU/JameelNooriNastaleeq(2)/b/n/10 یا محور $\O
ML/zplm/m/it/10 y$ \TU/JameelNooriNastaleeq(2)/b/n/10 کے متوازی ایک رفتار سے حر
کت کرتے ہوں، شکل 9.28 میں دکھایا گیا ہے۔ مرکز[]
 []


Underfull \hbox (badness 10000) in paragraph at lines 401--406
[] \TU/JameelNooriNastaleeq(2)/b/n/10 سوال  ۹.۷:  ایک سل بلا رگڑ فرش پر حرکت کر
 کے اس جتنی کمیت کی دوسری سل سے ٹکراتی ہے۔ شکل 9.29 میں سلوں کی حرکی توانائی $\
OML/zplm/m/it/10 K$ \TU/JameelNooriNastaleeq(2)/b/n/10 کی چار ممکنہ[]
 []


Underfull \hbox (badness 10000) in paragraph at lines 406--410
[] \TU/JameelNooriNastaleeq(2)/b/n/10 سوال  ۹.۸:  بلا رگڑ فرش پر محور $\OML/zpl
m/m/it/10 x$ \TU/JameelNooriNastaleeq(2)/b/n/10 کے ہمراہ سل $\OT1/ppl/m/n/10 1$
 \TU/JameelNooriNastaleeq(2)/b/n/10 ساکن سل $\OT1/ppl/m/n/10 2$ \TU/JameelNoori
Nastaleeq(2)/b/n/10 کی طرف بڑھتا ہے۔عین لچکی تصادم سے قبل لمحہ پر ان کی تصویر ک
شی شکل 9.30 میں[]
 []


Underfull \hbox (badness 10000) in paragraph at lines 406--410
[]\TU/JameelNooriNastaleeq(2)/b/n/10 کی گئی ہے۔ اس لمحہ پر دو سل نظام کے مرکز ک
میت کے تین ممکن مقام بھی پیش ہیں۔ (نقطہ $\OML/zplm/m/it/10 B$ \TU/JameelNooriNa
staleeq(2)/b/n/10 سلوں کے مراکز کے درمیان نصف فاصلے پر ہے۔) اگر تصادم[]
 []

[54]
Underfull \hbox (badness 10000) in paragraph at lines 410--415
[] \TU/JameelNooriNastaleeq(2)/b/n/10 سوال  ۹.۹:  دو اجسام محور $\OML/zplm/m/it
/10 x$ \TU/JameelNooriNastaleeq(2)/b/n/10 کے ہمراہ یک بُعدی لچکی تصادم کا شکار 
ہوتے ہیں۔ شکل 9.31 میں اجسام اور مرکز کمیت کے مقام بالمقابل وقت ترسیمات[]
 []


Underfull \hbox (badness 10000) in paragraph at lines 410--415
[]\TU/JameelNooriNastaleeq(2)/b/n/10 پیش ہیں۔ (ا) کیا دونوں جسم ابتدائی طور پر 
حرکت میں تھی، یا ان میں سے ایک ساکن تھا؟ کونسا لکیری قطع (ب) تصادم سے قبل اور (
ج) تصادم کے بعد مرکز[]
 []


Underfull \hbox (badness 10000) in paragraph at lines 415--419
[] \TU/JameelNooriNastaleeq(2)/b/n/10 سوال  ۹.۱۰:  افقی فرش پر سل ابتدائی طور س
اکن ، محور $\OML/zplm/m/it/10 x$ \TU/JameelNooriNastaleeq(2)/b/n/10 کے ہمراہ مث
بت رخ ، یا محور کے منفی رخ حرکت میں ہے۔ سل دھماکے سے دو ٹکڑوں میں تقسیم[]
 []


Underfull \hbox (badness 10000) in paragraph at lines 415--419
[]\TU/JameelNooriNastaleeq(2)/b/n/10 ہوتا ہے جو اسی محور پر حرکت کرتے ہیں۔ فرض 
کریں سل اور اس کے دو ٹکڑے ایک بند اور جدا نظام دیتے ہیں۔سل اور ٹکڑوں کے معیار ح
رکت بالمقابل وقت[]
 []


Underfull \hbox (badness 10000) in paragraph at lines 419--423
[] \TU/JameelNooriNastaleeq(2)/b/n/10 سوال  ۹.۱۱:  محور $\OML/zplm/m/it/10 x$ \
TU/JameelNooriNastaleeq(2)/b/n/10 پر کمیت $\OML/zplm/m/it/10 m[]$ \TU/JameelNoo
riNastaleeq(2)/b/n/10 کا سل بلا رگڑ فرش پر چلتا ہوا کمیت $\OML/zplm/m/it/10 m[]
$ \TU/JameelNooriNastaleeq(2)/b/n/10 کے ساکن سل سے لچکی متصادم ہوتا ہے۔ شکل 9.3
3 میں سل $\OT1/ppl/m/n/10 1$ \TU/JameelNooriNastaleeq(2)/b/n/10 کا مقام[]
 []


Underfull \hbox (badness 10000) in paragraph at lines 423--428
[] \TU/JameelNooriNastaleeq(2)/b/n/10 سوال  ۹.۱۲:  دو جسم اور ان کے مرکز کمیت ک
ی مقام بالمقابل وقت کی چار ترسیمات پیش ہیں۔ یہ جسم بند اور جدا نظام دیتے ہیں او
ر محور $\OML/zplm/m/it/10 x$ \TU/JameelNooriNastaleeq(2)/b/n/10 پر چلتے ہوئے یک
[]
 []


Underfull \hbox (badness 10000) in paragraph at lines 423--428
[]\TU/JameelNooriNastaleeq(2)/b/n/10 بُعدی مکمل غیر لچکی تصادم کا شکار ہوتے ہیں
۔ کیا ترسیم $\OT1/ppl/m/n/10 1$ \TU/JameelNooriNastaleeq(2)/b/n/10 میں (ا) دو ج
سم اور (ب) مرکز کمیت محور $\OML/zplm/m/it/10 x$ \TU/JameelNooriNastaleeq(2)/b/n
/10 پر مثبت رخ یا منفی رخ حرکت کرتے ہیں؟ (ج) کونسی[]
 []


Underfull \hbox (badness 10000) in paragraph at lines 434--436
[]\TU/JameelNooriNastaleeq(2)/b/n/10 سوال  ۹.۱۳:  کمیت $\OT1/ppl/m/n/10 2.00 []
$ \TU/JameelNooriNastaleeq(2)/b/n/10 ذرے کا $\OML/zplm/m/it/10 xy$ \TU/JameelNo
oriNastaleeq(2)/b/n/10 محدد $\OT1/zplm/m/n/10 (\OMS/zplm/m/n/10 ^^@\OT1/ppl/m/n
/10 1.20 m, 0.500 m\OT1/zplm/m/n/10 )$\TU/JameelNooriNastaleeq(2)/b/n/10 ، اور 
کمیت $\OT1/ppl/m/n/10 4.00 []$ \TU/JameelNooriNastaleeq(2)/b/n/10 ذرے کا $\OML/
zplm/m/it/10 xy$ \TU/JameelNooriNastaleeq(2)/b/n/10 محدد[]
 []


Underfull \hbox (badness 10000) in paragraph at lines 434--436
[]$\OT1/zplm/m/n/10 (\OT1/ppl/m/n/10 0.600 m, \OMS/zplm/m/n/10 ^^@\OT1/ppl/m/n/
10 0.750 m\OT1/zplm/m/n/10 )$ \TU/JameelNooriNastaleeq(2)/b/n/10 ہے۔ دونوں افقی
 مستوی پر پائے جاتے ہیں۔ کمیت $\OT1/ppl/m/n/10 3.00 []$ \TU/JameelNooriNastalee
q(2)/b/n/10 کا تیسرا ذرہ کس (ا) $\OML/zplm/m/it/10 x$ \TU/JameelNooriNastaleeq(
2)/b/n/10 اور (ب) $\OML/zplm/m/it/10 y$ \TU/JameelNooriNastaleeq(2)/b/n/10 پر ر
کھ کر تین[]
 []


Underfull \hbox (badness 10000) in paragraph at lines 440--444
[]\TU/JameelNooriNastaleeq(2)/b/n/10 گیا ہے۔ اس کا نصف حصہ المونیم (کثافت $\OT1
/ppl/m/n/10 2.70 g [][]$ \TU/JameelNooriNastaleeq(2)/b/n/10 ) اور آدھا لوہے (کث
افت $\OT1/ppl/m/n/10 7.85 g [][]$\TU/JameelNooriNastaleeq(2)/b/n/10 ) کا ہے۔ سل
 کے مرکز کمیت کا (ا) $\OML/zplm/m/it/10 x$[]
 []

[55]
Underfull \hbox (badness 10000) in paragraph at lines 453--457
[] \TU/JameelNooriNastaleeq(2)/b/n/10 سوال  ۹.۱۸:  قابل نظر انداز موٹائی کی یکس
اں دھاتی چادر سے بنایا گیا مکعب شکل 9.39 میں پیش ہے۔ مکعب اوپر سے کھلا ہے اور ا
س کا کنارہ[]
 []


Underfull \hbox (badness 10000) in paragraph at lines 462--466
[]\TU/JameelNooriNastaleeq(2)/b/n/10 بوتل کے سر اور تل میں ، مشروب خارج کرنے کی
 غرض سے، باریک سوراخ (جو بوتل کی کمیت پر اثر انداز نہیں ہوتے) کیے جاتے ہیں۔ (ا)
 مکمل بھری بوتل[]
 []


Underfull \hbox (badness 10000) in paragraph at lines 462--466
[]\TU/JameelNooriNastaleeq(2)/b/n/10 (بمع مشروب) کے مرکز کمیت کی اور (ب) مکمل خ
الی بوتل کے مرکز کمیت کی بلندی $\OML/zplm/m/it/10 h$ \TU/JameelNooriNastaleeq(2
)/b/n/10 کیا ہو گی؟ (ج) جیسے جیسے مشروب خارج ہوتا ہے، $\OML/zplm/m/it/10 h$ \TU
/JameelNooriNastaleeq(2)/b/n/10 کو کیا ہو گا؟ (د)[]
 []


Underfull \hbox (badness 10000) in paragraph at lines 473--477
[] \TU/JameelNooriNastaleeq(2)/b/n/10 سوال  ۹.۲۲:  چوراہا بتی پر $\OT1/ppl/m/n/
10 1000 []$ \TU/JameelNooriNastaleeq(2)/b/n/10 کمیت کی گاڑی کھڑی ہے۔ جیسے ہی بت
ی سبز ہوتی ہے گاڑی $\OT1/ppl/m/n/10 4.0 m s[]$ \TU/JameelNooriNastaleeq(2)/b/n/
10 مستقل اسراع سے حرکت میں آتی[]
 []


Underfull \hbox (badness 10000) in paragraph at lines 473--477
[]\TU/JameelNooriNastaleeq(2)/b/n/10 ہے۔ عین اسی لمحے ایک ٹرک جس کی کمیت $\OT1/
ppl/m/n/10 2000 []$ \TU/JameelNooriNastaleeq(2)/b/n/10 اور جو $\OT1/ppl/m/n/10 
8.0 m s[]$ \TU/JameelNooriNastaleeq(2)/b/n/10 رفتار سے چل رہا ہے گاڑی سے آگے نک
لتا ہے۔ (ا) گاڑی و ٹرک نظام کا[]
 []


Underfull \hbox (badness 1635) in paragraph at lines 477--482
[] \TU/JameelNooriNastaleeq(2)/b/n/10 سوال  ۹.۲۳:  زیتون کا ایک بڑا پھل $\OT1/z
plm/m/n/10 (\OML/zplm/m/it/10 m \OT1/zplm/m/n/10 = \OT1/ppl/m/n/10 0.50 []\OT1/
zplm/m/n/10 )$ $\OML/zplm/m/it/10 xy$ \TU/JameelNooriNastaleeq(2)/b/n/10 محددی 
نظام کے مرکز پر، اور جوز برازیل $\OML/zplm/m/it/10 M \OT1/zplm/m/n/10 = \OT1/pp
l/m/n/10 1.5 []$ \TU/JameelNooriNastaleeq(2)/b/n/10 نقطہ[]
 []


Underfull \hbox (badness 10000) in paragraph at lines 482--486
[] \TU/JameelNooriNastaleeq(2)/b/n/10 سوال  ۹.۲۴:  دو پھسلن باز ، جن میں سے ایک
 کی کمیت $\OT1/ppl/m/n/10 65 []$ \TU/JameelNooriNastaleeq(2)/b/n/10 اور دوسرے ک
ی $\OT1/ppl/m/n/10 40 []$ \TU/JameelNooriNastaleeq(2)/b/n/10 ہے، $\OT1/ppl/m/n/
10 10 m$ \TU/JameelNooriNastaleeq(2)/b/n/10 لمبا ڈنڈا ، جس کی کمیت قابل نظر اند
از ہے ،[]
 []


Underfull \hbox (badness 10000) in paragraph at lines 482--486
[]\TU/JameelNooriNastaleeq(2)/b/n/10 تھامے برف پر کھڑے ہیں۔ ڈنڈے کے سروں سے آغا
ز کرتے ہوئے پھسلن باز ڈنڈا کھینچ کر ، ڈنڈے کے ہمراہ حرکت کرتے ہوئے قریب آ کر ، 
ملتے ہیں۔ کم[]
 []


Underfull \hbox (badness 4699) in paragraph at lines 486--491
[]\TU/JameelNooriNastaleeq(2)/b/n/10 تر نقطہ پر گولا دھماکے سے دو برابر ٹکڑوں م
یں تقسیم ہوتا ہے (شکل 9-42)۔ ایک ٹکڑا جس کا رفتار دھماکے کے عین بعد صفر ہے سیدھ
ا نیچے گرتا ہے۔ دوسرا ٹکڑا[]
 []


Underfull \hbox (badness 10000) in paragraph at lines 491--495
[]\TU/JameelNooriNastaleeq(2)/b/n/10 سے اوپری زاویے پر یوں پھینکا جاتا ہے کہ یہ
 ہر لمحہ ذرہ $\OT1/ppl/m/n/10 1$\TU/JameelNooriNastaleeq(2)/b/n/10 کے ٹھیک اوپر
 رہتا ہے۔ (ا) دو ذروی نظام کا مرکز کمیت کتنی زیادہ سے زیادہ بلندی $\OML/zplm/m/
it/10 H[]$ \TU/JameelNooriNastaleeq(2)/b/n/10 کو پہنچتا[]
 []

[56]
Underfull \hbox (badness 10000) in paragraph at lines 495--500
[] \TU/JameelNooriNastaleeq(2)/b/n/10 سوال  ۹.۲۷:  ایک ریڑھی جو ہوائی ڈگر پر چل
تی ہے رسی کے ذریعہ اینٹ سے منسلک ہے جو لٹک رہی ہے (شکل 9.44)۔ ریڑھی کی کمیت[]
 []


Underfull \hbox (badness 10000) in paragraph at lines 495--500
[]\TU/JameelNooriNastaleeq(2)/b/n/10 اس کا مرکز کمیت ابتدائی طور پر $\OT1/zplm/
m/n/10 (\OT1/ppl/m/n/10 0 m, \OMS/zplm/m/n/10 ^^@\OT1/ppl/m/n/10 0.100 m\OT1/zp
lm/m/n/10 )$ \TU/JameelNooriNastaleeq(2)/b/n/10 محدد پر ہے۔ رسی اور چرخی کی کمی
ت قابل نظر انداز ہے۔ریڑھی ساکن حالت سے رہا کی جاتی[]
 []


Underfull \hbox (badness 10000) in paragraph at lines 495--500
[]\TU/JameelNooriNastaleeq(2)/b/n/10 ہے۔ ریڑھی اور اینٹ حرکت کرتی ہیں حتٰی کہ ر
یڑھی چرخی سے ٹکراتی ہے۔ ریڑھی اور ہوائی ڈگر کے بیچ رگڑ ، اور چرخی اور دھرے کے ب
یچ رگڑ قابل نظر انداز[]
 []


Underfull \hbox (badness 10000) in paragraph at lines 495--500
[]\TU/JameelNooriNastaleeq(2)/b/n/10 ہے۔ (ا) ریڑھی و اینٹ نظام کے مرکز کمیت کی 
اسراع اکائی سمتی ترقیم میں کیا ہو گی؟ (ب) مرکز کمیت کی سمتی رفتار بطور وقت $\OM
L/zplm/m/it/10 t$ \TU/JameelNooriNastaleeq(2)/b/n/10 کا تفاعل کیا ہو گی؟ (ج) مر
کز[]
 []


Underfull \hbox (badness 10000) in paragraph at lines 500--504
[] \TU/JameelNooriNastaleeq(2)/b/n/10 سوال  ۹.۲۸:  زریاب جس کی کمیت $\OT1/ppl/m
/n/10 80 []$ \TU/JameelNooriNastaleeq(2)/b/n/10 ہے اور اسد جو ہلکا ہے $\OT1/ppl
/m/n/10 30 []$ \TU/JameelNooriNastaleeq(2)/b/n/10 ساکن کشتی میں بیٹھ (ناران میں
) کر سیف الملوک جھیل کا نظارہ کر رہے[]
 []


Underfull \hbox (badness 10000) in paragraph at lines 500--504
[]\TU/JameelNooriNastaleeq(2)/b/n/10 ہیں۔ ان کی نشستیں $\OT1/ppl/m/n/10 3.0 m$ 
\TU/JameelNooriNastaleeq(2)/b/n/10 فاصلے پر، اور کشتی کے مرکز کمیت کے لحاظ سے م
تشاکلی واقع ہیں۔ دونوں آپس میں نشست تبدیل کرتے ہیں۔ اگر کشتی کا مرکز[]
 []


Underfull \hbox (badness 1596) in paragraph at lines 504--508
[] \TU/JameelNooriNastaleeq(2)/b/n/10 سوال  ۹.۲۹:  کنارے سے $\OML/zplm/m/it/10 
D \OT1/zplm/m/n/10 = \OT1/ppl/m/n/10 6.1 m$ \TU/JameelNooriNastaleeq(2)/b/n/10 
فاصلے پر $\OT1/ppl/m/n/10 4.5 []$ \TU/JameelNooriNastaleeq(2)/b/n/10 کتّا $\OT1
/ppl/m/n/10 18 []$ \TU/JameelNooriNastaleeq(2)/b/n/10 کشتی میں کھڑا ہے (شکل 9.4
5-الف)۔ یہ کنارے کی طرف[]
 []


Underfull \hbox (badness 10000) in paragraph at lines 513--515
[]\TU/JameelNooriNastaleeq(2)/b/n/10 سوال  ۹.۳۰:  ایک گیند جس کی کمیت $\OT1/ppl
/m/n/10 0.70 []$ \TU/JameelNooriNastaleeq(2)/b/n/10 ہے $\OT1/ppl/m/n/10 5.0 m s
[]$ \TU/JameelNooriNastaleeq(2)/b/n/10 افقی حرکت کر کے انتصابی دیوار سے ٹکرا کر
 $\OT1/ppl/m/n/10 2.0 m s[]$ \TU/JameelNooriNastaleeq(2)/b/n/10 رفتار سے[]
 []


Underfull \hbox (badness 10000) in paragraph at lines 515--519
[] \TU/JameelNooriNastaleeq(2)/b/n/10 سوال  ۹.۳۱:  ایک ٹرک ، جس کی کمیت $\OT1/p
pl/m/n/10 2100 []$ \TU/JameelNooriNastaleeq(2)/b/n/10 ہے، شمال کی طرف $\OT1/ppl
/m/n/10 41 [] h[]$ \TU/JameelNooriNastaleeq(2)/b/n/10 چلتے ہوئے مشرق کو مڑ کر $
\OT1/ppl/m/n/10 51 [] h[]$ \TU/JameelNooriNastaleeq(2)/b/n/10 اسراع[]
 []


Underfull \hbox (badness 10000) in paragraph at lines 523--528
[] \TU/JameelNooriNastaleeq(2)/b/n/10 سوال  ۹.۳۳:  بلا سے ٹکرانے سے عین قبل $\O
T1/ppl/m/n/10 0.30 []$ \TU/JameelNooriNastaleeq(2)/b/n/10 کمیت کا گیند $\OT1/pp
l/m/n/10 15 m s[]$ \TU/JameelNooriNastaleeq(2)/b/n/10 سمتی رفتار سے افق سے نیچے
 $\OT1/ppl/m/n/10 35[]$ \TU/JameelNooriNastaleeq(2)/b/n/10 زاویے کے ساتھ گامزن[
]
 []


Underfull \hbox (badness 10000) in paragraph at lines 523--528
[]\TU/JameelNooriNastaleeq(2)/b/n/10 ہے۔ بلے کے ساتھ تماس کے دوران گیند کے معیا
ر حرکت میں تبدیلی کی قدر کیا ہو گی اگر گیند (ا) سیدھا انتصابی نیچے رخ $\OT1/ppl
/m/n/10 20 m s[]$\TU/JameelNooriNastaleeq(2)/b/n/10 ، اور (ب) افقی[]
 []


Underfull \hbox (badness 10000) in paragraph at lines 528--532
[] \TU/JameelNooriNastaleeq(2)/b/n/10 سوال  ۹.۳۴:  شکل 9.47 میں $\OT1/ppl/m/n/1
0 0.165 []$ \TU/JameelNooriNastaleeq(2)/b/n/10 کمیت گیند کا فضائی جائزہ پیش ہے۔
 گیند اطرافی دیوار سے ٹپکی کھاتا دکھایا گیا ہے۔ گیند کی ابتدائی رفتار[]
 []

[57]
Underfull \hbox (badness 10000) in paragraph at lines 539--543
[] \TU/JameelNooriNastaleeq(2)/b/n/10 سوال  ۹.۳۶:  چھتر سپاہی $\OT1/ppl/m/n/10 
370 m$ \TU/JameelNooriNastaleeq(2)/b/n/10 بلندی پر پرواز کرتے ہوئے طیارے سے کود
تا ہے۔بدقسمتی سے اس کی چھتری نہیں کھل پاتی۔ وہ برف میں گر کر[]
 []


Underfull \hbox (badness 10000) in paragraph at lines 539--543
[]\TU/JameelNooriNastaleeq(2)/b/n/10 معمولی زخمی ہوتا ہے۔فرض کریں زمین پر پہنچ 
کر اس کی (اخیر) رفتار $\OT1/ppl/m/n/10 56 m s[]$ \TU/JameelNooriNastaleeq(2)/b/
n/10 اور کمیت ( بمع ساز و سامان) $\OT1/ppl/m/n/10 85 []$ \TU/JameelNooriNastale
eq(2)/b/n/10 ہے، اور اس پر برف کی قوت کی[]
 []


Underfull \hbox (badness 10000) in paragraph at lines 539--543
[]\TU/JameelNooriNastaleeq(2)/b/n/10 قدر $\OT1/ppl/m/n/10 1.2 \OMS/zplm/m/n/10 
^^B \OT1/ppl/m/n/10 10[] N$ \TU/JameelNooriNastaleeq(2)/b/n/10 ہے (جس پر انسان 
مشکل سے زندہ رہ پاتا ہے)۔ (ا) برف کی تہہ کم سے کم کتنی موٹی ہے؟ (ب) اس پر برف ک
ی ضرب کی قدر کیا[]
 []


Underfull \hbox (badness 10000) in paragraph at lines 543--548
[] \TU/JameelNooriNastaleeq(2)/b/n/10 سوال  ۹.۳۷:  زمین پر $\OT1/ppl/m/n/10 1.2
 []$ \TU/JameelNooriNastaleeq(2)/b/n/10 کا گیند $\OT1/ppl/m/n/10 25 m s[]$ \TU/
JameelNooriNastaleeq(2)/b/n/10 رفتار سے انتصابی گرتا ہے۔ٹپکی کے بعد اس کی ابتدا
ئی رفتار $\OT1/ppl/m/n/10 10 m s[]$ \TU/JameelNooriNastaleeq(2)/b/n/10 ہے۔ (ا) 
تماس[]
 []


Underfull \hbox (badness 10000) in paragraph at lines 548--552
[] \TU/JameelNooriNastaleeq(2)/b/n/10 سوال  ۹.۳۸:  عین اس وقت جب ایک شخص ، جس ک
ی کمیت $\OT1/ppl/m/n/10 70 []$ \TU/JameelNooriNastaleeq(2)/b/n/10 ہے ، کرسی پر 
بیٹھتا ہے اس کا شرارتی دوست کرسی کھینچ لیتا ہے، جس کی بدولت پہلا[]
 []


Underfull \hbox (badness 10000) in paragraph at lines 548--552
[]\TU/JameelNooriNastaleeq(2)/b/n/10 شخص $\OT1/ppl/m/n/10 0.50 m$ \TU/JameelNoo
riNastaleeq(2)/b/n/10 نیچے زمین پر گرتا ہے۔ اگر زمین کے ساتھ تصادم کا دورانیہ $
\OT1/ppl/m/n/10 0.082 s$ \TU/JameelNooriNastaleeq(2)/b/n/10 ہو، تصادم کے دوران 
شخص پر زمین (ا) کی ضرب اور (ب) اوسط[]
 []


Underfull \hbox (badness 10000) in paragraph at lines 552--556
[]\TU/JameelNooriNastaleeq(2)/b/n/10 قوت عمل کرتی ہے۔ قوت کی قدر میں تبدیل پائی
 جاتی ہے اور ضرب کی قدر $\OT1/ppl/m/n/10 32.4 N s$ \TU/JameelNooriNastaleeq(2)/
b/n/10 ہے۔ قوت لاگو کرنے کے عین بعد گیند کی (ا) رفتار اور (ب) اس[]
 []


Underfull \hbox (badness 10000) in paragraph at lines 556--561
[] \TU/JameelNooriNastaleeq(2)/b/n/10 سوال  ۹.۴۰:  ایک پہلوان میز پر $\OT1/ppl/
m/n/10 13 m s[]$ \TU/JameelNooriNastaleeq(2)/b/n/10 رفتار سے تھپڑ مارتا ہے۔ اس 
کا ہاتھ $\OT1/ppl/m/n/10 5.0 []$ \TU/JameelNooriNastaleeq(2)/b/n/10 کے تصادم می
ں رکتا ہے۔ فرض کریں تصادم کے[]
 []


Underfull \hbox (badness 10000) in paragraph at lines 556--561
[]\TU/JameelNooriNastaleeq(2)/b/n/10 دوران ہاتھ اور بازو ایک دوسرے پر اثر انداز
 نہیں ہوتے اور ہاتھ کی کمیت $\OT1/ppl/m/n/10 0.70 []$ \TU/JameelNooriNastaleeq(
2)/b/n/10 ہے۔ ہاتھ پر میز کی (ا) ضرب کی قدر اور (ب) اوسط قوت کی قدر کیا ہو[]
 []


Underfull \hbox (badness 10000) in paragraph at lines 565--569
[] \TU/JameelNooriNastaleeq(2)/b/n/10 سوال  ۹.۴۲: \TU/JameelNooriNastaleeq(2)/m
/n/9 دو اوسط قوت \TU/JameelNooriNastaleeq(2)/b/n/10 دیوار پر $\OT1/ppl/m/n/10 0
.250 []$ \TU/JameelNooriNastaleeq(2)/b/n/10 کے برف گولے $\OT1/ppl/m/n/10 4.00 m
 s[]$ \TU/JameelNooriNastaleeq(2)/b/n/10 رفتار سے لگاتار عمودی مارے جاتے ہیں۔ہر
 گولا دیوار سے چپکتا[]
 []


Underfull \hbox (badness 3148) in paragraph at lines 569--574
[] \TU/JameelNooriNastaleeq(2)/b/n/10 سوال  ۹.۴۳: \TU/JameelNooriNastaleeq(2)/m
/n/9 بلند کن کی ٹکر سے پہلے اچھلنا \TU/JameelNooriNastaleeq(2)/b/n/10 بلند کن ک
ا رسا ٹوٹتا ہے اور بدقسمتی سے اس کا حفاظتی نظام بھی ناکارہ ہوتا ہے، جس کی بدولت
 یہ $\OT1/ppl/m/n/10 36 m$ \TU/JameelNooriNastaleeq(2)/b/n/10 بلندی سے[]
 []


Underfull \hbox (badness 10000) in paragraph at lines 569--574
[]\TU/JameelNooriNastaleeq(2)/b/n/10 گرتا ہے۔زمین پر پہنچ کر $\OT1/ppl/m/n/10 9
0 []$ \TU/JameelNooriNastaleeq(2)/b/n/10 سوار $\OT1/ppl/m/n/10 5.0 []$ \TU/Jame
elNooriNastaleeq(2)/b/n/10 کے تصادم میں رکتا ہے۔ (فرض کریں نہ بلند کن اور نہ یہ
 شخص ٹپکی کھاتے ہیں۔) تصادم کے دوران[]
 []


Underfull \hbox (badness 10000) in paragraph at lines 574--578
[] \TU/JameelNooriNastaleeq(2)/b/n/10 سوال  ۹.۴۴:  بچوں کا کھلونا جس کی کمیت $\
OT1/ppl/m/n/10 5.0 []$ \TU/JameelNooriNastaleeq(2)/b/n/10 ہے محور $\OML/zplm/m/
it/10 x$ \TU/JameelNooriNastaleeq(2)/b/n/10 پر حرکت کر سکتا ہے ۔شکل 9.50 اس قوت
 کا جزو $\OML/zplm/m/it/10 F[]$ \TU/JameelNooriNastaleeq(2)/b/n/10 دیتی ہے جو ک
ھلونے پر ، جو[]
 []

[58]
Underfull \hbox (badness 10000) in paragraph at lines 578--582
[] \TU/JameelNooriNastaleeq(2)/b/n/10 سوال  ۹.۴۵:  عین تصادم سے قبل اور عین تصا
دم کے بعد $\OT1/ppl/m/n/10 0.300 []$ \TU/JameelNooriNastaleeq(2)/b/n/10 گیند بل
ے سے ٹکراتا ہوا شکل 9.51 میں دکھایا گیا ہے۔ عین تصادم سے[]
 []


Underfull \hbox (badness 10000) in paragraph at lines 578--582
[]\TU/JameelNooriNastaleeq(2)/b/n/10 قبل گیند کی سمتی رفتار $[]$ کی قدر $\OT1/p
pl/m/n/10 12.0 m s[]$ \TU/JameelNooriNastaleeq(2)/b/n/10 اور زاویہ $\OML/zplm/m
/it/10 ^^R[] \OT1/zplm/m/n/10 = \OT1/ppl/m/n/10 35.0[]$ \TU/JameelNooriNastalee
q(2)/b/n/10 ہے۔ تصادم کے عین بعد گیند کی سمتی رفتار $[]$ کی قدر[]
 []


Underfull \hbox (badness 10000) in paragraph at lines 578--582
[]$\OT1/ppl/m/n/10 10.0 m s[]$ \TU/JameelNooriNastaleeq(2)/b/n/10 ہے اور یہ سید
ھا اوپر رخ حرکت کرتا ہے۔ تصادم کا دورانیہ $\OT1/ppl/m/n/10 2.00 []$ \TU/JameelN
ooriNastaleeq(2)/b/n/10 ہے۔ گیند پر بلے کی ضرب (ا) کی قدر اور (ب) مثبت $\OML/zp
lm/m/it/10 x$ \TU/JameelNooriNastaleeq(2)/b/n/10 محور[]
 []

LaTeX Info: Redefining \rmfamily on input line 586.
LaTeX Info: Redefining \sffamily on input line 586.
LaTeX Info: Redefining \ttfamily on input line 586.

Underfull \hbox (badness 10000) in paragraph at lines 582--587
[]\TU/JameelNooriNastaleeq(2)/b/n/10 ہوئے چھپکلی پہلے زور سے پانی کی سطح پر پاو
ں سے تھپڑ مارتی ہے، اور اس کے بعد پاوں کو پانی میں اس تیزی سے نیچے دھکیلتی ہے ک
ہ پاوں کے اوپر ہوا کا غبارہ بن جاتا[]
 []


Underfull \hbox (badness 10000) in paragraph at lines 582--587
[]\TU/JameelNooriNastaleeq(2)/b/n/10 بچنے کے لئے ضروری ہے کہ تھپڑ، نیچے دھکیل ا
ور پاوں واپس اٹھانے کے دوران اوپری اوسط ضرب، تجاذبی قوت کی نشیب وار ضرب کے براب
ر ہو۔ فرض کریں[]
 []


Underfull \hbox (badness 10000) in paragraph at lines 582--587
[]\TU/JameelNooriNastaleeq(2)/b/n/10 افعی چھپکلی کی کمیت $\OT1/ppl/m/n/10 90.0 
g$\TU/JameelNooriNastaleeq(2)/b/n/10 ، ہر پاوں کی کمیت $\OT1/ppl/m/n/10 3.00 g$
\TU/JameelNooriNastaleeq(2)/b/n/10 ، تھپڑ کے وقت پاوں کی رفتار $\OT1/ppl/m/n/10
 1.50 m s[]$\TU/JameelNooriNastaleeq(2)/b/n/10 ، اور ایک قدم کا اوسط دورانیہ $\
OT1/ppl/m/n/10 0.600 s$[]
 []


Underfull \hbox (badness 10000) in paragraph at lines 582--587
[]\TU/JameelNooriNastaleeq(2)/b/n/10 ہے۔ (ا) تھپڑ کے دوران چھپکلی پر ضرب کی قدر
 کیا ہے؟ (تصور کریں یہ ضرب سیدھی اوپر رخ ہے۔) (ب) ایک قدم کے $\OT1/ppl/m/n/10 0
.600 s$ \TU/JameelNooriNastaleeq(2)/b/n/10 دورانیہ میں تجاذبی[]
 []


Underfull \hbox (badness 10000) in paragraph at lines 588--593
[] \TU/JameelNooriNastaleeq(2)/b/n/10 سوال  ۹.۴۷:  دیوار کے ساتھ $\OT1/ppl/m/n/
10 58 g$ \TU/JameelNooriNastaleeq(2)/b/n/10 کمیت کا گیند ٹکراتا ہے۔ شکل 9.53 می
ں تصادم کی قوت کی قدر $\OML/zplm/m/it/10 F$ \TU/JameelNooriNastaleeq(2)/b/n/10 
بالمقابل وقت $\OML/zplm/m/it/10 t$ \TU/JameelNooriNastaleeq(2)/b/n/10 ترسیم کی 
گئی ہے۔ گیند کی[]
 []


Underfull \hbox (badness 10000) in paragraph at lines 588--593
[]\TU/JameelNooriNastaleeq(2)/b/n/10 ، دیوار کو عمودی ، ابتدائی رفتار $\OT1/ppl
/m/n/10 34 m s[]$ \TU/JameelNooriNastaleeq(2)/b/n/10 ہے؛ گیند ٹپکی کے بعد تقریب
اً اسی رفتار سے، دیوار کو عمودی، واپس لوٹتا ہے۔ تصادم کے دوران گیند پر دیوار کی
[]
 []


Underfull \hbox (badness 10000) in paragraph at lines 603--608
[]\TU/JameelNooriNastaleeq(2)/b/n/10 زاویہ سے ٹپکی کے بعد واپس ہوتا ہے۔ شکل 9.5
4 میں فضائی جائزہ دکھایا گیا ہے۔ گیند اور دیوار آپس میں $\OT1/ppl/m/n/10 10 []$
 \TU/JameelNooriNastaleeq(2)/b/n/10 کے لئے مس رہتے ہیں۔ اکائی سمتی ترقیم[]
 []

[59]
Underfull \hbox (badness 10000) in paragraph at lines 614--616
[]\TU/JameelNooriNastaleeq(2)/b/n/10 سوال  ۹.۵۱:  بلا رگڑ سطح پر $\OT1/ppl/m/n/
10 91 []$ \TU/JameelNooriNastaleeq(2)/b/n/10 کمیت کا لیٹا ہوا شخص $\OT1/ppl/m/n
/10 68 g$ \TU/JameelNooriNastaleeq(2)/b/n/10 پتھر کو $\OT1/ppl/m/n/10 4.0 m s[]
$ \TU/JameelNooriNastaleeq(2)/b/n/10 رفتار سے سطح پر روانا کرتا ہے۔ یہ شخص نتیج
تاً کتنی رفتار[]
 []


Underfull \hbox (badness 10000) in paragraph at lines 616--620
[] \TU/JameelNooriNastaleeq(2)/b/n/10 سوال  ۹.۵۲:  زمین کے لحاظ سے $\OT1/ppl/m/
n/10 43 000 [] h[]$ \TU/JameelNooriNastaleeq(2)/b/n/10 رفتار سے پرواز کرتا فضائ
ی طیارہ استعمال شدہ ہوائی بان موٹر (کمیت $\OT1/ppl/m/n/10 4\OML/zplm/m/it/10 m$
\TU/JameelNooriNastaleeq(2)/b/n/10 ) کو قابو کار مقیاسہ[]
 []


Underfull \hbox (badness 10000) in paragraph at lines 616--620
[]\TU/JameelNooriNastaleeq(2)/b/n/10 (کمیت $\OML/zplm/m/it/10 m$\TU/JameelNoori
Nastaleeq(2)/b/n/10 ) سے علیحدہ کر کے مقیاسہ کے لحاظ سے $\OT1/ppl/m/n/10 82 [] 
h[]$ \TU/JameelNooriNastaleeq(2)/b/n/10 رفتار سے پیچھے پھینکتا ہے۔علیحدگی کے فو
راً بعد قابو کار مقیاسہ کی رفتار زمین کے لحاظ[]
 []


Underfull \hbox (badness 5288) in paragraph at lines 620--624
[] \TU/JameelNooriNastaleeq(2)/b/n/10 سوال  ۹.۵۳:  دو طرفہ ہوائی بان شکل 9.55 م
یں دکھایا گیا ہے، جس کا وسطی حصہ $\OML/zplm/m/it/10 C$ \TU/JameelNooriNastaleeq
(2)/b/n/10 (جس کی کمیت $\OML/zplm/m/it/10 M \OT1/zplm/m/n/10 = \OT1/ppl/m/n/10 
6.00 []$ \TU/JameelNooriNastaleeq(2)/b/n/10 ہے) اور اطرافی[]
 []


Underfull \hbox (badness 10000) in paragraph at lines 624--629
[] \TU/JameelNooriNastaleeq(2)/b/n/10 سوال  ۹.۵۴:  ایک جسم جس کی کمیت $\OML/zpl
m/m/it/10 m$ \TU/JameelNooriNastaleeq(2)/b/n/10 اور مشاہدہ کار کے لحاظ سے رفتار
 $\OML/zplm/m/it/10 v$ \TU/JameelNooriNastaleeq(2)/b/n/10 ہے، دھماکے سے دو حصوں
 میں تقسیم ہوتا ہے، جہاں ایک ٹکڑے کی کمیت[]
 []


Underfull \hbox (badness 10000) in paragraph at lines 629--633
[] \TU/JameelNooriNastaleeq(2)/b/n/10 سوال  ۹.۵۵:  زیادہ بلندی تک پہنچنے کی غرض
 سے ، عین چھلانگ سے قبل ، کھلاڑی دو وزن اوپر اٹھاتا اور چھلانگ کے بعد ، پرواز ک
ے دوران ، نیچے زور سے[]
 []


Underfull \hbox (badness 10000) in paragraph at lines 629--633
[]\TU/JameelNooriNastaleeq(2)/b/n/10 پھینکتا ہے۔ فرض کریں ایک کھلاڑی کی کمیت $\
OT1/ppl/m/n/10 78 []$ \TU/JameelNooriNastaleeq(2)/b/n/10 اور ایک وزن کی کمیت $\
OT1/ppl/m/n/10 5.50 []$ \TU/JameelNooriNastaleeq(2)/b/n/10 ہے۔ یہ کھلاڑی بلند چ
ھلانگ کی بجائے لمبی چھلانگ لگانا چاہتا[]
 []


Underfull \hbox (badness 10000) in paragraph at lines 629--633
[]\TU/JameelNooriNastaleeq(2)/b/n/10 ہے۔اس غرض سے چھلانگ کے دوران بلند ترین نقط
ہ پر پہنچ کر کھلاڑی وزن افقی یوں پیچھے پھینکتا ہے کہ زمین کے لحاظ سے ان کی افقی
 سمتی رفتار صفر ہوتی[]
 []


Underfull \hbox (badness 10000) in paragraph at lines 633--637
[] \TU/JameelNooriNastaleeq(2)/b/n/10 سوال  ۹.۵۶:  ساکن جسم دھماکے سے دو ٹکڑوں 
$\OML/zplm/m/it/10 R$ \TU/JameelNooriNastaleeq(2)/b/n/10 اور $\OML/zplm/m/it/10
 L$ \TU/JameelNooriNastaleeq(2)/b/n/10 میں تقسیم ہوتا ہے، جو بلا رگڑ سطح پر گزر
نے کے بعد رگڑ کے خطوں میں داخل ہو کر آخر کار[]
 []


Underfull \hbox (badness 10000) in paragraph at lines 637--641
[] \TU/JameelNooriNastaleeq(2)/b/n/10 سوال  ۹.۵۷:  ایک جسم جس کی کمیت $\OT1/ppl
/m/n/10 20.0 []$ \TU/JameelNooriNastaleeq(2)/b/n/10 ہے فضا میں $\OML/zplm/m/it/
10 x$ \TU/JameelNooriNastaleeq(2)/b/n/10 محور کے مثبت رخ $\OT1/ppl/m/n/10 200 m
 s[]$ \TU/JameelNooriNastaleeq(2)/b/n/10 رفتار سے حرکت کے دوران اندرونی دھماکے[
]
 []


Underfull \hbox (badness 10000) in paragraph at lines 637--641
[]\TU/JameelNooriNastaleeq(2)/b/n/10 کی وجہ سے تین ٹکڑوں میں تقسیم ہوتا ہے۔ ایک
 ٹکڑا جس کی کمیت $\OT1/ppl/m/n/10 10.0 []$ \TU/JameelNooriNastaleeq(2)/b/n/10 ہ
ے ، نقطہ دھماکہ سے مثبت $\OML/zplm/m/it/10 y$ \TU/JameelNooriNastaleeq(2)/b/n/1
0 محور کے رخ $\OT1/ppl/m/n/10 100 m s[]$ \TU/JameelNooriNastaleeq(2)/b/n/10 رفت
ار سے[]
 []


Underfull \hbox (badness 10000) in paragraph at lines 637--641
[]\TU/JameelNooriNastaleeq(2)/b/n/10 روانا ہوتا ہے۔ دوسرا ٹکڑا ، جس کی کمیت $\O
T1/ppl/m/n/10 4.0 []$ \TU/JameelNooriNastaleeq(2)/b/n/10 ہے، منفی $\OML/zplm/m/
it/10 x$ \TU/JameelNooriNastaleeq(2)/b/n/10 محور پر $\OT1/ppl/m/n/10 500 m s[]$
 \TU/JameelNooriNastaleeq(2)/b/n/10 سے روانا ہوتا ہے۔ (ا) اکائی سمتی ترقیم میں 
تیسرے ٹکڑے کی[]
 []


Underfull \hbox (badness 10000) in paragraph at lines 641--645
[] \TU/JameelNooriNastaleeq(2)/b/n/10 سوال  ۹.۵۸:  ایک جسم ، جس کی کمیت $\OT1/p
pl/m/n/10 4.0 []$ \TU/JameelNooriNastaleeq(2)/b/n/10 ہے ، بلا رگڑ سطح پر حرکت ک
رتے ہوئے دھماکے سے دو $\OT1/ppl/m/n/10 2.0 []$ \TU/JameelNooriNastaleeq(2)/b/n/
10 ٹکڑوں میں تقسیم ہوتا ہے۔ ایک[]
 []

[60]
Underfull \hbox (badness 10000) in paragraph at lines 645--650
[] \TU/JameelNooriNastaleeq(2)/b/n/10 سوال  ۹.۵۹:  ایک جسم جو $\OML/zplm/m/it/1
0 xy$ \TU/JameelNooriNastaleeq(2)/b/n/10 محددی نظام کے مبدا پر ساکن پڑا ہے دھما
کے سے تین ٹکڑوں میں تقسیم ہوتا ہے۔عین دھماکے کے بعد ایک ٹکڑا، جس[]
 []


Underfull \hbox (badness 10000) in paragraph at lines 645--650
[]\TU/JameelNooriNastaleeq(2)/b/n/10 کی کمیت $\OML/zplm/m/it/10 m$ \TU/JameelNo
oriNastaleeq(2)/b/n/10 ہے، $\OT1/zplm/m/n/10 (\OMS/zplm/m/n/10 ^^@\OT1/ppl/m/n/
10 30 m s[]\OT1/zplm/m/n/10 )[]$ \TU/JameelNooriNastaleeq(2)/b/n/10 سمتی رفتار 
سے اور دوسرا ٹکڑا، جس کی کمیت بھی $\OML/zplm/m/it/10 m$ \TU/JameelNooriNastalee
q(2)/b/n/10 ہے، $\OT1/zplm/m/n/10 (\OMS/zplm/m/n/10 ^^@\OT1/ppl/m/n/10 30 m s[]
\OT1/zplm/m/n/10 )[]$ \TU/JameelNooriNastaleeq(2)/b/n/10 سمتی رفتار سے حرکت[]
 []


Underfull \hbox (badness 1515) in paragraph at lines 650--654
[] \TU/JameelNooriNastaleeq(2)/b/n/10 سوال  ۹.۶۰:  ذرہ $\OML/zplm/m/it/10 A$ \T
U/JameelNooriNastaleeq(2)/b/n/10 اور ذرہ $\OML/zplm/m/it/10 B$ \TU/JameelNooriN
astaleeq(2)/b/n/10 جن کے بیچ دبا ہوا اسپرنگ ہے کو زبردستی اکٹھے پکڑ کر رکھا گیا
 ہے۔رہا کرنے پر اسپرنگ انہیں مخالف رخوں دھکیل کر ان[]
 []


Underfull \hbox (badness 10000) in paragraph at lines 650--654
[]\TU/JameelNooriNastaleeq(2)/b/n/10 سے علیحدہ ہوتا ہے۔ ذرہ $\OML/zplm/m/it/10 
A$ \TU/JameelNooriNastaleeq(2)/b/n/10 کی کمیت ذرہ $\OML/zplm/m/it/10 B$ \TU/Jam
eelNooriNastaleeq(2)/b/n/10 کی کمیت کی $\OT1/ppl/m/n/10 2.00$ \TU/JameelNooriNa
staleeq(2)/b/n/10 گنّا ہے، اور دبے اسپرنگ میں ذخیرہ مخفی توانائی $\OT1/ppl/m/n/
10 60 J$ \TU/JameelNooriNastaleeq(2)/b/n/10 ہے۔ فرض کریں اسپرنگ کی کمیت[]
 []


Underfull \hbox (badness 10000) in paragraph at lines 659--661
[]\TU/JameelNooriNastaleeq(2)/b/n/10 سوال  ۹.۶۱:  منجنیقی رقاص جس کی کمیت $\OT1
/ppl/m/n/10 2.0 []$ \TU/JameelNooriNastaleeq(2)/b/n/10 ہے، پر $\OT1/ppl/m/n/10 
10 g$ \TU/JameelNooriNastaleeq(2)/b/n/10 گولی چلائی جاتی ہے۔ رقاص کا مرکز کمیت 
$\OT1/ppl/m/n/10 12 []$ \TU/JameelNooriNastaleeq(2)/b/n/10 بلندی تک پہنچتا ہے۔ 
فرض[]
 []


Underfull \hbox (badness 10000) in paragraph at lines 661--665
[] \TU/JameelNooriNastaleeq(2)/b/n/10 سوال  ۹.۶۲:  بلا رگڑ فرش پر لکڑی کا تختہ 
جس کی کمیت $\OT1/ppl/m/n/10 700 g$ \TU/JameelNooriNastaleeq(2)/b/n/10 ہے ساکن پ
ڑا ہے۔اس پر $\OT1/ppl/m/n/10 5.20 g$ \TU/JameelNooriNastaleeq(2)/b/n/10 گولی چل
ائی جاتی ہے جو $\OT1/ppl/m/n/10 672 m s[]$ \TU/JameelNooriNastaleeq(2)/b/n/10 س
ے[]
 []


Underfull \hbox (badness 10000) in paragraph at lines 661--665
[]\TU/JameelNooriNastaleeq(2)/b/n/10 حرکت کرتے ہوئے تختہ کو مار کر اس سے پار $\
OT1/ppl/m/n/10 428 m s[]$ \TU/JameelNooriNastaleeq(2)/b/n/10 رفتار سے خارج ہوتی
 ہے۔ (ا) تختے کی رفتار کیا ہو گی؟ (ب) تختہ و گولی نظام کے مرکز کمیت کی[]
 []


Underfull \hbox (badness 10000) in paragraph at lines 665--669
[] \TU/JameelNooriNastaleeq(2)/b/n/10 سوال  ۹.۶۳:  بلا رگڑ فرش پر پڑے دو ساکن ج
سم پر $\OT1/ppl/m/n/10 3.50 g$ \TU/JameelNooriNastaleeq(2)/b/n/10 گولی افقی مار
ی جاتی ہے (شکل 9.58-الف)۔ گولی جسم $\OT1/ppl/m/n/10 1$\TU/JameelNooriNastaleeq(
2)/b/n/10 ، جس کی کمیت $\OT1/ppl/m/n/10 1.20 []$[]
 []


Underfull \hbox (badness 10000) in paragraph at lines 669--674
[] \TU/JameelNooriNastaleeq(2)/b/n/10 سوال  ۹.۶۴:  ایک گولی جس کی کمیت $\OT1/pp
l/m/n/10 10 g$ \TU/JameelNooriNastaleeq(2)/b/n/10 ہے سیدھا اوپر $\OT1/ppl/m/n/1
0 1000 m s[]$ \TU/JameelNooriNastaleeq(2)/b/n/10 رفتار سے حرکت کرتے ہوئے ابتدائ
ی طور ساکن $\OT1/ppl/m/n/10 5.0 []$ \TU/JameelNooriNastaleeq(2)/b/n/10 سل[]
 []


Underfull \hbox (badness 10000) in paragraph at lines 669--674
[]\TU/JameelNooriNastaleeq(2)/b/n/10 کے مرکز کمیت سے گزرتی ہے۔گولی سل سے گزر کر
 $\OT1/ppl/m/n/10 400 m s[]$ \TU/JameelNooriNastaleeq(2)/b/n/10 رفتار سے خارج ہ
و کر اوپر وار حرکت کرتی ہے۔سل ابتدائی مقام سے کتنی بلندی تک[]
 []


Underfull \hbox (badness 10000) in paragraph at lines 674--678
[] \TU/JameelNooriNastaleeq(2)/b/n/10 سوال  ۹.۶۵:  ایلاسکا میں گاڑی اور بارہ سن
گا کے تصادم عام بات ہے۔ فرض کریں $\OT1/ppl/m/n/10 1000 []$ \TU/JameelNooriNasta
leeq(2)/b/n/10 گاڑی $\OT1/ppl/m/n/10 500 []$ \TU/JameelNooriNastaleeq(2)/b/n/10
 ساکن بارہ سنگا سے ٹکراتی ہے۔ (ا)[]
 []


Underfull \hbox (badness 10000) in paragraph at lines 674--678
[]\TU/JameelNooriNastaleeq(2)/b/n/10 حرکی توانائی کا کتنا فی صد حصہ توانائی کے 
دیگر صورتوں میں تبدیل ہو گا؟ اس قسم کا مسئلہ عرب ممالک میں پایا جاتا ہے جہاں گا
ڑی اور اونٹ کا ٹکر عام ہے۔ (ب)[]
 []


Underfull \hbox (badness 10000) in paragraph at lines 674--678
[]\TU/JameelNooriNastaleeq(2)/b/n/10 اگر یہی گاڑی ساکن اونٹ سے ٹکرائے جس کی کمی
ت $\OT1/ppl/m/n/10 300 []$ \TU/JameelNooriNastaleeq(2)/b/n/10 ہے تب کتنی فی صد 
حرکی توانائی ضائع ہو گی؟ (ج) کیا جانور کی کمیت بڑھنے سے فی صد توانائی[]
 []


Underfull \hbox (badness 10000) in paragraph at lines 678--682
[] \TU/JameelNooriNastaleeq(2)/b/n/10 سوال  ۹.۶۶:  انتصابی محور پر مخالف رخ حرک
ت کرتے لبدی کے دو گولوں کے بیچ مکمل غیر لچکی تصادم ہوتا ہے۔عین تصادم سے قبل ایک
 گولا ، جس کی کمیت[]
 []


Underfull \hbox (badness 10000) in paragraph at lines 678--682
[]$\OT1/ppl/m/n/10 3.0 []$ \TU/JameelNooriNastaleeq(2)/b/n/10 ہے، $\OT1/ppl/m/n
/10 20 m s[]$ \TU/JameelNooriNastaleeq(2)/b/n/10 اوپر وار اور دوسرا گولا، جس کی
 کمیت $\OT1/ppl/m/n/10 2.0 []$ \TU/JameelNooriNastaleeq(2)/b/n/10 ہے، $\OT1/ppl
/m/n/10 12 m s[]$ \TU/JameelNooriNastaleeq(2)/b/n/10 سے نشیب وار حرکت کرتا ہے۔ 
نقطہ تصادم سے[]
 []


Underfull \hbox (badness 10000) in paragraph at lines 682--686
[] \TU/JameelNooriNastaleeq(2)/b/n/10 سوال  ۹.۶۷:  ایک سل جس کی کمیت $\OT1/ppl/
m/n/10 5.0 []$ \TU/JameelNooriNastaleeq(2)/b/n/10 اور رفتار $\OT1/ppl/m/n/10 3.
0 m s[]$ \TU/JameelNooriNastaleeq(2)/b/n/10 دوسری سل جس کی کمیت $\OT1/ppl/m/n/1
0 10 []$ \TU/JameelNooriNastaleeq(2)/b/n/10 اور اسی رخ رفتار $\OT1/ppl/m/n/10 2
.0 m s[]$[]
 []


Underfull \hbox (badness 1137) in paragraph at lines 682--686
[]\TU/JameelNooriNastaleeq(2)/b/n/10 ہے سے ٹکراتا ہے۔تصادم کے بعد $\OT1/ppl/m/n
/10 10 []$ \TU/JameelNooriNastaleeq(2)/b/n/10 سل اسی رخ $\OT1/ppl/m/n/10 2.5 m 
s[]$ \TU/JameelNooriNastaleeq(2)/b/n/10 سے حرکت کرتی ہے۔ (ا) تصادم کے بعد دوسری
 سل کی رفتار کیا ہو گی؟ (ب)[]
 []


Underfull \hbox (badness 10000) in paragraph at lines 682--686
[]\TU/JameelNooriNastaleeq(2)/b/n/10 تصادم کی وجہ سے دو سل نظام کی کل حرکی توان
ائی میں کتنی تبدیلی رونما ہوتی ہے؟ (ج) اس کے برعکس، اگر $\OT1/ppl/m/n/10 10 []$
 \TU/JameelNooriNastaleeq(2)/b/n/10 سل کی اسی رخ رفتار $\OT1/ppl/m/n/10 4.0 m s
[]$[]
 []

[61]
Underfull \hbox (badness 10000) in paragraph at lines 686--694
[] \TU/JameelNooriNastaleeq(2)/b/n/10 سوال  ۹.۶۸:  سرخ اشارے پر کھڑی گاڑی $\OML
/zplm/m/it/10 A$ \TU/JameelNooriNastaleeq(2)/b/n/10 (کمیت $\OT1/ppl/m/n/10 1100
 []$\TU/JameelNooriNastaleeq(2)/b/n/10 ) کو پیچھے سے گاڑی $\OML/zplm/m/it/10 B$
 \TU/JameelNooriNastaleeq(2)/b/n/10 (کمیت $\OT1/ppl/m/n/10 1400 []$\TU/JameelNo
oriNastaleeq(2)/b/n/10 ) ٹکر مارتی ہے (شکل 9.60)۔[]
 []


Underfull \hbox (badness 10000) in paragraph at lines 686--694
[]\TU/JameelNooriNastaleeq(2)/b/n/10 رکتی ہیں۔ عین تصادم کے بعد (ا) گاڑی $\OML/
zplm/m/it/10 A$ \TU/JameelNooriNastaleeq(2)/b/n/10 اور (ب) گاڑی $\OML/zplm/m/it
/10 B$ \TU/JameelNooriNastaleeq(2)/b/n/10 کی رفتار کیا ہے؟ (ج) فرض کریں تصادم ک
ے دوران خطی معیار حرکت کی بقا ہوتی ہے۔ عین[]
 []


Underfull \hbox (badness 10000) in paragraph at lines 694--699
[] \TU/JameelNooriNastaleeq(2)/b/n/10 سوال  ۹.۶۹:  بلا رگڑ فرش پر ساکن اسپرنگ ب
ندوق، جس کی کمیت $\OML/zplm/m/it/10 M \OT1/zplm/m/n/10 = \OT1/ppl/m/n/10 240 g$
 \TU/JameelNooriNastaleeq(2)/b/n/10 ہے، کی نالی میں $\OML/zplm/m/it/10 m \OT1/z
plm/m/n/10 = \OT1/ppl/m/n/10 60 g$ \TU/JameelNooriNastaleeq(2)/b/n/10 گیند[]
 []


Underfull \hbox (badness 5119) in paragraph at lines 694--699
[]$\OML/zplm/m/it/10 v[] \OT1/zplm/m/n/10 = \OT1/ppl/m/n/10 22 m s[]$ \TU/Jamee
lNooriNastaleeq(2)/b/n/10 رفتار سے پھینکی جاتی ہے (شکل 9.61)۔ گیند نالی میں اس 
مقام پر اڑ جاتا ہے جہاں اسپرنگ زیادہ سے زیادہ دبا ہے۔ گیند اور[]
 []


Underfull \hbox (badness 10000) in paragraph at lines 694--699
[]\TU/JameelNooriNastaleeq(2)/b/n/10 نالی کے بیچ رگڑ کی بنا حر توانائی میں اضاف
ہ قابل نظرانداز ہے۔ (ا) اس لمحے بندوق کی رفتار کیا ہو گی جب گیند نالی میں رکتا 
ہے؟ (ب) گیند کی ابتدائی حرکی توانائی کا[]
 []


Underfull \hbox (badness 7540) in paragraph at lines 699--703
[] \TU/JameelNooriNastaleeq(2)/b/n/10 سوال  ۹.۷۰:  سل $\OT1/ppl/m/n/10 2$ \TU/J
ameelNooriNastaleeq(2)/b/n/10 جس کی کمیت $\OT1/ppl/m/n/10 1.0 []$ \TU/JameelNoo
riNastaleeq(2)/b/n/10 ہے بلا رگڑ فرش پر ساکن ڈھیلے اسپرنگ (جس کا مقیاس لچک $\OT
1/ppl/m/n/10 200 N m[]$ \TU/JameelNooriNastaleeq(2)/b/n/10 ہے) کے ایک سر کے[]
 []


Underfull \hbox (badness 10000) in paragraph at lines 703--708
[] \TU/JameelNooriNastaleeq(2)/b/n/10 سوال  ۹.۷۱:  سل $\OT1/ppl/m/n/10 1$\TU/Ja
meelNooriNastaleeq(2)/b/n/10 (کمیت $\OT1/ppl/m/n/10 2.0 []$\TU/JameelNooriNasta
leeq(2)/b/n/10 ) دائیں رخ $\OT1/ppl/m/n/10 10 m s[]$ \TU/JameelNooriNastaleeq(2
)/b/n/10 اور سل $\OT1/ppl/m/n/10 2$\TU/JameelNooriNastaleeq(2)/b/n/10 (کمیت $\O
T1/ppl/m/n/10 5.0 []$\TU/JameelNooriNastaleeq(2)/b/n/10 ) دائیں رخ $\OT1/ppl/m/
n/10 3 m s[]$ \TU/JameelNooriNastaleeq(2)/b/n/10 حرکت میں ہیں[]
 []


Underfull \hbox (badness 10000) in paragraph at lines 713--715
[]\TU/JameelNooriNastaleeq(2)/b/n/10 سوال  ۹.۷۲:  بلا رگڑ فرش پر سل $\OML/zplm/
m/it/10 A$ \TU/JameelNooriNastaleeq(2)/b/n/10 (کمیت $\OT1/ppl/m/n/10 1.6 []$\TU
/JameelNooriNastaleeq(2)/b/n/10 ) حرکت کرتا ہوا سل $\OML/zplm/m/it/10 B$ \TU/Ja
meelNooriNastaleeq(2)/b/n/10 (کمیت $\OT1/ppl/m/n/10 2.4 []$\TU/JameelNooriNasta
leeq(2)/b/n/10 ) سے ٹکراتا ہے (شکل 9.64)۔[]
 []


Underfull \hbox (badness 10000) in paragraph at lines 713--715
[]\TU/JameelNooriNastaleeq(2)/b/n/10 تصادم سے قبل تین سمتی رفتار $\OT1/zplm/m/n
/10 (\OML/zplm/m/it/10 i\OT1/zplm/m/n/10 )$ \TU/JameelNooriNastaleeq(2)/b/n/10 
اور تصادم کے بعد تین سمتی رفتار $\OT1/zplm/m/n/10 (\OML/zplm/m/it/10 f\OT1/zplm
/m/n/10 )$ \TU/JameelNooriNastaleeq(2)/b/n/10 بھی پیش ہیں؛ مطابقتی رفتار $\OML/
zplm/m/it/10 v[] \OT1/zplm/m/n/10 = \OT1/ppl/m/n/10 5.5 m s[]$\TU/JameelNooriNa
staleeq(2)/b/n/10 ،[]
 []


Underfull \hbox (badness 10000) in paragraph at lines 715--719
[] \TU/JameelNooriNastaleeq(2)/b/n/10 سوال  ۹.۷۳:  بلا رگڑ خطی ہوائی ڈگر پر $\O
T1/ppl/m/n/10 340 g$ \TU/JameelNooriNastaleeq(2)/b/n/10 ریڑھی $\OT1/ppl/m/n/10 
1.2 m s[]$ \TU/JameelNooriNastaleeq(2)/b/n/10 ابتدائی رفتار سے چل کر نامعلوم کم
یت کی ساکن ریڑھی سے ٹکراتی ہے۔[]
 []


Underfull \hbox (badness 10000) in paragraph at lines 715--719
[]\TU/JameelNooriNastaleeq(2)/b/n/10 تصادم کے بعد پہلی ریڑھی رخ برقرار رکھ کر $
\OT1/ppl/m/n/10 0.66 m s[]$ \TU/JameelNooriNastaleeq(2)/b/n/10 سے حرکت کرتی ہے۔
 (ا) دوسری ریڑھی کی کمیت کیا ہے؟ (ب) تصادم کے بعد اس کی[]
 []

LaTeX Info: Redefining \rmfamily on input line 722.
LaTeX Info: Redefining \sffamily on input line 722.
LaTeX Info: Redefining \ttfamily on input line 722.

Underfull \hbox (badness 10000) in paragraph at lines 719--723
[]\TU/JameelNooriNastaleeq(2)/b/n/10 ہے، رک جاتا ہے۔ (ا) دوسرے کرہ کی کمیت کیا 
ہے؟ (ب) اگر دونوں کرہ کی ابتدائی رفتار $\OT1/ppl/m/n/10 2.00 m s[]$ \TU/JameelN
ooriNastaleeq(2)/b/n/10 ہو، دو کرہ نظام کے مرکز کمیت کی رفتار کیا ہو[]
 []


Underfull \vbox (badness 3260) has occurred while \output is active []

 [62]
Underfull \hbox (badness 10000) in paragraph at lines 729--733
[] \TU/JameelNooriNastaleeq(2)/b/n/10 سوال  ۹.۷۶:  کمیت $\OT1/ppl/m/n/10 0.500 
[]$ \TU/JameelNooriNastaleeq(2)/b/n/10 کا فولادی گیند $\OT1/ppl/m/n/10 70.0 []$
 \TU/JameelNooriNastaleeq(2)/b/n/10 ڈور سے لٹک رہا ہے (شکل 9.65)۔گیند کو ایک جا
نب اٹھایا جاتا ہے اور جب ڈور افقی[]
 []


Underfull \hbox (badness 10000) in paragraph at lines 733--737
[] \TU/JameelNooriNastaleeq(2)/b/n/10 سوال  ۹.۷۷:  ایک جسم، جس کی کمیت $\OT1/pp
l/m/n/10 2.0 []$ \TU/JameelNooriNastaleeq(2)/b/n/10 ہے، دوسرے ساکن جسم سے لچکی 
ٹکر کے بعد ، رخ برقرار رکھ کر ، ایک چوتھائی رفتار سے حرکت کرتا[]
 []


Underfull \hbox (badness 10000) in paragraph at lines 737--742
[] \TU/JameelNooriNastaleeq(2)/b/n/10 سوال  ۹.۷۸:  بلا رگڑ فرش پر $\OML/zplm/m/
it/10 m[]$ \TU/JameelNooriNastaleeq(2)/b/n/10 کمیت کا سل $\OT1/ppl/m/n/10 1$ \T
U/JameelNooriNastaleeq(2)/b/n/10 محور $\OML/zplm/m/it/10 x$ \TU/JameelNooriNast
aleeq(2)/b/n/10 پر $\OT1/ppl/m/n/10 4.0 m s[]$ \TU/JameelNooriNastaleeq(2)/b/n/
10 سے حرکت کرتے ہوئے سل $\OT1/ppl/m/n/10 2$ \TU/JameelNooriNastaleeq(2)/b/n/10 
، جو ساکن ہے اور جس کی کمیت[]
 []


Underfull \hbox (badness 5050) in paragraph at lines 750--755
[]\TU/JameelNooriNastaleeq(2)/b/n/10 کے رداس $\OML/zplm/m/it/10 h$ \TU/JameelNo
oriNastaleeq(2)/b/n/10 کے لحاظ سے قابل نظرانداز ہیں)۔ ان کی کمیت بالترتیب $\OML
/zplm/m/it/10 m$ \TU/JameelNooriNastaleeq(2)/b/n/10 اور $\OML/zplm/m/it/10 M \O
T1/zplm/m/n/10 = \OT1/ppl/m/n/10 0.63 []$ \TU/JameelNooriNastaleeq(2)/b/n/10 ہے
 (شکل 9.68-الف)۔ (ا) اگر بڑا گیند[]
 []


Underfull \hbox (badness 10000) in paragraph at lines 755--759
[]\TU/JameelNooriNastaleeq(2)/b/n/10 (شکل 9.69)۔ قرص $\OT1/ppl/m/n/10 2$ \TU/Ja
meelNooriNastaleeq(2)/b/n/10 میز سے زمین پر کنارہ سے $\OML/zplm/m/it/10 d$ \TU/
JameelNooriNastaleeq(2)/b/n/10 فاصلہ دور گرتا ہے۔ قرص $\OT1/ppl/m/n/10 1$ \TU/J
ameelNooriNastaleeq(2)/b/n/10 تصادم کے بعد واپس ہو کر میز کے مخالف کنارے سے $\O
T1/ppl/m/n/10 2\OML/zplm/m/it/10 d$ \TU/JameelNooriNastaleeq(2)/b/n/10 فاصلہ[]
 []

LaTeX Info: Redefining \rmfamily on input line 765.
LaTeX Info: Redefining \sffamily on input line 765.
LaTeX Info: Redefining \ttfamily on input line 765.
LaTeX Info: Redefining \rmfamily on input line 765.
LaTeX Info: Redefining \sffamily on input line 765.
LaTeX Info: Redefining \ttfamily on input line 765.
[63]
Underfull \hbox (badness 10000) in paragraph at lines 767--771
[] \TU/JameelNooriNastaleeq(2)/b/n/10 سوال  ۹.۸۴:  محور $\OML/zplm/m/it/10 x$ \
TU/JameelNooriNastaleeq(2)/b/n/10 پر مثبت رخ $\OML/zplm/m/it/10 v$ \TU/JameelNo
oriNastaleeq(2)/b/n/10 رفتار سے گیند $\OML/zplm/m/it/10 B$ \TU/JameelNooriNasta
leeq(2)/b/n/10 چل کر مبدا پر ساکن گیند $\OML/zplm/m/it/10 A$ \TU/JameelNooriNas
taleeq(2)/b/n/10 سے ٹکراتا ہے۔$\OML/zplm/m/it/10 A$ \TU/JameelNooriNastaleeq(2)
/b/n/10 اور $\OML/zplm/m/it/10 B$ \TU/JameelNooriNastaleeq(2)/b/n/10 کی کمیتیں 
مختلف ہیں۔ تصادم کے[]
 []


Underfull \hbox (badness 10000) in paragraph at lines 767--771
[]\TU/JameelNooriNastaleeq(2)/b/n/10 بعد $\OML/zplm/m/it/10 B$ \TU/JameelNooriN
astaleeq(2)/b/n/10 منفی $\OML/zplm/m/it/10 y$ \TU/JameelNooriNastaleeq(2)/b/n/1
0 محور کے رخ $[]$ رفتار سے روانا ہوتا ہے۔ (ا) $\OML/zplm/m/it/10 A$ \TU/JameelN
ooriNastaleeq(2)/b/n/10 کس رخ حرکت کرے گا؟ (ب) دکھائیں کہ دی گئی معلومات سے $\O
ML/zplm/m/it/10 A$ \TU/JameelNooriNastaleeq(2)/b/n/10 کی رفتار معلوم[]
 []


Underfull \hbox (badness 10000) in paragraph at lines 771--775
[] \TU/JameelNooriNastaleeq(2)/b/n/10 سوال  ۹.۸۵:  برابر کمیت کے دو جسم جو ایک 
ابتدائی رفتار سے حرکت کرتے ہیں غیر لچکی تصادم کے بعد ایک ساتھ نصف ابتدائی رفتار
 سے حرکت کرتے[]
 []


Underfull \hbox (badness 10000) in paragraph at lines 780--784
[] \TU/JameelNooriNastaleeq(2)/b/n/10 سوال  ۹.۸۷:  پروٹان $\OML/zplm/m/it/10 A$
 \TU/JameelNooriNastaleeq(2)/b/n/10 جس کی رفتار $\OT1/ppl/m/n/10 500 m s[]$ \TU
/JameelNooriNastaleeq(2)/b/n/10 ہے ساکن پروٹان $\OML/zplm/m/it/10 B$ \TU/Jameel
NooriNastaleeq(2)/b/n/10 سے لچکی ٹکراتا ہے۔ تصادم کے بعد ان کی سمتی رفتار آپس م
یں عمودی[]
 []


Underfull \hbox (badness 10000) in paragraph at lines 789--791
[]\TU/JameelNooriNastaleeq(2)/b/n/10 سوال  ۹.۸۸:  مشتری کی طرف منہ کیے تحقیقی خ
لائی طیارہ ، جس کی کمیت $\OT1/ppl/m/n/10 6090 []$ \TU/JameelNooriNastaleeq(2)/b
/n/10 ہے، سورج کے لحاظ سے $\OT1/ppl/m/n/10 105 m s[]$ \TU/JameelNooriNastaleeq(
2)/b/n/10 رفتار پر چلتے ہوئے[]
 []


Underfull \hbox (badness 10000) in paragraph at lines 791--795
[] \TU/JameelNooriNastaleeq(2)/b/n/10 سوال  ۹.۸۹:  دو لمبے بجرے ساکن پانی میں ا
یک رخ رواں ہیں۔ ایک کی رفتار $\OT1/ppl/m/n/10 10 [] h[]$ \TU/JameelNooriNastale
eq(2)/b/n/10 اور دوسرے کی $\OT1/ppl/m/n/10 20 [] h[]$ \TU/JameelNooriNastaleeq(
2)/b/n/10 ہے (شکل[]
 []


Underfull \hbox (badness 10000) in paragraph at lines 791--795
[]\TU/JameelNooriNastaleeq(2)/b/n/10 9.70)۔ جتنی دیر تیز بجرا آہستہ بجرے سے آگے
 نکلتا ہے، اتنی دیر آہستہ بجرے سے کوئلہ $\OT1/ppl/m/n/10 1000 [] [][]$ \TU/Jame
elNooriNastaleeq(2)/b/n/10 شرح سے دوسرے بجرا میں پھینکا جاتا[]
 []


Underfull \hbox (badness 10000) in paragraph at lines 791--795
[]\TU/JameelNooriNastaleeq(2)/b/n/10 ہے۔فرض کریں بجرا اور پانی کے بیچ رگڑی قوت 
بجرا کی کمیت پر منحصر نہیں اور کوئلہ سمتی رفتار کو عمودی پھینکا جاتا ہے۔ رفتار 
برقرار رکھنے کے لئے (ا) تیز بجرا اور[]
 []


Underfull \hbox (badness 10000) in paragraph at lines 795--799
[] \TU/JameelNooriNastaleeq(2)/b/n/10 سوال  ۹.۹۰:  فضائے ماورا میں جمودی حوالہ 
چوکھٹ کے لحاظ سے ساکن ہوائی بان پر غور کریں۔ ہوائی بان کا انجن کسی مخصوص دورانی
ہ کے لئے چلایا جانا ہے۔[]
 []


Underfull \hbox (badness 10000) in paragraph at lines 795--799
[]\TU/JameelNooriNastaleeq(2)/b/n/10 جمودی حوالہ چوکھٹ کے لحاظ سے ہوائی بان کی 
رفتار (ا) خرج رفتار (ہوائی بان کے لحاظ سے خرج مواد کی رفتار) کے برابر اور (ب) خ
رج رفتار کی دگنی ہونے کے[]
 []


Underfull \hbox (badness 10000) in paragraph at lines 799--803
[] \TU/JameelNooriNastaleeq(2)/b/n/10 سوال  ۹.۹۱:  جمودی حوالہ چوکھٹ کے لحاظ سے
 فضائے ماورا میں موجود ساکن ہوائی بان کی کمیت $\OT1/ppl/m/n/10 2.55 \OMS/zplm/m
/n/10 ^^B \OT1/ppl/m/n/10 10[] []$ \TU/JameelNooriNastaleeq(2)/b/n/10 ہے جس میں
 سے[]
 []


Underfull \hbox (badness 10000) in paragraph at lines 799--803
[]$\OT1/ppl/m/n/10 1.81 \OMS/zplm/m/n/10 ^^B \OT1/ppl/m/n/10 10[] []$ \TU/Jamee
lNooriNastaleeq(2)/b/n/10 ایندھن ہے۔ہوائی بان کا انجن $\OT1/ppl/m/n/10 250 s$ \
TU/JameelNooriNastaleeq(2)/b/n/10 دورانیے کے لئے چالو کیا جاتا ہے؛اس دوران ایند
ھن $\OT1/ppl/m/n/10 480 [] s[]$ \TU/JameelNooriNastaleeq(2)/b/n/10 شرح[]
 []

[64]
Underfull \hbox (badness 10000) in paragraph at lines 808--810
[]$\OML/zplm/m/it/10 r$ \TU/JameelNooriNastaleeq(2)/b/n/10 کی پیمائش میٹر میں ا
ور $\OML/zplm/m/it/10 t$ \TU/JameelNooriNastaleeq(2)/b/n/10 کی سیکنڈ میں ہے۔ ری
ڈار کا $\OML/zplm/m/it/10 x$ \TU/JameelNooriNastaleeq(2)/b/n/10 محور مشرق کے رخ
 اور $\OML/zplm/m/it/10 y$ \TU/JameelNooriNastaleeq(2)/b/n/10 محور شمال کے رخ ہ
ے۔ اگر جسم $\OT1/ppl/m/n/10 250 []$ \TU/JameelNooriNastaleeq(2)/b/n/10 کمیت کا 
موسمیاتی مزائل[]
 []


Underfull \hbox (badness 10000) in paragraph at lines 810--814
[] \TU/JameelNooriNastaleeq(2)/b/n/10 سوال  ۹.۹۳:  ہوائی بان کا آخری حصہ ، جو $
\OT1/ppl/m/n/10 7600 m s[]$ \TU/JameelNooriNastaleeq(2)/b/n/10 کی رفتار سے حرکت
 میں ہے ، دو حصوں پر مشتمل ہے ، جنہیں آپس میں جکڑا گیا ہے۔ایک[]
 []


Underfull \hbox (badness 10000) in paragraph at lines 810--814
[]\TU/JameelNooriNastaleeq(2)/b/n/10 حصہ ہوائی بان کا خول ہے جس کی کمیت $\OT1/p
pl/m/n/10 290.0 []$ \TU/JameelNooriNastaleeq(2)/b/n/10 ہے، اور دوسرا وہ ساز و س
امان کی ڈبی جس کی کمیت $\OT1/ppl/m/n/10 150.0 []$ \TU/JameelNooriNastaleeq(2)/b
/n/10 ہے۔انہیں علیحدہ کرنے پر، ان[]
 []


Underfull \hbox (badness 1331) in paragraph at lines 810--814
[]\TU/JameelNooriNastaleeq(2)/b/n/10 کے بیچ دبا اسپرنگ ، انہیں ایک دوسرے کے لحا
ظ سے $\OT1/ppl/m/n/10 910.0 m s[]$\TU/JameelNooriNastaleeq(2)/b/n/10 اضافی رفتا
ر سے علیحدہ کرتا ہے۔ علیحدگی کے بعد (ا) ہوائی بان خول اور (ب) ساز و[]
 []


Underfull \hbox (badness 10000) in paragraph at lines 810--814
[]\TU/JameelNooriNastaleeq(2)/b/n/10 سامان ڈبی کی رفتار کیا ہوں گی؟ تمام سمتی ر
فتار ایک محور پر فرض کریں۔ (ج) علیحدگی سے قبل اور (د) علیحدگی کے بعد کل حرکی تو
انائی تلاش کریں۔ (ہ)ان میں[]
 []

LaTeX Font Info:    Font shape `TU/AASameerSagarNastaleeqBold(0)/m/n' will be
(Font)              scaled to size 9.0pt on input line 816.
LaTeX Font Info:    Font shape `TU/JameelNooriNastaleeq(2)/m/n' will be
(Font)              scaled to size 7.0pt on input line 816.
LaTeX Font Info:    Font shape `TU/JameelNooriNastaleeq(0)/m/n' will be
(Font)              scaled to size 9.0pt on input line 816.
LaTeX Info: Redefining \rmfamily on input line 816.
LaTeX Info: Redefining \sffamily on input line 816.
LaTeX Info: Redefining \ttfamily on input line 816.
LaTeX Info: Redefining \rmfamily on input line 817.
LaTeX Info: Redefining \sffamily on input line 817.
LaTeX Info: Redefining \ttfamily on input line 817.

Underfull \hbox (badness 3312) in paragraph at lines 814--818
[]\TU/JameelNooriNastaleeq(2)/b/n/10 بلند عمارت کا تراش شکل 9.71a میں پیش ہے۔ہر
 منزل، مثلاً $\OML/zplm/m/it/10 K$\TU/JameelNooriNastaleeq(2)/b/n/10 ،اس سے اوپ
ر تمام منازل کا وزن $\OML/zplm/m/it/10 W$ \TU/JameelNooriNastaleeq(2)/b/n/10 اٹ
ھاتی ہے۔عام طور عمارت کی تعمیر \TU/AASameerSagarNastaleeqBold(0)/m/n/10 حفاظتی 
ضربیہ[]
 []


Underfull \hbox (badness 10000) in paragraph at lines 814--818
[]\TU/JameelNooriNastaleeq(2)/b/n/10 اچانک منہدم ہو کر بالائی منازل کو$\OML/zpl
m/m/it/10 K$ \TU/JameelNooriNastaleeq(2)/b/n/10 پر آزادانہ گرنے دے (شکل 9.71b)،
 تصادم کے دوران قوت $\OML/zplm/m/it/10 sW$ \TU/JameelNooriNastaleeq(2)/b/n/10 س
ے تجاوز کر سکتی ہے۔یوں مختصر توقف کے[]
 []


Underfull \hbox (badness 10000) in paragraph at lines 814--818
[]\TU/JameelNooriNastaleeq(2)/b/n/10 بعد $\OML/zplm/m/it/10 K$\TU/JameelNooriNa
staleeq(2)/b/n/10 منزل $\OML/zplm/m/it/10 J$ \TU/JameelNooriNastaleeq(2)/b/n/10
 پر گرے گا، جو $\OML/zplm/m/it/10 I$ \TU/JameelNooriNastaleeq(2)/b/n/10 پر گرے،
 حتٰی کہ تمام منازل زمین بوس ہوں۔ دو منزل کے بیچ فاصلہ $\OT1/ppl/m/n/10 4.0 m$ 
\TU/JameelNooriNastaleeq(2)/b/n/10 اور تمام منازل کی کمیت ایک برابر[]
 []


Underfull \hbox (badness 10000) in paragraph at lines 814--818
[]\TU/JameelNooriNastaleeq(2)/b/n/10 فرض کریں۔ مزید فرض کریں کہ $\OML/zplm/m/it
/10 K$ \TU/JameelNooriNastaleeq(2)/b/n/10 سے اوپر منازل کا $\OML/zplm/m/it/10 K
$ \TU/JameelNooriNastaleeq(2)/b/n/10 کے ساتھ تصادم $\OT1/ppl/m/n/10 1.5 []$ \TU
/JameelNooriNastaleeq(2)/b/n/10 دورانیے کا ہے۔ان سہل گیر صورت میں پرت دار انہدا
م سے[]
 []


Underfull \hbox (badness 10000) in paragraph at lines 818--823
[] \TU/JameelNooriNastaleeq(2)/b/n/10 سوال  ۹.۹۵:  \TU/JameelNooriNastaleeq(0)/
m/n/9 ”اضافی“ ایک اہم لفظ ہے۔ \TU/JameelNooriNastaleeq(2)/b/n/10 شکل 9.72 میں س
ل $\OML/zplm/m/it/10 L$ \TU/JameelNooriNastaleeq(2)/b/n/10 ، جس کی کمیت $\OML/z
plm/m/it/10 m[] \OT1/zplm/m/n/10 = \OT1/ppl/m/n/10 1.00 []$ \TU/JameelNooriNast
aleeq(2)/b/n/10 ، اور سل $\OML/zplm/m/it/10 B$ \TU/JameelNooriNastaleeq(2)/b/n/
10 ، جس کی کمیت[]
 []


Underfull \hbox (badness 10000) in paragraph at lines 818--823
[]\TU/JameelNooriNastaleeq(2)/b/n/10 اور خود ان سے علیحدہ ہو کر فرش پر گرتا ہے۔
اسپرنگ کی کمیت قابل نظر انداز ہے۔ (ا) اگر زمین کے لحاظ سے سل $\OML/zplm/m/it/10
 L$ \TU/JameelNooriNastaleeq(2)/b/n/10 کو اسپرنگ $\OT1/ppl/m/n/10 1.20 m s[]$ \
TU/JameelNooriNastaleeq(0)/m/n/9 اضافی[]
 []


Underfull \hbox (badness 10000) in paragraph at lines 818--823
[]\TU/JameelNooriNastaleeq(2)/b/n/10 رفتار دے، سل $\OML/zplm/m/it/10 R$ \TU/Jam
eelNooriNastaleeq(2)/b/n/10 اگلے $\OT1/ppl/m/n/10 0.800 s$ \TU/JameelNooriNasta
leeq(2)/b/n/10 میں کتنا فاصلہ طے کرے گا؟ (ب) اس کے برعکس، اگر سل $\OML/zplm/m/i
t/10 R$ \TU/JameelNooriNastaleeq(2)/b/n/10 کی سمتی رفتار کے لحاظ سے سل $\OML/zp
lm/m/it/10 L$ \TU/JameelNooriNastaleeq(2)/b/n/10 کو اسپرنگ[]
 []


Underfull \hbox (badness 10000) in paragraph at lines 823--828
[] \TU/JameelNooriNastaleeq(2)/b/n/10 سوال  ۹.۹۶:  بلا رگڑ فرش پر دو ذرے پھسلتے
 ہوئے مستقل سمتی رفتار سے حرکت کرتے ہیں؛ شکل 9.73 میں ان کا فضائی جائزہ پیش ہے۔
 ان کی کمیت ایک[]
 []


Underfull \hbox (badness 10000) in paragraph at lines 823--828
[]\TU/JameelNooriNastaleeq(2)/b/n/10 نقطہ دار لکیریں، حرف سے موسوم چار حصوں میں
 تقسیم کرتی ہیں۔ اگر تصادم (ا) مکمل لچکی، (ب) لچکی، اور (ج) غیر لچکی ہو، ذرے کس
 حصہ میں یا کس لکیر پر[]
 []

[65]
Underfull \hbox (badness 10000) in paragraph at lines 837--841
[] \TU/JameelNooriNastaleeq(2)/b/n/10 سوال  ۹.۹۹:  ایک گیند جس کی کمیت $\OT1/pp
l/m/n/10 150 g$ \TU/JameelNooriNastaleeq(2)/b/n/10 ہے $\OT1/ppl/m/n/10 5.2 m s[
]$ \TU/JameelNooriNastaleeq(2)/b/n/10 سے حرکت کرتے ہوئے دیوار سے ٹپکی کھا کر صر
ف $\OT1/ppl/m/n/10 50 %$ \TU/JameelNooriNastaleeq(2)/b/n/10 حرکی توانائی کے[]
 []


Underfull \hbox (badness 10000) in paragraph at lines 841--845
[] \TU/JameelNooriNastaleeq(2)/b/n/10 سوال  ۹.۱۰۰:  خلائی طیارے کے دو حصوں کو ج
کڑ کر ساتھ رکھنے والے دھماکہ خیز قابلوں کے دھماکہ سے علیحدہ کیا جاتا ہے۔ ان حصو
ں کی کمیت[]
 []


Underfull \hbox (badness 10000) in paragraph at lines 845--850
[] \TU/JameelNooriNastaleeq(2)/b/n/10 سوال  ۹.۱۰۱:  ایک گاڑی ، جس کی کمیت $\OT1
/ppl/m/n/10 1400 []$ \TU/JameelNooriNastaleeq(2)/b/n/10 ہے، $\OT1/ppl/m/n/10 5.
3 m s[]$ \TU/JameelNooriNastaleeq(2)/b/n/10 رفتار سے ابتدائی طور محور $\OML/zpl
m/m/it/10 y$ \TU/JameelNooriNastaleeq(2)/b/n/10 کے ہمراہ شمال کی طرف حرکت میں ہ
ے۔[]
 []


Underfull \hbox (badness 7133) in paragraph at lines 845--850
[]\TU/JameelNooriNastaleeq(2)/b/n/10 دائیں ہاتھ $\OT1/ppl/m/n/10 90[]$ \TU/Jame
elNooriNastaleeq(2)/b/n/10 موڑ $\OT1/ppl/m/n/10 4.6 s$ \TU/JameelNooriNastaleeq
(2)/b/n/10 میں پورا کرتے ہی غیر محتاط ڈرائیور گاڑی سیدھا پیڑ پر چڑھاتا ہے، جو گ
اڑی کو $\OT1/ppl/m/n/10 350 []$ \TU/JameelNooriNastaleeq(2)/b/n/10 میں روک پاتا
 ہے۔ اکائی سمتی ترقیم[]
 []


Underfull \hbox (badness 10000) in paragraph at lines 845--850
[]\TU/JameelNooriNastaleeq(2)/b/n/10 میں گاڑی پر (ا) موڑ کاٹنے کی وجہ سے ، اور 
(ب) تصادم کی وجہ سے ضرب کیا ہو گی؟ (ج) موڑ کے دوران اور (د) تصادم کے دوران گاڑی
 پر اوسط قوت کی قدر[]
 []

LaTeX Info: Redefining \rmfamily on input line 853.
LaTeX Info: Redefining \sffamily on input line 853.
LaTeX Info: Redefining \ttfamily on input line 853.
LaTeX Info: Redefining \rmfamily on input line 854.
LaTeX Info: Redefining \sffamily on input line 854.
LaTeX Info: Redefining \ttfamily on input line 854.
LaTeX Info: Redefining \rmfamily on input line 854.
LaTeX Info: Redefining \sffamily on input line 854.
LaTeX Info: Redefining \ttfamily on input line 854.

Underfull \hbox (badness 3000) in paragraph at lines 850--859
[]\TU/JameelNooriNastaleeq(2)/b/n/10 کے مبدا پر ساکن تھا۔ الیکٹران $ \OT1/zplm/
m/n/10 (\OMS/zplm/m/n/10 ^^@\OT1/ppl/m/n/10 1.2 \OMS/zplm/m/n/10 ^^B \OT1/ppl/m
/n/10 10[] [] m s[]\OT1/zplm/m/n/10 ) [] $ \TU/JameelNooriNastaleeq(2)/b/n/10 ا
ور نیوٹرینو $ \OT1/zplm/m/n/10 (\OMS/zplm/m/n/10 ^^@\OT1/ppl/m/n/10 6.4 \OMS/zp
lm/m/n/10 ^^B \OT1/ppl/m/n/10 10[] [] m s[]\OT1/zplm/m/n/10 ) [] $ \TU/JameelNo
oriNastaleeq(2)/b/n/10 خطی معیار[]
 []


Underfull \hbox (badness 5008) in paragraph at lines 859--864
[] \TU/JameelNooriNastaleeq(2)/b/n/10 سوال  ۹.۱۰۳:  ایک شخص، جس کی کمیت $\OT1/p
pl/m/n/10 75 []$ \TU/JameelNooriNastaleeq(2)/b/n/10 ہے، $\OT1/ppl/m/n/10 39 []$
 \TU/JameelNooriNastaleeq(2)/b/n/10 کمیت کی ریڑھی پر سوار ہے جو $\OT1/ppl/m/n/1
0 2.3 m s[]$ \TU/JameelNooriNastaleeq(2)/b/n/10 سمتی رفتار سے حرکت میں ہے۔وہ[]
 []


Underfull \hbox (badness 10000) in paragraph at lines 864--868
[] \TU/JameelNooriNastaleeq(2)/b/n/10 سوال  ۹.۱۰۴:  بلا رگڑ فرش پر ساکن دو سل ج
ن کی کمیتیں $\OT1/ppl/m/n/10 1.0 []$ \TU/JameelNooriNastaleeq(2)/b/n/10 اور $\O
T1/ppl/m/n/10 3.0 []$ \TU/JameelNooriNastaleeq(2)/b/n/10 ہیں اسپرنگ کے ذریعہ آپ
س میں جڑی ہیں۔انہیں ایک دوسرے[]
 []

[66]
Underfull \hbox (badness 10000) in paragraph at lines 872--876
[] \TU/JameelNooriNastaleeq(2)/b/n/10 سوال  ۹.۱۰۶:  ایک گاڑی ، جس کی کمیت $\OT1
/ppl/m/n/10 2400 []$ \TU/JameelNooriNastaleeq(2)/b/n/10 ہے، سیدھی سڑک پر $\OT1/
ppl/m/n/10 80 [] h[]$ \TU/JameelNooriNastaleeq(2)/b/n/10 رفتار سے دوڑ رہی ہے۔ ا
س کے پیچھے $\OT1/ppl/m/n/10 1600 []$[]
 []


Underfull \hbox (badness 10000) in paragraph at lines 876--881
[] \TU/JameelNooriNastaleeq(2)/b/n/10 سوال  ۹.۱۰۷:  گیند $\OT1/ppl/m/n/10 1$ \T
U/JameelNooriNastaleeq(2)/b/n/10 ، جو $\OT1/ppl/m/n/10 2.2 m s[]$ \TU/JameelNoo
riNastaleeq(2)/b/n/10 سے حرکت کر رہا ہے، بالکل اسی طرح کے دوسرے گیند $\OT1/ppl/
m/n/10 2$ \TU/JameelNooriNastaleeq(2)/b/n/10 سے، جو ساکن ہے، معمولی ٹکراتا ہے (
شکل[]
 []


Underfull \hbox (badness 6063) in paragraph at lines 881--885
[] \TU/JameelNooriNastaleeq(2)/b/n/10 سوال  ۹.۱۰۸:  نظام شمسی سے ایک ہوائی بان 
$\OT1/ppl/m/n/10 6.0 \OMS/zplm/m/n/10 ^^B \OT1/ppl/m/n/10 10[] m s[]$ \TU/Jamee
lNooriNastaleeq(2)/b/n/10 رفتار سے دور روانا ہے۔ ہوائی بان کا انجن چالو کرنے سے
، ہوائی بان کے لحاظ[]
 []


Underfull \hbox (badness 10000) in paragraph at lines 885--889
[] \TU/JameelNooriNastaleeq(2)/b/n/10 سوال  ۹.۱۰۹:  تین یکساں گیند کا فضائی جائ
زہ شکل 9.76 میں پیش ہے۔ گیند $\OT1/ppl/m/n/10 2$ \TU/JameelNooriNastaleeq(2)/b/
n/10 اور $\OT1/ppl/m/n/10 3$ \TU/JameelNooriNastaleeq(2)/b/n/10 آپس میں مس ہیں 
اور گیند $\OT1/ppl/m/n/10 1$ \TU/JameelNooriNastaleeq(2)/b/n/10 کی راہ کو عمودی
 صف بستہ ہیں۔ گیند[]
 []


Underfull \hbox (badness 10000) in paragraph at lines 885--889
[]\TU/JameelNooriNastaleeq(2)/b/n/10 گیند $\OT1/ppl/m/n/10 3$ \TU/JameelNooriNa
staleeq(2)/b/n/10 کی سمتی رفتار کی (ج) قدر اور (د) رخ، اور گیند $\OT1/ppl/m/n/1
0 1$ \TU/JameelNooriNastaleeq(2)/b/n/10 کی سمتی رفتار کی (ہ) قدر اور (و) رخ کیا
 ہیں؟ (اشارہ: رگڑ کی غیر موجودگی میں،ہر ضرب، متصادم[]
 []


Underfull \hbox (badness 10000) in paragraph at lines 889--898
[] \TU/JameelNooriNastaleeq(2)/b/n/10 سوال  ۹.۱۱۰:  ایک گیند ، جس کی کمیت $\OT1
/ppl/m/n/10 0.15 []$ \TU/JameelNooriNastaleeq(2)/b/n/10 ہے، $ \OT1/zplm/m/n/10 
(\OT1/ppl/m/n/10 5.00 m s[]\OT1/zplm/m/n/10 )[] + (\OT1/ppl/m/n/10 6.50 m s[]\O
T1/zplm/m/n/10 )[] + (\OT1/ppl/m/n/10 4.00 m s[]\OT1/zplm/m/n/10 )[] $[]
 []


Underfull \hbox (badness 10000) in paragraph at lines 889--898
[]\TU/JameelNooriNastaleeq(2)/b/n/10 سمتی رفتار سے چلتے ہوئے دیوار سے ٹکراتا ہے
۔دیوار سے ٹپکی کے بعد گیند کی سمتی رفتار $ \OT1/zplm/m/n/10 (\OT1/ppl/m/n/10 2.
00 m s[]\OT1/zplm/m/n/10 )[] + (\OT1/ppl/m/n/10 3.50 m s[]\OT1/zplm/m/n/10 )[] 
+$[]
 []


Underfull \hbox (badness 10000) in paragraph at lines 898--902
[] \TU/JameelNooriNastaleeq(2)/b/n/10 سوال  ۹.۱۱۱:  دو یکساں برتن جن میں ایک جت
نی چینی بھری ہے ایک ڈور کے ذریعہ جڑے ہیں، جو بلا رگڑ چرخی کے اوپر سے گزرتی ہے (
شکل 9.77)۔[]
 []


Underfull \hbox (badness 10000) in paragraph at lines 898--902
[]\TU/JameelNooriNastaleeq(2)/b/n/10 ڈور اور چرخی کی کمیت قابل نظر انداز ہے، جب
کہ ایک برتن اور اس میں بھری چینی کی کمیت $\OT1/ppl/m/n/10 500 g$ \TU/JameelNoor
iNastaleeq(2)/b/n/10 ہے۔ برتن کے وسط ایک دوسرے سے $\OT1/ppl/m/n/10 50 []$[]
 []


Underfull \hbox (badness 10000) in paragraph at lines 898--902
[]$\OT1/ppl/m/n/10 20 g$ \TU/JameelNooriNastaleeq(2)/b/n/10 چینی برتن $\OT1/ppl
/m/n/10 2$ \TU/JameelNooriNastaleeq(2)/b/n/10 میں منتقل کرنے کے بعد ، کتنا ہو گ
ا؟ چینی منتقل کرنے کے بعد برتن رہا کیے جاتے ہیں۔ رہائی کے بعد مرکز کمیت (ج) کس 
رخ اور (د)[]
 []


Underfull \hbox (badness 10000) in paragraph at lines 902--907
[] \TU/JameelNooriNastaleeq(2)/b/n/10 سوال  ۹.۱۱۲:  ایک گیند ہموار فرش پر چلتے 
ہوئے یکساں گیند سے ٹکراتا ہے۔تصادم کے بعد پہلا گیند اپنے ابتدائی رخ کے ساتھ $\O
T1/ppl/m/n/10 22.0[]$ \TU/JameelNooriNastaleeq(2)/b/n/10 زاویے پر[]
 []


Underfull \hbox (badness 10000) in paragraph at lines 902--907
[]$\OT1/ppl/m/n/10 3.50 m s[]$ \TU/JameelNooriNastaleeq(2)/b/n/10 کی رفتار سے ح
رکت کرتا ہے جبکہ دوسرے گیند کی رفتار $\OT1/ppl/m/n/10 2.00 m s[]$ \TU/JameelNoo
riNastaleeq(2)/b/n/10 ہے۔ (ا) پہلے گیند کے ابتدائی کے ساتھ دوسرے گیند کے[]
 []


Underfull \hbox (badness 10000) in paragraph at lines 911--915
[] \TU/JameelNooriNastaleeq(2)/b/n/10 سوال  ۹.۱۱۴:  ایک غبارہ ، جس کی (بمع ٹوکر
ی) کمیت $\OT1/ppl/m/n/10 320 []$ \TU/JameelNooriNastaleeq(2)/b/n/10 ہے ، سے ایک
 شخص، جس کی کمیت $\OT1/ppl/m/n/10 80 []$ \TU/JameelNooriNastaleeq(2)/b/n/10 ہے،
 سیڑھی کے ذریعے لٹک رہا ہے[]
 []


Underfull \hbox (badness 10000) in paragraph at lines 911--915
[]\TU/JameelNooriNastaleeq(2)/b/n/10 (شکل 9.79)۔ زمین کے لحاظ سے غبارہ ابتدائی 
طور ساکن ہے۔ اگر سیڑھی کے لحاظ سے یہ شخص $\OT1/ppl/m/n/10 2.5 m s[]$ \TU/Jameel
NooriNastaleeq(2)/b/n/10 رفتار سے سیڑھی چڑھنا شروع کرے[]
 []

[67]
LaTeX Info: Redefining \rmfamily on input line 923.
LaTeX Info: Redefining \sffamily on input line 923.
LaTeX Info: Redefining \ttfamily on input line 923.

Underfull \hbox (badness 10000) in paragraph at lines 920--924
[]\TU/JameelNooriNastaleeq(2)/b/n/10 کشتی کے اوپر ایک سر سے دوسرے سر تک مسرع ہو
 کر بندرگاہ کی گودی (جو کشتی سے معمولی نیچے ہے) میں پرواز کر کے پہنچتی ہے (شکل 
9.81)۔ کشتی ابتدائی[]
 []


Underfull \hbox (badness 10000) in paragraph at lines 920--924
[]\TU/JameelNooriNastaleeq(2)/b/n/10 طور پر گودی سے مس ہے؛ کشتی بغیر رگڑ پانی م
یں حرکت کر سکتی ہے؛ گاڑی اور کشتی دونوں کی کمیت لمبائی پر تخمیناً یکساں تقسیم ت
صور کیا جا سکتا ہے۔ عین پرواز سے[]
 []


Underfull \hbox (badness 10000) in paragraph at lines 924--929
[] \TU/JameelNooriNastaleeq(2)/b/n/10 سوال  ۹.۱۱۷:  محدد $\OML/zplm/m/it/10 x$ 
\TU/JameelNooriNastaleeq(2)/b/n/10 پر مثبت رخ $\OT1/ppl/m/n/10 8.0 m s[]$ \TU/J
ameelNooriNastaleeq(2)/b/n/10 سے $\OT1/ppl/m/n/10 3.0 []$ \TU/JameelNooriNastal
eeq(2)/b/n/10 جسم حرکت کرتے ہوئے کمیت $\OML/zplm/m/it/10 M$ \TU/JameelNooriNast
aleeq(2)/b/n/10 کے ساکن جسم سے یک بُعدی لچکی ٹکراتا[]
 []


Underfull \hbox (badness 5908) in paragraph at lines 929--933
[] \TU/JameelNooriNastaleeq(2)/b/n/10 سوال  ۹.۱۱۸:  چبوترہ کے ساتھ کھلی ریل گاڑ
ی کا $\OT1/ppl/m/n/10 2140 []$\TU/JameelNooriNastaleeq(2)/b/n/10 ڈبہ ، جو بلا ر
گڑ حرکت کر سکتا ہے، ساکن کھڑا ہے۔ ایک پہلوان جس کی کمیت $\OT1/ppl/m/n/10 242 []
$[]
 []


Underfull \hbox (badness 10000) in paragraph at lines 929--933
[]\TU/JameelNooriNastaleeq(2)/b/n/10 ہے پٹری کے ہمراہ $\OT1/ppl/m/n/10 5.3 m s[
]$ \TU/JameelNooriNastaleeq(2)/b/n/10 رفتار سے دوڑ کر کھلا ڈبے میں کودتا ہے۔ اگ
ر پہلوان کھلا ڈبے (ا) پر کھڑا ہو جائے، (ب) کھلا ڈبے کے لحاظ سے اسی رخ[]
 []


Underfull \hbox (badness 10000) in paragraph at lines 938--943
[] \TU/JameelNooriNastaleeq(2)/b/n/10 سوال  ۹.۱۲۰:  ایک مقیاسہ ، جس کی کمیت $\O
T1/ppl/m/n/10 500.0 []$ \TU/JameelNooriNastaleeq(2)/b/n/10 ہے، $\OT1/ppl/m/n/10
 400.0 []$\TU/JameelNooriNastaleeq(2)/b/n/10 چھوٹے طیارے سے جڑا ہے، جو ساکن بڑے
 خلائی طیارے کے لحاظ سے[]
 []


Underfull \hbox (badness 10000) in paragraph at lines 938--943
[]$\OT1/ppl/m/n/10 1000 m s[]$ \TU/JameelNooriNastaleeq(2)/b/n/10 پر حرکت میں ہ
ے۔ ایک چھوٹا دھماکہ مقیاسہ کو پیچھے کی طرف، چھوٹے طیارے کی نئی سمتی رفتار کے لح
اظ سے، $\OT1/ppl/m/n/10 100.0 m s[]$[]
 []


Underfull \hbox (badness 10000) in paragraph at lines 943--947
[] \TU/JameelNooriNastaleeq(2)/b/n/10 سوال  ۹.۱۲۱:  (ا) زمین و چاند کا مرکز کمی
ت زمین کے مرکز سے کس فاصلے پر ہے؟(ضمیمہ C میں زمین اور چاند کی کمیت اور ان کے ب
یچ فاصلہ دیا گیا ہے۔)[]
 []


Underfull \hbox (badness 10000) in paragraph at lines 947--952
[] \TU/JameelNooriNastaleeq(2)/b/n/10 سوال  ۹.۱۲۲:  ایک دیوار سے $\OT1/ppl/m/n/
10 140 g$ \TU/JameelNooriNastaleeq(2)/b/n/10 گیند $\OT1/ppl/m/n/10 7.8 m s[]$ \
TU/JameelNooriNastaleeq(2)/b/n/10 کی رفتار سے عمودی ٹکرا کر اسی رفتار سے واپس ل
وٹتا ہے۔لچکی تصادم کا دورانیہ[]
 []


Underfull \hbox (badness 10000) in paragraph at lines 952--956
[] \TU/JameelNooriNastaleeq(2)/b/n/10 سوال  ۹.۱۲۳:  پھسلنی گاڑی، جس کی کمیت $\O
T1/ppl/m/n/10 2900 []$ \TU/JameelNooriNastaleeq(2)/b/n/10 ہے ، $\OT1/ppl/m/n/10
 250 m s[]$ \TU/JameelNooriNastaleeq(2)/b/n/10 رفتار سے پٹری پر ہوائی بان سے چل
ائی جاتی ہے۔ راستے میں زمین پر[]
 []


Underfull \hbox (badness 10000) in paragraph at lines 952--956
[]\TU/JameelNooriNastaleeq(2)/b/n/10 پانی کا تالاب آتا ہے۔چلتی گاڑی سے کفگیر پا
نی میں ڈبو کر اڑتے پانی کا رخ پھسلنی گاڑی میں رکھی خالی ٹینکی کی طرف کیا جاتا ہ
ے۔ خطی معیار حرکت کی بقا کا اصول[]
 []


Underfull \hbox (badness 10000) in paragraph at lines 956--961
[] \TU/JameelNooriNastaleeq(2)/b/n/10 سوال  ۹.۱۲۴:  ہوائی بندوق $\OT1/ppl/m/n/1
0 2.0 g$ \TU/JameelNooriNastaleeq(2)/b/n/10 چھرے فی سیکنڈ $\OT1/ppl/m/n/10 500 
m s[]$ \TU/JameelNooriNastaleeq(2)/b/n/10 رفتار سے مارتی ہے۔ چھروں کو ایک سخت (
غیر لچکی) دیوار روکتی ہے۔ (ا)[]
 []


Underfull \hbox (badness 10000) in paragraph at lines 956--961
[]\TU/JameelNooriNastaleeq(2)/b/n/10 ایک چھرے کی معیار حرکت کی قدر، (ب) ایک چھر
ے کی حرکی توانائی، اور (ج) دیوار پر چھروں کی بھرمار کی اوسط قوت کی قدر کیا ہو گ
ی؟ (د) اگر ہر چھرا[]
 []


Underfull \hbox (badness 10000) in paragraph at lines 956--961
[]$\OT1/ppl/m/n/10 0.60 []$ \TU/JameelNooriNastaleeq(2)/b/n/10 کے لئے دیوار کے 
ساتھ تماس میں رہے، تماس کے دوران ایک چھرے کا دیوار پر اوسط قوت کی قدر کیا ہو گی
؟ (ہ) یہ قوت جزو ج میں تلاش کی[]
 []

[68]
LaTeX Info: Redefining \rmfamily on input line 964.
LaTeX Info: Redefining \sffamily on input line 964.
LaTeX Info: Redefining \ttfamily on input line 964.

Underfull \hbox (badness 10000) in paragraph at lines 961--965
[] \TU/JameelNooriNastaleeq(2)/b/n/10 سوال  ۹.۱۲۵:  ریل گاڑی کا ڈبہ دانے اٹھانے
 والے  \TU/AASameerSagarNastaleeqBold(0)/m/n/10 برقی زینہ [][] \TU/JameelNooriN
astaleeq(2)/b/n/10 کے نیچے سے $\OT1/ppl/m/n/10 3.20 m s[]$ \TU/JameelNooriNasta
leeq(2)/b/n/10 رفتار سے گزرتا ہے۔ ریل گاڑی کے ڈبے میں[]
 []


Underfull \hbox (badness 10000) in paragraph at lines 974--978
[] \TU/JameelNooriNastaleeq(2)/b/n/10 سوال  ۹.۱۲۸:  ساکن ذرے $\OML/zplm/m/it/10
 A$\TU/JameelNooriNastaleeq(2)/b/n/10 ، جس کی کمیت $\OT1/ppl/m/n/10 0.10 []$ \T
U/JameelNooriNastaleeq(2)/b/n/10 ہے، اور $\OML/zplm/m/it/10 B$ \TU/JameelNooriN
astaleeq(2)/b/n/10 ، جس کی کمیت $\OT1/ppl/m/n/10 0.30 []$ \TU/JameelNooriNastal
eeq(2)/b/n/10 ہے، ایک دوسرے سے $\OT1/ppl/m/n/10 1.0 m$ \TU/JameelNooriNastaleeq
(2)/b/n/10 فاصلے پر[]
 []


Underfull \hbox (badness 3000) in paragraph at lines 978--983
[]$\OT1/zplm/m/n/10 (\OT1/ppl/m/n/10 6.00 m s[]\OT1/zplm/m/n/10 )[] + (\OMS/zpl
m/m/n/10 ^^@\OT1/ppl/m/n/10 2.00 m s[]\OT1/zplm/m/n/10 )[]$ \TU/JameelNooriNast
aleeq(2)/b/n/10 اور کمیت بالترتیب $\OT1/ppl/m/n/10 2.00 []$ \TU/JameelNooriNast
aleeq(2)/b/n/10 اور $\OT1/ppl/m/n/10 4.00 []$ \TU/JameelNooriNastaleeq(2)/b/n/1
0 ہیں۔ تصادم انہیں آپس میں جوڑتا ہے۔ ان[]
 []


Underfull \hbox (badness 10000) in paragraph at lines 987--991
[] \TU/JameelNooriNastaleeq(2)/b/n/10 سوال  ۹.۱۳۱:  سل $\OT1/ppl/m/n/10 1$ \TU/
JameelNooriNastaleeq(2)/b/n/10 بلا رگڑ فرش پر محور $\OML/zplm/m/it/10 x$ \TU/Ja
meelNooriNastaleeq(2)/b/n/10 کے ہمراہ $\OT1/ppl/m/n/10 0.75 m s[]$ \TU/JameelNo
oriNastaleeq(2)/b/n/10 رفتار سے حرکت کرتے ہوئے ساکن سل $\OT1/ppl/m/n/10 2$ \TU/
JameelNooriNastaleeq(2)/b/n/10 سے لچکی ٹکراتی ہے (شکل[]
 []


Underfull \hbox (badness 10000) in paragraph at lines 1000--1005
[] \TU/JameelNooriNastaleeq(2)/b/n/10 سوال  ۹.۱۳۲:  ایک جسم مثبت $\OML/zplm/m/i
t/10 x$ \TU/JameelNooriNastaleeq(2)/b/n/10 محور کے رخ $\OT1/ppl/m/n/10 2.0 m s[
]$ \TU/JameelNooriNastaleeq(2)/b/n/10 رفتار سے حرکت میں ہے؛ جسم پر کوئی قوت عمل
 نہیں کرتی۔ اندرونی دھماکہ جسم کو دو[]
 []

[69]
Underfull \hbox (badness 10000) in paragraph at lines 1009--1013
[] \TU/JameelNooriNastaleeq(2)/b/n/10 سوال  ۹.۱۳۴:  ریل گاڑی کا کھلا ڈبہ ، جس ک
ا وزن $\OT1/ppl/m/n/10 2415 N$ \TU/JameelNooriNastaleeq(2)/b/n/10 ہے، مثبت $\OM
L/zplm/m/it/10 x$ \TU/JameelNooriNastaleeq(2)/b/n/10 محور کے رخ بلا رگڑ $\OT1/p
pl/m/n/10 18.2 m s[]$ \TU/JameelNooriNastaleeq(2)/b/n/10 رفتار سے حرکت میں ہے۔ا
یک[]
 []


Underfull \hbox (badness 10000) in paragraph at lines 1009--1013
[]\TU/JameelNooriNastaleeq(2)/b/n/10 شخص، جس کا وزن $\OT1/ppl/m/n/10 915 N$ \TU
/JameelNooriNastaleeq(2)/b/n/10 ہے ، اس ڈبے پر کھڑا ہے۔ ڈبے کے لحاظ سے شخص محور
 $\OML/zplm/m/it/10 x$ \TU/JameelNooriNastaleeq(2)/b/n/10 کے منفی رخ $\OT1/ppl/
m/n/10 4.0 m s[]$ \TU/JameelNooriNastaleeq(2)/b/n/10 رفتار سے دوڑ لگاتا ہے۔ ڈبے
 کی[]
 []

LaTeX Info: Redefining \rmfamily on input line 1017.
LaTeX Info: Redefining \sffamily on input line 1017.
LaTeX Info: Redefining \ttfamily on input line 1017.

Underfull \hbox (badness 10000) in paragraph at lines 1018--1022
[] \TU/JameelNooriNastaleeq(2)/b/n/10 سوال  ۹.۱۳۶:  پکی فرش پر $\OT1/ppl/m/n/10
 0.550 []$ \TU/JameelNooriNastaleeq(2)/b/n/10 گیند $\OT1/ppl/m/n/10 12.0 m s[]$
 \TU/JameelNooriNastaleeq(2)/b/n/10 رفتار سے سیدھا گر کر ٹپکی کھا کر $\OT1/ppl/
m/n/10 3.00 m s[]$ \TU/JameelNooriNastaleeq(2)/b/n/10 سے اچھلتا ہے۔ انتصابی اوپ
ر[]
 []


Underfull \hbox (badness 1622) in paragraph at lines 1022--1026
[] \TU/JameelNooriNastaleeq(2)/b/n/10 سوال  ۹.۱۳۷:  ساکن جوہری مرکزہ $\OML/zplm
/m/it/10 xy$ \TU/JameelNooriNastaleeq(2)/b/n/10 محددی نظام کے مبدا پر تین ذروں 
میں ٹکڑے ہو تا ہے۔ ذرہ $\OT1/ppl/m/n/10 1$ \TU/JameelNooriNastaleeq(2)/b/n/10 ،
 جس کی کمیت $\OT1/ppl/m/n/10 16.7 \OMS/zplm/m/n/10 ^^B \OT1/ppl/m/n/10 10[] []$
[]
 []


Underfull \hbox (badness 10000) in paragraph at lines 1022--1026
[]\TU/JameelNooriNastaleeq(2)/b/n/10 ہے، مبدا سے $\OT1/zplm/m/n/10 (\OT1/ppl/m/
n/10 6.00 \OMS/zplm/m/n/10 ^^B \OT1/ppl/m/n/10 10[] m s[]\OT1/zplm/m/n/10 )[]$ 
\TU/JameelNooriNastaleeq(2)/b/n/10 رفتار سے دور ہٹتا ہے؛ ذرہ $\OT1/ppl/m/n/10 2
$ \TU/JameelNooriNastaleeq(2)/b/n/10 ، جس کی کمیت $\OT1/ppl/m/n/10 8.35 \OMS/zp
lm/m/n/10 ^^B \OT1/ppl/m/n/10 10[] []$ \TU/JameelNooriNastaleeq(2)/b/n/10 ہے، م
بدا سے[]
 []


Underfull \hbox (badness 10000) in paragraph at lines 1022--1026
[]$\OT1/zplm/m/n/10 (\OMS/zplm/m/n/10 ^^@\OT1/ppl/m/n/10 8.00 \OMS/zplm/m/n/10 
^^B \OT1/ppl/m/n/10 10[] m s[]\OT1/zplm/m/n/10 )[]$ \TU/JameelNooriNastaleeq(2)
/b/n/10 رفتار سے دور ہٹتا ہے۔ (ا) اکائی سمتیہ ترقیم میں تیسرے ذرے کی خطی معیار 
حرکت کیا ہو گی۔ اس کی کمیت[]
 []


Underfull \hbox (badness 10000) in paragraph at lines 1026--1031
[] \TU/JameelNooriNastaleeq(2)/b/n/10 سوال  ۹.۱۳۸:  ذرہ $\OT1/ppl/m/n/10 1$\TU/
JameelNooriNastaleeq(2)/b/n/10 ، جس کی کمیت $\OT1/ppl/m/n/10 200 g$ \TU/JameelN
ooriNastaleeq(2)/b/n/10 ہے، اور رفتار $\OT1/ppl/m/n/10 3.0 m s[]$ \TU/JameelNoo
riNastaleeq(2)/b/n/10 ہے $\OT1/ppl/m/n/10 400 g$ \TU/JameelNooriNastaleeq(2)/b/
n/10 کمیت کے ساکن ذرے سے یک بُعدی ٹکراتا ہے۔ اگر[]
 []


Underfull \hbox (badness 10000) in paragraph at lines 1031--1035
[] \TU/JameelNooriNastaleeq(2)/b/n/10 سوال  ۹.۱۳۹:  چاند کے ایک صفر میں ضروری پ
ایا گیا کہ جس وقت چاند کے لحاظ سے طیارے کی رفتار $\OT1/ppl/m/n/10 400 m s[]$ \T
U/JameelNooriNastaleeq(2)/b/n/10 ہو، طیارے کی رفتار[]
 []


Underfull \hbox (badness 10000) in paragraph at lines 1031--1035
[]$\OT1/ppl/m/n/10 2.2 m s[]$ \TU/JameelNooriNastaleeq(2)/b/n/10 بڑھائی جائے۔ ط
یارے کے لحاظ سے خرج کی اضافی رفتار $\OT1/ppl/m/n/10 1000 m s[]$ \TU/JameelNoori
Nastaleeq(2)/b/n/10 ہے۔ اتنا اضافہ پانے کے لئے طیارے کی ابتدائی کمیت[]
 []


Underfull \hbox (badness 10000) in paragraph at lines 1035--1040
[] \TU/JameelNooriNastaleeq(2)/b/n/10 سوال  ۹.۱۴۰:  ایک ساکن گیند ، جس کی کمیت 
$\OT1/ppl/m/n/10 0.20 []$ \TU/JameelNooriNastaleeq(2)/b/n/10 ہے، کو ڈنڈے سے $\O
T1/ppl/m/n/10 14 []$ \TU/JameelNooriNastaleeq(2)/b/n/10 دورانیے پر $\OT1/ppl/m/
n/10 32 N$ \TU/JameelNooriNastaleeq(2)/b/n/10 اوسط قوت کے ساتھ مارا جاتا[]
 []

) [70]
\openout2 = `./tex/rotation.aux'.

 (./tex/rotation.tex
باب \farsidigits{10}.
[71





]
Underfull \hbox (badness 10000) in paragraph at lines 42--43
[][]\TU/JameelNooriNastaleeq(2)/b/n/10 مقررہ محور، جو محور گھماو کہلاتی ہے، کے 
گرد استوار جسم کا گھماو بیان کرنے کی خاطر ، جسم کے اندر محور کو عمودی حوالہ لکی
ر فرض کی جاتی ہے جو جسم[]
 []


Underfull \hbox (badness 10000) in paragraph at lines 42--43
[]\TU/JameelNooriNastaleeq(2)/b/n/10 کے ساتھ ہم قدم محور کے گرد گھومتی ہے۔ ایک 
مقررہ رخ کے ساتھ اس لکیر کا زاوی مقام $\OML/zplm/m/it/10 ^^R$ \TU/JameelNooriNa
staleeq(2)/b/n/10 ناپا جاتا ہے۔ جب $\OML/zplm/m/it/10 ^^R$ \TU/JameelNooriNasta
leeq(2)/b/n/10 کی پیمائش ریڈیئن میں ہو، ذیل[]
 []


Underfull \hbox (badness 10000) in paragraph at lines 66--69
[]\TU/JameelNooriNastaleeq(2)/b/n/10 اوسط زاوی سمتی رفتار $\OML/zplm/m/it/10 ![
]$ \TU/JameelNooriNastaleeq(2)/b/n/10 اور سمتی رفتار $\OML/zplm/m/it/10 !$ \TU/
JameelNooriNastaleeq(2)/b/n/10 دونوں سمتی مقادیر ہیں، جن کا رخ دایاں ہاتھ قاعدہ
 دیگا۔ خلاف گھڑی گھماو کے لئے ان کا رخ[]
 []

[72]
Underfull \hbox (badness 10000) in paragraph at lines 83--84
[][]\TU/JameelNooriNastaleeq(2)/b/n/10 گھماو تقریباً ہر مشین میں نظر آتا ہے، او
ر جب آپ دروازہ کھولتے ہیں آپ اس کو دیکھتے ہیں۔کھیل میں گھماو اہم کردار ادا کرتا
 ہے، جیسا گیند کو زیادہ دور پھینکنے کے[]
 []


Underfull \hbox (badness 10000) in paragraph at lines 83--84
[]\TU/JameelNooriNastaleeq(2)/b/n/10 لئے (گھومتے گیند کو ہوا زیادہ دیر اٹھا کر 
سکتی ہے)، اور کرکٹ میں گیند قوسی راہ پر پھینکنے کے لئے (گھومتے گیند کو ہوا دائی
ں یا بائیں دھکیلتی ہے)۔ گھماو زیادہ اہم[]
 []


Underfull \hbox (badness 10000) in paragraph at lines 85--86
[][]\TU/JameelNooriNastaleeq(2)/b/n/10 گھماو پر بحث سے قبل ، حرکت میں ملوث متغی
رات متعارف کرتے ہیں، جیسا ہم نے باب 2 میں مستقیم حرکت پر بحث سے قبل کیا۔ ہم دیک
ھتے ہیں کہ گھماو کے[]
 []


Underfull \hbox (badness 10000) in paragraph at lines 85--86
[]\TU/JameelNooriNastaleeq(2)/b/n/10 متغیرات عین با ب 2 میں یک بُعدی حرکت کے مت
غیرات کی طرح ہیں؛ ایک اہم خصوصی صورت وہ ہے جہاں اسراع (جو یہاں زاوی اسراع ہو گا
) مستقل ہو۔[]
 []


Underfull \hbox (badness 3884) in paragraph at lines 85--86
[]\TU/JameelNooriNastaleeq(2)/b/n/10 ہم دیکھتے ہیں نیوٹن کا دوسرا قاعدہ زاوی حر
کت کے لئے بھی لکھا جا سکتا ہے، تاہم اب قوت کی بجائے ایک نئی مقدار جو  \TU/Jamee
lNooriNastaleeq(0)/m/n/9 قوت مروڑ  \TU/JameelNooriNastaleeq(2)/b/n/10 کہلاتی ہے
 استعمال کرنا ہو گا۔ کام[]
 []


Underfull \hbox (badness 6348) in paragraph at lines 85--86
[]\TU/JameelNooriNastaleeq(2)/b/n/10 اور کام و حرکی توانائی مسئلے کا اطلاق بھی 
گھماو حرکت پر کیا جا سکتا ہے، تاہم کمیت کی بجائے ایک نئی مقدار جو \TU/JameelNoo
riNastaleeq(0)/m/n/9 زاوی جمود \TU/JameelNooriNastaleeq(2)/b/n/10 کہلاتی ہے است
عمال کرنا ہو گا۔ مختصراً، ہم جو کچھ[]
 []


Underfull \hbox (badness 10000) in paragraph at lines 87--89
[][]\TU/AASameerSagarNastaleeqBold(0)/m/n/10 انتباہ: \TU/JameelNooriNastaleeq(2
)/b/n/10 اگرچہ اس باب میں زیادہ تر حقائق محض دوبارہ پیش کیے گئے ہیں، دیکھا یہ گ
یا ہے کہ طلبہ و طالبات کو اس باب میں دشواری پیش آتی ہے۔ اساتذہ کرام[]
 []


Underfull \hbox (badness 10000) in paragraph at lines 87--89
[]\TU/JameelNooriNastaleeq(2)/b/n/10 اس کی کئی وجوہات پیش کرتے ہیں جن میں سے دو
 پر اتفاق پایا جاتا ہے: $\OT1/ppl/m/n/10 1$ \TU/JameelNooriNastaleeq(2)/b/n/10 
یہاں علامت کی تعداد بہت زیادہ ہے (جنہیں یونانی حروف میں لکھ کر مشکل میں[]
 []


Underfull \hbox (badness 10000) in paragraph at lines 87--89
[]\TU/JameelNooriNastaleeq(2)/b/n/10 مزید اضافہ پیدا ہوتا ہے)، اور $\OT1/ppl/m/
n/10 2$ \TU/JameelNooriNastaleeq(2)/b/n/10 آپ خطی حرکت سے زیادہ واقف ہیں (اسی ل
ئے کمرے کے ایک کونے سے دوسرے کونے تک آپ با آسانی جا سکتے ہیں)،[]
 []


Underfull \hbox (badness 10000) in paragraph at lines 87--89
[]\TU/JameelNooriNastaleeq(2)/b/n/10 لیکن گھماو سے آپ کا واسطہ کم رہا ہے (اسی ل
ئے تفریح گاہ میں آپ تفریحی جھولے پر سوار ہونے کے لئے پیسہ خرچنے کے لئے راضی ہوت
ے ہیں)۔ جہاں آپ کو[]
 []


Underfull \hbox (badness 10000) in paragraph at lines 87--89
[]\TU/JameelNooriNastaleeq(2)/b/n/10 دشواری ہو، دیکھیں آیا مسئلے کو باب 2 کا یک
 بُعدی خطی مسئلہ تصور کرنے آسانی پیدا ہوتی ہے۔ مثلاً، اگر آپ سے \TU/JameelNoori
Nastaleeq(0)/m/n/9 زاوی  \TU/JameelNooriNastaleeq(2)/b/n/10 فاصلہ معلوم کرنے کو
 کہا جائے، وقتی طور[]
 []

LaTeX Info: Redefining \rmfamily on input line 91.
LaTeX Info: Redefining \sffamily on input line 91.
LaTeX Info: Redefining \ttfamily on input line 91.
LaTeX Info: Redefining \rmfamily on input line 91.
LaTeX Info: Redefining \sffamily on input line 91.
LaTeX Info: Redefining \ttfamily on input line 91.

Underfull \hbox (badness 10000) in paragraph at lines 91--92
[]\TU/JameelNooriNastaleeq(2)/b/n/10 ہم مقررہ محور پر استوار جسم کے گھماو پر غو
ر کرنا چاہتے ہیں۔ \TU/AASameerSagarNastaleeqBold(0)/m/n/10 استوار جسم [][] \TU/
JameelNooriNastaleeq(2)/b/n/10 سے مراد وہ جسم ہے جس کے تمام حصے ، جسم کی شکل و 
صورت تبدیل کیے بغیر، ہم[]
 []


Underfull \hbox (badness 10000) in paragraph at lines 91--92
[]\TU/JameelNooriNastaleeq(2)/b/n/10 قدم گھوم سکتے ہیں۔ \TU/AASameerSagarNastal
eeqBold(0)/m/n/10 مقررہ محور [][] \TU/JameelNooriNastaleeq(2)/b/n/10 سے مراد وہ
 محور ہے جو حرکت نہیں کرتی اور جس پر گھوما جا سکتا ہے۔یوں ہم ایسے جسم پر غور نہ
یں کریں گے جیسا سورج (جو[]
 []


Underfull \hbox (badness 10000) in paragraph at lines 91--92
[]\TU/JameelNooriNastaleeq(2)/b/n/10 گیس کا کرہ ہے) جس کے حصے ایک ساتھ حرکت نہی
ں کرتے۔ ہم زمین پر لڑھکتے گیند کی بھی بات نہیں کرتے چونکہ اس کی محور خود حرکت پ
ذیر ہے (ایسی گیند[]
 []

LaTeX Info: Redefining \rmfamily on input line 93.
LaTeX Info: Redefining \sffamily on input line 93.
LaTeX Info: Redefining \ttfamily on input line 93.

Underfull \hbox (badness 1917) in paragraph at lines 93--94
[][]\TU/JameelNooriNastaleeq(2)/b/n/10 شکل 10.2 میں مقررہ محور پر ، جو \TU/AASa
meerSagarNastaleeqBold(0)/m/n/10 محور گھماو[][] \TU/JameelNooriNastaleeq(2)/b/n
/10 یا \TU/AASameerSagarNastaleeqBold(0)/m/n/10 گھماو کا محور  \TU/JameelNooriN
astaleeq(2)/b/n/10 کہلاتاہے، اختیاری شکل کا استوار جسم گھوم رہا ہے۔ خالص گھماو 
(\TU/JameelNooriNastaleeq(0)/m/n/9 زاوی حرکت\TU/JameelNooriNastaleeq(2)/b/n/10 
) میں ، جسم کا ہر نقطہ[]
 []


Underfull \hbox (badness 10000) in paragraph at lines 93--94
[]\TU/JameelNooriNastaleeq(2)/b/n/10 ایسے دائرہ پر حرکت کرتا ہے، جس کا مرکز محو
ر گھماو پر واقع ہے، اور ہر نقطہ کسی مخصوص وقتی وقفہ میں ایک جتنا زاویہ طے کرتا 
ہے۔ خالص مستقیم حرکت (خطی[]
 []

[73]
LaTeX Info: Redefining \rmfamily on input line 98.
LaTeX Info: Redefining \sffamily on input line 98.
LaTeX Info: Redefining \ttfamily on input line 98.
LaTeX Info: Redefining \rmfamily on input line 98.
LaTeX Info: Redefining \sffamily on input line 98.
LaTeX Info: Redefining \ttfamily on input line 98.

Underfull \hbox (badness 1953) in paragraph at lines 98--100
[]\TU/JameelNooriNastaleeq(2)/b/n/10 شکل 10.2 میں گھماو کو عمودی، جسم کے ساتھ گ
ھومتی، جسم سے پکی جڑی  \TU/JameelNooriNastaleeq(0)/m/n/9 حوالہ لکیر  \TU/Jameel
NooriNastaleeq(2)/b/n/10 دکھائی گئی ہے ۔ کسی مقررہ رخ کے ساتھ ، جس کو ہم  \TU/A
ASameerSagarNastaleeqBold(0)/m/n/10 صفر زاوی مقام [][][]
 []

LaTeX Info: Redefining \rmfamily on input line 105.
LaTeX Info: Redefining \sffamily on input line 105.
LaTeX Info: Redefining \ttfamily on input line 105.

Underfull \hbox (badness 10000) in paragraph at lines 105--107
[][]\TU/JameelNooriNastaleeq(2)/b/n/10 اس طرح تعین کیا گیا زاویہ ، درجہ یا چکر 
کی بجائے ، \TU/AASameerSagarNastaleeqBold(0)/m/n/10 ریڈیئن [][] \TU/JameelNoori
Nastaleeq(2)/b/n/10 میں ناپا جاتا ہے۔ ریڈیئن دو لمبائیوں کی نسبت (تقابلی تعلق)ہ
ے لہٰذا یہ بے بُعد خالص عدد ہو گا۔[]
 []


Underfull \hbox (badness 10000) in paragraph at lines 114--116
[]\TU/JameelNooriNastaleeq(2)/b/n/10 محور گھماو پر حوالہ لکیر کی مکمل چکر کے بع
د ہم $\OML/zplm/m/it/10 ^^R$ \TU/JameelNooriNastaleeq(2)/b/n/10 واپس صفر \TU/Ja
meelNooriNastaleeq(0)/m/n/9 نہیں  \TU/JameelNooriNastaleeq(2)/b/n/10 کرتے۔اگر ح
والہ لکیر صفر زاوی مقام سے ابتدا کر کے دو چکر مکمل کرے، لکیر کا زاوی مقام[]
 []


Underfull \hbox (badness 10000) in paragraph at lines 117--118
[][]\TU/JameelNooriNastaleeq(2)/b/n/10 محور $\OML/zplm/m/it/10 x$ \TU/JameelNoo
riNastaleeq(2)/b/n/10 پر خالص مستقیم حرکت کے لئے $\OML/zplm/m/it/10 x\OT1/zplm/
m/n/10 (\OML/zplm/m/it/10 t\OT1/zplm/m/n/10 )$ \TU/JameelNooriNastaleeq(2)/b/n/
10 ، یعنی مقام بالمقابل وقت، جانتے ہوئے ہم حرکت پذیر جسم کے بارے میں وہ سب کچھ 
معلوم کر سکتے ہیں[]
 []


Underfull \hbox (badness 10000) in paragraph at lines 117--118
[]\TU/JameelNooriNastaleeq(2)/b/n/10 جنہیں جاننا مقصود ہو۔ اسی طرح، خالص گھماو 
کے لئے $\OML/zplm/m/it/10 ^^R\OT1/zplm/m/n/10 (\OML/zplm/m/it/10 t\OT1/zplm/m/n
/10 )$\TU/JameelNooriNastaleeq(2)/b/n/10 ، یعنی زاوی مقام بالمقابل وقت، جانتے ہ
وئے ہم گھومتے جسم کے بارے میں وہ سب کچھ معلوم[]
 []


Underfull \hbox (badness 10000) in paragraph at lines 120--122
[]\TU/JameelNooriNastaleeq(2)/b/n/10 اگر شکل 10.3 کا جسم محور گھماو پر شکل 10.4
 کی طرح گھوم کر حوالہ لکیر کا زاوی مقام $\OML/zplm/m/it/10 ^^R[]$ \TU/JameelNoo
riNastaleeq(2)/b/n/10 سے تبدیل کر کے $\OML/zplm/m/it/10 ^^R[]$ \TU/JameelNooriN
astaleeq(2)/b/n/10 کرے، جسم کا زاوی ہٹاو $\OT1/zplm/m/n/10 ^^A\OML/zplm/m/it/10
 ^^R$ \TU/JameelNooriNastaleeq(2)/b/n/10 ذیل ہو[]
 []

[74]
Underfull \hbox (badness 10000) in paragraph at lines 137--139
[][]\TU/JameelNooriNastaleeq(2)/b/n/10 قرص اپنے وسطی محور کے گرد گھوم سکتا ہے۔ 
درج ذیل ابتدائی اور اختتامی زاوی مقام کی مرتب جوڑیوں میں کونسی منفی زاوی ہٹاو د
یتی ہیں؟ (ا) ابتدائی $\OMS/zplm/m/n/10 ^^@\OT1/ppl/m/n/10 3$[]
 []

LaTeX Info: Redefining \rmfamily on input line 142.
LaTeX Info: Redefining \sffamily on input line 142.
LaTeX Info: Redefining \ttfamily on input line 142.

Underfull \hbox (badness 10000) in paragraph at lines 142--144
[]\TU/JameelNooriNastaleeq(2)/b/n/10 فرض کریں ایک جسم وقت $\OML/zplm/m/it/10 t[
]$ \TU/JameelNooriNastaleeq(2)/b/n/10 پر زاوی مقام $\OML/zplm/m/it/10 ^^R[]$ \T
U/JameelNooriNastaleeq(2)/b/n/10 پر اور وقت $\OML/zplm/m/it/10 t[]$ \TU/JameelN
ooriNastaleeq(2)/b/n/10 پر زاوی مقام $\OML/zplm/m/it/10 ^^R[]$ \TU/JameelNooriN
astaleeq(2)/b/n/10 پر ہو، جیسا شکل 10.4 میں دکھایا گیا ہے۔ ہم $\OML/zplm/m/it/1
0 t[]$ \TU/JameelNooriNastaleeq(2)/b/n/10 تا $\OML/zplm/m/it/10 t[]$ \TU/Jameel
NooriNastaleeq(2)/b/n/10 وقتی دورانیہ[]
 []

LaTeX Info: Redefining \rmfamily on input line 150.
LaTeX Info: Redefining \sffamily on input line 150.
LaTeX Info: Redefining \ttfamily on input line 150.
LaTeX Info: Redefining \rmfamily on input line 150.
LaTeX Info: Redefining \sffamily on input line 150.
LaTeX Info: Redefining \ttfamily on input line 150.

Underfull \hbox (badness 10000) in paragraph at lines 146--152
[]\TU/JameelNooriNastaleeq(2)/b/n/10 جہاں وقت دورانیہ $\OT1/zplm/m/n/10 ^^A\OML
/zplm/m/it/10 t$ \TU/JameelNooriNastaleeq(2)/b/n/10 میں زاوی ہٹاو $\OT1/zplm/m/
n/10 ^^A\OML/zplm/m/it/10 !$ \TU/JameelNooriNastaleeq(2)/b/n/10 ہے۔ (زاوی سمتی 
رفتار کے لئے یونانی حروف تہجی کا ، چھوٹی لکھائی میں ، آخری حرف \TU/AASameerSaga
rNastaleeqBold(0)/m/n/10 اومیگا  $\OML/zplm/m/it/10 !$ \TU/JameelNooriNastaleeq
(2)/b/n/10 استعمال کیا[]
 []


Underfull \hbox (badness 10000) in paragraph at lines 146--152
[]\TU/JameelNooriNastaleeq(2)/b/n/10 جائے گا۔) مساوات [][]۱۰.۵[][] []میں $\OT1/
zplm/m/n/10 ^^A\OML/zplm/m/it/10 t$ \TU/JameelNooriNastaleeq(2)/b/n/10 صفر کے ق
ریب تر کرنے سے نسبت کی درج ذیل تحدیدی قیمت حاصل ہو گی جو  \TU/AASameerSagarNast
aleeqBold(0)/m/n/10 لمحاتی زاوی سمتی رفتار[][] $\OML/zplm/m/it/10 !$ \TU/Jameel
NooriNastaleeq(2)/b/n/10 (یا[]
 []

LaTeX Info: Redefining \rmfamily on input line 157.
LaTeX Info: Redefining \sffamily on input line 157.
LaTeX Info: Redefining \ttfamily on input line 157.
LaTeX Info: Redefining \rmfamily on input line 157.
LaTeX Info: Redefining \sffamily on input line 157.
LaTeX Info: Redefining \ttfamily on input line 157.
LaTeX Info: Redefining \rmfamily on input line 159.
LaTeX Info: Redefining \sffamily on input line 159.
LaTeX Info: Redefining \ttfamily on input line 159.

Underfull \hbox (badness 10000) in paragraph at lines 159--160
[][]\TU/JameelNooriNastaleeq(2)/b/n/10 محور $\OML/zplm/m/it/10 x$ \TU/JameelNoo
riNastaleeq(2)/b/n/10 پر مثبت رخ حرکت کرتے ہوئے ذرے کی سمتی رفتار $\OML/zplm/m/
it/10 v$ \TU/JameelNooriNastaleeq(2)/b/n/10 مثبت جبکہ منفی رخ حرکت کی صورت میں 
منفی ہو گی۔ اسی طرح محور پر مثبت رخ (خلاف[]
 []


Underfull \hbox (badness 10000) in paragraph at lines 159--160
[]\TU/JameelNooriNastaleeq(2)/b/n/10 گھڑی) گھماو کی صورت میں استوار جسم کی زاوی
 سمتی رفتار مثبت جبکہ منفی رخ (گھڑی وار) گھماو کی صورت میں منفی ہو گی۔ (”گھڑیاں
 منفی ہیں “ اب بھی[]
 []

LaTeX Info: Redefining \rmfamily on input line 162.
LaTeX Info: Redefining \sffamily on input line 162.
LaTeX Info: Redefining \ttfamily on input line 162.

Underfull \hbox (badness 4279) in paragraph at lines 162--164
[]\TU/JameelNooriNastaleeq(2)/b/n/10 گھومتے ہوئے جسم کی زاوی سمتی رفتار مستقل ن
ہ ہونے کی صورت میں جسم زاوی اسراع سے دو چار ہو گا۔فرض کریں وقت $\OML/zplm/m/it/
10 t[]$ \TU/JameelNooriNastaleeq(2)/b/n/10 پر جسم کی زاوی سمتی رفتار $\OML/zplm
/m/it/10 ![]$[]
 []

[75]
LaTeX Info: Redefining \rmfamily on input line 167.
LaTeX Info: Redefining \sffamily on input line 167.
LaTeX Info: Redefining \ttfamily on input line 167.
LaTeX Info: Redefining \rmfamily on input line 172.
LaTeX Info: Redefining \sffamily on input line 172.
LaTeX Info: Redefining \ttfamily on input line 172.
LaTeX Info: Redefining \rmfamily on input line 172.
LaTeX Info: Redefining \sffamily on input line 172.
LaTeX Info: Redefining \ttfamily on input line 172.

Underfull \hbox (badness 10000) in paragraph at lines 171--173
[]\TU/JameelNooriNastaleeq(2)/b/n/10 مساوات [][]۱۰.۷[][] []اور مساوات [][]۱۰.۸[
][] []\TU/JameelNooriNastaleeq(0)/m/n/9 جسم کے ہر ذرے \TU/JameelNooriNastaleeq(
2)/b/n/10 کے لئے درست ہیں۔ زاوی اسراع کی عمومی مستعمل اکائی ریڈیئن فی مربع سیکن
ڈ $\OT1/zplm/m/n/10 ([] \OT1/ppl/m/n/10 s[]\OT1/zplm/m/n/10 )$ \TU/JameelNooriN
astaleeq(2)/b/n/10 اور چکر[]
 []


Underfull \hbox (badness 10000) in paragraph at lines 176--179
[]\TU/JameelNooriNastaleeq(2)/b/n/10 شکل 10.5a میں قرص اپنے وسطی محور کے گرد گھ
وم رہا ہے۔ قرص پر حوالہ لکیر کا زاوی مقام $\OML/zplm/m/it/10 ^^R\OT1/zplm/m/n/1
0 (\OML/zplm/m/it/10 t\OT1/zplm/m/n/10 )$ \TU/JameelNooriNastaleeq(2)/b/n/10 ذی
ل ہے، جہاں $\OML/zplm/m/it/10 t$ \TU/JameelNooriNastaleeq(2)/b/n/10 اور $\OML/z
plm/m/it/10 ^^R$ \TU/JameelNooriNastaleeq(2)/b/n/10 بالترتیب سیکنڈ اور ریڈیئن[]

 []


Underfull \hbox (badness 10000) in paragraph at lines 181--183
[]\TU/JameelNooriNastaleeq(2)/b/n/10 (آپ چاہیں تو وقتی طور پر لفظ ”زاوی مقام“ س
ے ”زاوی“ خارج کر کے اور $\OML/zplm/m/it/10 ^^R$ \TU/JameelNooriNastaleeq(2)/b/n
/10 علامت کی جگہ $\OML/zplm/m/it/10 x$ \TU/JameelNooriNastaleeq(2)/b/n/10 استعم
ال کر کے مسئلے کو باب 2 کی ترقیم میں لے جائیں۔ آپ[]
 []

LaTeX Info: Redefining \rmfamily on input line 187.
LaTeX Info: Redefining \sffamily on input line 187.
LaTeX Info: Redefining \ttfamily on input line 187.
LaTeX Info: Redefining \rmfamily on input line 187.
LaTeX Info: Redefining \sffamily on input line 187.
LaTeX Info: Redefining \ttfamily on input line 187.

Underfull \hbox (badness 10000) in paragraph at lines 187--188
[]\TU/JameelNooriNastaleeq(2)/b/n/10 قرص کے زاوی مقام سے مراد اس پر کھینچی حوال
ہ لکیر کا مقام $\OML/zplm/m/it/10 ^^R\OT1/zplm/m/n/10 (\OML/zplm/m/it/10 t\OT1/
zplm/m/n/10 )$ \TU/JameelNooriNastaleeq(2)/b/n/10 ہے، جو مساوات [][]۱۰.۹[][] []
دیتی ہے؛ لہٰذا ہم مساوات [][]۱۰.۹[][] []ترسیم کرتے ہیں؛ نتیجہ شکل[]
 []

LaTeX Info: Redefining \rmfamily on input line 190.
LaTeX Info: Redefining \sffamily on input line 190.
LaTeX Info: Redefining \ttfamily on input line 190.

Underfull \hbox (badness 10000) in paragraph at lines 189--191
[][]\TU/AASameerSagarNastaleeqBold(0)/m/n/10 حساب: \TU/JameelNooriNastaleeq(2)/
b/n/10 قرص اور حوالہ لکیر کا مقام کسی مخصوص لمحے پر خاکہ بنانے کے لئے ضروری ہے 
کہ اس لمحے پر ہمیں $\OML/zplm/m/it/10 ^^R$ \TU/JameelNooriNastaleeq(2)/b/n/10 م
علوم ہو، جو مساوات [][]۱۰.۹[][] []میں لمحے کا[]
 []

[76]
LaTeX Info: Redefining \rmfamily on input line 214.
LaTeX Info: Redefining \sffamily on input line 214.
LaTeX Info: Redefining \ttfamily on input line 214.
LaTeX Info: Redefining \rmfamily on input line 223.
LaTeX Info: Redefining \sffamily on input line 223.
LaTeX Info: Redefining \ttfamily on input line 223.
LaTeX Info: Redefining \rmfamily on input line 225.
LaTeX Info: Redefining \sffamily on input line 225.
LaTeX Info: Redefining \ttfamily on input line 225.

Underfull \hbox (badness 10000) in paragraph at lines 229--231
[]\TU/JameelNooriNastaleeq(2)/b/n/10 اس تفاعل ، $\OML/zplm/m/it/10 !\OT1/zplm/m
/n/10 (\OML/zplm/m/it/10 t\OT1/zplm/m/n/10 )$\TU/JameelNooriNastaleeq(2)/b/n/10
 ، کی ترسیم شکل 10.5c میں پیش ہے۔ یہ تفاعل خطی ہے لہٰذا اس کی ترسیم ایک سیدھی ل
کیر ہے۔ ترسیم کی ڈھلوان[]
 []

LaTeX Info: Redefining \rmfamily on input line 233.
LaTeX Info: Redefining \sffamily on input line 233.
LaTeX Info: Redefining \ttfamily on input line 233.
[77]
LaTeX Info: Redefining \rmfamily on input line 239.
LaTeX Info: Redefining \sffamily on input line 239.
LaTeX Info: Redefining \ttfamily on input line 239.

Underfull \hbox (badness 10000) in paragraph at lines 261--262
[][]\TU/JameelNooriNastaleeq(2)/b/n/10 (ا) لٹو کی زاوی سمتی رفتار $\OML/zplm/m/
it/10 !\OT1/zplm/m/n/10 (\OML/zplm/m/it/10 t\OT1/zplm/m/n/10 )$ \TU/JameelNoori
Nastaleeq(2)/b/n/10 کا ریاضی فقرہ حاصل کریں؛ یعنی ایسا تفاعل معلوم کریں جو وقت 
پر زاوی سمتی رفتار کا انحصار صریحاً دے۔ (ہم جانتے ہیں ایسا[]
 []

LaTeX Info: Redefining \rmfamily on input line 267.
LaTeX Info: Redefining \sffamily on input line 267.
LaTeX Info: Redefining \ttfamily on input line 267.
[78]
LaTeX Info: Redefining \rmfamily on input line 293.
LaTeX Info: Redefining \sffamily on input line 293.
LaTeX Info: Redefining \ttfamily on input line 293.

Underfull \hbox (badness 10000) in paragraph at lines 308--309
[]\TU/JameelNooriNastaleeq(2)/b/n/10 ہم اکیلے ذرے کا مقام، سمتی رفتار، اور اسرا
ع سمتیات سے بیان کر سکتے ہیں۔ اگر ذرہ صرف ایک محور پر حرکت کرتا ہو، سمتی ترقیم 
استعمال کرنا ضرورت[]
 []


Underfull \hbox (badness 10000) in paragraph at lines 310--311
[][]\TU/JameelNooriNastaleeq(2)/b/n/10 اسی طرح استوار جسم قائمہ محور پر ، محور 
کے ہمراہ دیکھتے ہوئے، صرف خلاف گھڑی اور گھڑی وار گھوم سکتا ہے۔ان رخ کو ہم مثبت 
اور منفی سے ظاہر کر سکتے ہیں۔[]
 []


Underfull \hbox (badness 10000) in paragraph at lines 310--311
[]\TU/JameelNooriNastaleeq(2)/b/n/10 یہاں ایک سوال اٹھتا ہے: ”کیا ہم گھومتے جسم
 کے زاوی ہٹاو، زاوی سمتی رفتار، اور زاوی اسراع کو سمتیات سمجھ سکتے ہیں؟“ اس کا 
جواب ہے ”جی ہاں“ (زاوی[]
 []


Underfull \hbox (badness 10000) in paragraph at lines 312--313
[]\TU/JameelNooriNastaleeq(2)/b/n/10 دکھایا گیا ہے۔ جیسا شکل 10.6b میں دکھایا گ
یا ہے، ہم اس کی سمتی زاوی رفتار گھماو کے محور پر سمتیہ $[]$ سے ظاہر کر سکتے ہیں
۔ اس کا طریقہ کار یوں ہے:[]
 []


Underfull \hbox (badness 10000) in paragraph at lines 312--313
[]\TU/JameelNooriNastaleeq(2)/b/n/10 سمتیہ کی لمبائی کسی موزوں پیمانہ کے تحت رک
ھی جاتی ہے، مثلاً $\OT1/ppl/m/n/10 1 []$ \TU/JameelNooriNastaleeq(2)/b/n/10 کو 
$\OT1/ppl/m/n/10 10$ \TU/JameelNooriNastaleeq(2)/b/n/10 چکر فی منٹ کی مطابقت سے
 رکھ جا سکتا ہے۔ اس کے بعد $[]$ کا رخ تعین[]
 []

[79]
Underfull \hbox (badness 10000) in paragraph at lines 314--315
[][]\TU/JameelNooriNastaleeq(2)/b/n/10 زاوی مقادیر سمتیات سے ظاہر کرنے کی عادت 
مشکل سے ڈلتی ہے۔ ہم فوراً سوچتے ہیں کہ سمتیہ کے ہمراہ کوئی چیز حرکت کرے گی۔یہاں
 ایسا نہیں ہو گا۔ اس[]
 []


Underfull \hbox (badness 10000) in paragraph at lines 314--315
[]\TU/JameelNooriNastaleeq(2)/b/n/10 کے بجائے کوئی چیز (جیسا استوار جسم) سمتیہ 
کے رخ کے \TU/JameelNooriNastaleeq(0)/m/n/9 گرد  \TU/JameelNooriNastaleeq(2)/b/n
/10 گھومتی ہے۔ خالص گھماو کی دنیا میں، سمتیہ کا رخ کسی چیز کی حرکت کا رخ نہیں ب
لکہ گھماو کی محور دیگا۔[]
 []


Underfull \hbox (badness 10000) in paragraph at lines 314--315
[]\TU/JameelNooriNastaleeq(2)/b/n/10 بہرحال، سمتیہ حرکت بھی تعین کرتا ہے۔مزید، 
یہ سمتیات سلجھانے کے ان تمام قواعد کی تعمیل کرتا ہے جو باب 3 میں پیش کیے گئے۔ ز
اوی اسراع $[]$ بھی[]
 []


Underfull \hbox (badness 10000) in paragraph at lines 316--317
[][]\TU/JameelNooriNastaleeq(2)/b/n/10 اس باب میں صرف قائمہ محور پر گھماو کی با
ت کی جائے گی۔ ان میں سمتیات استعمال کرنے کی ضرورت نہیں؛ ہم زاوی سمتی رفتار کو $
\OML/zplm/m/it/10 !$ \TU/JameelNooriNastaleeq(2)/b/n/10 اور زاوی اسراع کو $\OML
/zplm/m/it/10 ^^K$[]
 []


Underfull \hbox (badness 10000) in paragraph at lines 318--319
[][]\TU/AASameerSagarNastaleeqBold(0)/m/n/10 زاوی ہٹاو۔ \TU/JameelNooriNastalee
q(2)/b/n/10 پہلے انتباہ کی بات کرتے ہیں: زاوی ہٹاو (ماسوائے انتہائی چھوٹا ہٹاو)
 کو سمتیہ سے ظاہر نہیں کیا جا سکتا۔ کیوں نہیں؟ ہم یقیناً اس کے رخ اور قدر کی[]
 []


Underfull \hbox (badness 7981) in paragraph at lines 318--319
[]\TU/JameelNooriNastaleeq(2)/b/n/10 بات کر سکتے ہیں، جیسا شکل 10.6 میں زاوی سم
تی رفتار کے لئے کیا گیا۔ تاہم، سمتیہ سے ظاہر کیے جانے کے قابل ہونے کے لئے ضروری
 ہے کہ مقدار سمتی جمع[]
 []


Underfull \hbox (badness 10000) in paragraph at lines 320--321
[][]\TU/JameelNooriNastaleeq(2)/b/n/10 شکل 10.7 میں دی گئی مثال پر غور کریں۔ ای
ک کتاب کو، جو ابتدائی طور پر افقی پڑی ہے، دو مرتبہ $\OT1/ppl/m/n/10 90[]$ \TU/J
ameelNooriNastaleeq(2)/b/n/10 زاوی ہٹاو سے گزارا گیا ہے؛ ایک مرتبہ شکل[]
 []


Underfull \hbox (badness 10000) in paragraph at lines 320--321
[]\TU/JameelNooriNastaleeq(2)/b/n/10 10.7a اور دوسری مرتبہ شکل 10.7b کی طرح۔ دو
نوں میں ہٹاو برابر، لیکن ترتیب ایک نہیں، اور آخر میں کتاب ایک جیسی سمت بند نہیں
۔ دوسری مثال[]
 []


Underfull \hbox (badness 10000) in paragraph at lines 320--321
[]\TU/JameelNooriNastaleeq(2)/b/n/10 ہاتھ واپس نیچے ران تک لے جائیں۔ آپ کی ہتھی
لی اب سامنے رخ ہو گی۔ اگر آپ یہی عمل الٹ ترتیب سے دہرائیں، آپ کی ہتھیلی آخر میں
 کس رخ ہو گی؟ ان[]
 []

LaTeX Info: Redefining \rmfamily on input line 329.
LaTeX Info: Redefining \sffamily on input line 329.
LaTeX Info: Redefining \ttfamily on input line 329.

Underfull \hbox (badness 10000) in paragraph at lines 329--330
[][]\TU/JameelNooriNastaleeq(2)/b/n/10 مستقل زاوی اسراع کی صورت میں زاوی مقام، 
زاوی ہٹاو، زاوی سمتی رفتار، زاوی اسراع، اور گزرے دارانیے کے تعلق (جدول [][]۱۰.۱
[][][]) استعمال کر پائیں[]
 []


Underfull \vbox (badness 10000) has occurred while \output is active []

 [80]
Underfull \hbox (badness 10000) in paragraph at lines 346--347
[]\TU/JameelNooriNastaleeq(2)/b/n/10 مستقیم حرکت میں  \TU/JameelNooriNastaleeq(
0)/m/n/9 مستقل خطی اسراع \TU/JameelNooriNastaleeq(2)/b/n/10 کی حرکت (مثلاً، زمی
ن پر گرتا ہوا جسم) ایک اہم خصوصی صورت ہے۔ جدول 2.1 میں اس طرح کی حرکت کو مطمئن 
کرتی[]
 []

LaTeX Info: Redefining \rmfamily on input line 348.
LaTeX Info: Redefining \sffamily on input line 348.
LaTeX Info: Redefining \ttfamily on input line 348.
LaTeX Info: Redefining \rmfamily on input line 348.
LaTeX Info: Redefining \sffamily on input line 348.
LaTeX Info: Redefining \ttfamily on input line 348.
LaTeX Info: Redefining \rmfamily on input line 348.
LaTeX Info: Redefining \sffamily on input line 348.
LaTeX Info: Redefining \ttfamily on input line 348.

Underfull \hbox (badness 10000) in paragraph at lines 348--375
[][]\TU/JameelNooriNastaleeq(2)/b/n/10 خالص گھماو میں  \TU/JameelNooriNastaleeq
(0)/m/n/9 مستقل زاوی اسراع  \TU/JameelNooriNastaleeq(2)/b/n/10 ایک اہم خصوصی صو
رت ہے؛ اس کو مطمئن کرنے والی مطابقتی مساوات پائی جاتی ہیں۔ ہم انہیں یہاں اخذ نہ
یں کریں گے،[]
 []


Underfull \hbox (badness 10000) in paragraph at lines 348--375
[]\TU/JameelNooriNastaleeq(2)/b/n/10 بلکہ مطابقتی خطی مساوات میں مساوی زاوی متغ
یرات ڈال کر انہیں پیش کرتے ہیں۔ جدول [][]۱۰.۱[][] []میں مساوات کی دونوں فہرست (
مساوات 2.11 اور مساوات[]
 []

LaTeX Info: Redefining \rmfamily on input line 377.
LaTeX Info: Redefining \sffamily on input line 377.
LaTeX Info: Redefining \ttfamily on input line 377.
LaTeX Info: Redefining \rmfamily on input line 377.
LaTeX Info: Redefining \sffamily on input line 377.
LaTeX Info: Redefining \ttfamily on input line 377.
LaTeX Info: Redefining \rmfamily on input line 377.
LaTeX Info: Redefining \sffamily on input line 377.
LaTeX Info: Redefining \ttfamily on input line 377.
LaTeX Info: Redefining \rmfamily on input line 377.
LaTeX Info: Redefining \sffamily on input line 377.
LaTeX Info: Redefining \ttfamily on input line 377.

Underfull \hbox (badness 10000) in paragraph at lines 377--378
[][]\TU/JameelNooriNastaleeq(2)/b/n/10 یاد رہے مساوات 2.11 اور مساوات 2.15 مستق
ل خطی اسراع کی بنیادی مساوات ہیں، جن سے فہرست کی باقی تمام مساوات اخذ کی جا سکت
ی ہیں۔ اس طرح،[]
 []


Underfull \hbox (badness 10000) in paragraph at lines 377--378
[]\TU/JameelNooriNastaleeq(2)/b/n/10 مساوات [][]۱۰.۱۲[][] []اور مساوات [][]۱۰.۱
۳[][] []مستقل زاوی اسراع کی بنیادی مساوات ہیں، جن سے زاوی مساوات کی فہرست کی با
قی تمام مساوات اخذ کی جا سکتی ہیں۔[]
 []


Underfull \hbox (badness 10000) in paragraph at lines 377--378
[]\TU/JameelNooriNastaleeq(2)/b/n/10 مستقل زاوی اسراع کا سادہ مسئلہ حل کرنے کے 
لئے آپ عموماً زاوی فہرست سے (اگر یہ فہرست آپ کے پاس موجود ہو) ایک مساوات استعما
ل کر پائیں گے۔[]
 []


Underfull \hbox (badness 10000) in paragraph at lines 377--378
[]\TU/JameelNooriNastaleeq(2)/b/n/10 آپ وہ مساوات منتخب کریں گے جس میں صرف وہ م
تغیر غیر معلوم ہو جو آپ کو درکار ہو۔ بہتر طریقہ یہ ہو گا کہ آپ مساوات [][]۱۰.۱۲
[][] []اور مساوات [][]۱۰.۱۳[][] []یاد کر[]
 []

[81]
LaTeX Info: Redefining \rmfamily on input line 381.
LaTeX Info: Redefining \sffamily on input line 381.
LaTeX Info: Redefining \ttfamily on input line 381.
LaTeX Info: Redefining \rmfamily on input line 392.
LaTeX Info: Redefining \sffamily on input line 392.
LaTeX Info: Redefining \ttfamily on input line 392.
LaTeX Info: Redefining \rmfamily on input line 392.
LaTeX Info: Redefining \sffamily on input line 392.
LaTeX Info: Redefining \ttfamily on input line 392.

Underfull \hbox (badness 6380) in paragraph at lines 411--413
[]\TU/JameelNooriNastaleeq(2)/b/n/10 ہے۔ ابتدائی زاوی رفتار اور زاوی اسراع کی ع
لامتیں الٹ ہونے کی بدولت پاٹ منفی رخ چلتے چلتے بتدریج آہستہ ہوتے رک کر مثبت رخ 
گھومنا شروع کرتا ہے۔[]
 []

LaTeX Info: Redefining \rmfamily on input line 417.
LaTeX Info: Redefining \sffamily on input line 417.
LaTeX Info: Redefining \ttfamily on input line 417.

Underfull \hbox (badness 10000) in paragraph at lines 416--418
[][]\TU/AASameerSagarNastaleeqBold(0)/m/n/10 حساب: \TU/JameelNooriNastaleeq(2)/
b/n/10 ہم دوبارہ زاوی مساوات کی فہرست پر نظر ڈالتے ہیں اور ایسی مساوات لینا چاہ
تے ہیں جس میں صرف $\OML/zplm/m/it/10 t$ \TU/JameelNooriNastaleeq(2)/b/n/10 نا م
علوم متغیر ہو۔ تاہم، اب مساوات میں[]
 []

[82]
Underfull \hbox (badness 10000) in paragraph at lines 425--427
[]\TU/JameelNooriNastaleeq(2)/b/n/10 تفریح گاہ میں ایک بڑا پہیا چلاتے ہوئے آپ ک
ی نظر پہیے پر سوار ایک شخص پر پڑتی ہے جو پریشان نظر آتا ہے۔آپ پہیے کی زاوی سمتی
 رفتار مستقل زاوی اسراع[]
 []


Underfull \hbox (badness 10000) in paragraph at lines 425--427
[]\TU/JameelNooriNastaleeq(2)/b/n/10 کے ساتھ $\OT1/ppl/m/n/10 3.40 [] s[]$ \TU/
JameelNooriNastaleeq(2)/b/n/10 سے $\OT1/ppl/m/n/10 20.0$ \TU/JameelNooriNastale
eq(2)/b/n/10 چکروں میں کم کر کے $\OT1/ppl/m/n/10 2.00 [] s[]$ \TU/JameelNooriNa
staleeq(2)/b/n/10 کرتے ہیں۔ (اس شخص کو ”گھومتا شخص“ تصور کرنے سے[]
 []

LaTeX Info: Redefining \rmfamily on input line 431.
LaTeX Info: Redefining \sffamily on input line 431.
LaTeX Info: Redefining \ttfamily on input line 431.
LaTeX Info: Redefining \rmfamily on input line 431.
LaTeX Info: Redefining \sffamily on input line 431.
LaTeX Info: Redefining \ttfamily on input line 431.

Underfull \hbox (badness 1533) in paragraph at lines 433--435
[][]\TU/AASameerSagarNastaleeqBold(0)/m/n/10 حساب: \TU/JameelNooriNastaleeq(2)/
b/n/10 آئیں دیکھیں آیا ہم ان بنیادی مساوات کو حل کر پائیں گے۔ ابتدائی زاوی سمتی
 رفتار $\OML/zplm/m/it/10 ![] \OT1/zplm/m/n/10 = \OT1/ppl/m/n/10 3.40 [] s[]$\T
U/JameelNooriNastaleeq(2)/b/n/10 ، زاوی ہٹاو $\OML/zplm/m/it/10 ^^R \OMS/zplm/m
/n/10 ^^@$[]
 []

LaTeX Info: Redefining \rmfamily on input line 436.
LaTeX Info: Redefining \sffamily on input line 436.
LaTeX Info: Redefining \ttfamily on input line 436.
LaTeX Info: Redefining \rmfamily on input line 440.
LaTeX Info: Redefining \sffamily on input line 440.
LaTeX Info: Redefining \ttfamily on input line 440.
LaTeX Info: Redefining \rmfamily on input line 452.
LaTeX Info: Redefining \sffamily on input line 452.
LaTeX Info: Redefining \ttfamily on input line 452.
[83]
Underfull \hbox (badness 10000) in paragraph at lines 467--469
[][]\TU/JameelNooriNastaleeq(2)/b/n/10 قائمہ محور پر گھومتے ہوئے استوار جسم کے 
زاوی متغیرات (زاوی مقام، زاوی سمتی رفتار، اور زاوی اسراع) کا جسم پر ایک ذرے ، ج
و کسی رداس پر پایا جاتا ہو،[]
 []


Underfull \hbox (badness 10000) in paragraph at lines 469--470
[][]\TU/JameelNooriNastaleeq(2)/b/n/10 مماسی اسراع اور رداسی اسراع میں تمیز کر 
پائیں گے، اور کسی محور پر گھومتے ہوئے جسم پر موجود ذرے کے لئے بڑھتی زاوی رفتار 
اور گھٹتی زاوی رفتار کی[]
 []


Underfull \hbox (badness 10000) in paragraph at lines 472--473
[][]
 []


Underfull \hbox (badness 10000) in paragraph at lines 475--476
[][]\TU/JameelNooriNastaleeq(2)/b/n/10 گھومتے جسم پر محور گھماو سے عمودی فاصلہ 
$\OML/zplm/m/it/10 r$ \TU/JameelNooriNastaleeq(2)/b/n/10 پر پائے جانے والا نقطہ
، رداس $\OML/zplm/m/it/10 r$ \TU/JameelNooriNastaleeq(2)/b/n/10 کے دائرے پر حرک
ت کرتا ہے۔ اگر جسم زاویہ $\OML/zplm/m/it/10 ^^R$ \TU/JameelNooriNastaleeq(2)/b/
n/10 گھومے، یہ نقطہ[]
 []


Underfull \hbox (badness 10000) in paragraph at lines 485--486
[][]\TU/JameelNooriNastaleeq(2)/b/n/10 اس نقطے کے خطی اسراع $[]$ کے دو حصے ہوں 
گے؛ ایک مماسی جزو اور دوسرا رداسی جزو۔ مماسی جزو ذیل ہو گا، جہاں $\OML/zplm/m/i
t/10 ^^K$ \TU/JameelNooriNastaleeq(2)/b/n/10 جسم کے (ریڈیئن فی مربع[]
 []


Underfull \hbox (badness 10000) in paragraph at lines 502--503
[]\TU/JameelNooriNastaleeq(2)/b/n/10 محور گھماو کے گرد دائرے پر مستقل خطی رفتار
 $\OML/zplm/m/it/10 v$ \TU/JameelNooriNastaleeq(2)/b/n/10 کے ساتھ حرکت کرتے ہوئ
ے ذرے کی یکساں دائری حرکت پر حصہ 4.5 میں غور کیا گیا۔ جب استوار جسم[]
 []


Underfull \hbox (badness 10000) in paragraph at lines 502--503
[]\TU/JameelNooriNastaleeq(2)/b/n/10 کسی محور پر گھومتا ہے، جسم کا پر ذرہ اپنے 
ایک دائرے پر اسی محور کے گرد گھومتا ہے۔ چونکہ جسم استوار (بلا لچک) ہے، ایسے تما
م ذرے ہم قدم چل کر ایک جتنے[]
 []

LaTeX Info: Redefining \rmfamily on input line 504.
LaTeX Info: Redefining \sffamily on input line 504.
LaTeX Info: Redefining \ttfamily on input line 504.

Underfull \hbox (badness 10000) in paragraph at lines 504--505
[][]\TU/JameelNooriNastaleeq(2)/b/n/10 تاہم، ایک ذرہ جتنا محور سے دور ہو گا، ات
نا اس کے دائرے کا محیط بڑا ہو گا، لہٰذا اس کی خطی رفتار $\OML/zplm/m/it/10 v$ \
TU/JameelNooriNastaleeq(2)/b/n/10 اتنی زیادہ ہو گی۔ \TU/AASameerSagarNastaleeqB
old(0)/m/n/10 گھومنے والے جھولے [][] \TU/JameelNooriNastaleeq(2)/b/n/10 پر بیٹھ
 کر[]
 []


Underfull \hbox (badness 10000) in paragraph at lines 504--505
[]\TU/JameelNooriNastaleeq(2)/b/n/10 آپ اسے محسوس کر سکتے ہیں۔ مرکز سے جتنے فاص
لے پر بھی آپ ہوں، آپ کی زاوی رفتار $\OML/zplm/m/it/10 !$ \TU/JameelNooriNastale
eq(2)/b/n/10 ایک جتنی ہو گی، تاہم مرکز سے دور ہونے پر آپ کی خطی رفتار $\OML/zpl
m/m/it/10 v$[]
 []

[84]
Underfull \hbox (badness 10000) in paragraph at lines 506--507
[][]\TU/JameelNooriNastaleeq(2)/b/n/10 ہم جسم پر کسی مخصوص نقطے کے خطی متغیرات 
$\OML/zplm/m/it/10 s$\TU/JameelNooriNastaleeq(2)/b/n/10 ، $\OML/zplm/m/it/10 v$
\TU/JameelNooriNastaleeq(2)/b/n/10 ، اور $\OML/zplm/m/it/10 a$ \TU/JameelNooriN
astaleeq(2)/b/n/10 اور سی جسم کے زاوی متغیرات $\OML/zplm/m/it/10 ^^R$\TU/Jameel
NooriNastaleeq(2)/b/n/10 ، $\OML/zplm/m/it/10 !$\TU/JameelNooriNastaleeq(2)/b/n
/10 ، اور $\OML/zplm/m/it/10 ^^K$ \TU/JameelNooriNastaleeq(2)/b/n/10 کا تعلق جا
ننا چاہتے ہیں۔ متغیرات کی ان[]
 []


Underfull \hbox (badness 10000) in paragraph at lines 506--507
[]\TU/JameelNooriNastaleeq(2)/b/n/10 فہرست کا رشتہ  \TU/JameelNooriNastaleeq(0)
/m/n/9 محور گھماو سے نقطے کے عمودی فاصلہ  $\OML/zplm/m/it/10 r$ \TU/JameelNoori
Nastaleeq(2)/b/n/10 کے ذریعے ہو گا۔ یہ عمودی فاصلہ ، نقطے اور محور گھماو کے بیچ
 عمودی لکیر پر ناپا جائے گا۔ یہ فاصلہ اس دائرے[]
 []

LaTeX Info: Redefining \rmfamily on input line 510.
LaTeX Info: Redefining \sffamily on input line 510.
LaTeX Info: Redefining \ttfamily on input line 510.

Underfull \hbox (badness 10000) in paragraph at lines 510--512
[]\TU/JameelNooriNastaleeq(2)/b/n/10 اگر استوار جسم پر کھینچی گئی حوالہ لکیر زا
ویہ $\OML/zplm/m/it/10 ^^R$ \TU/JameelNooriNastaleeq(2)/b/n/10 گھومے، محور گھما
و سے $\OML/zplm/m/it/10 r$ \TU/JameelNooriNastaleeq(2)/b/n/10 فاصلے پر موجود جس
م کے اندر نقطہ دائری قوس پر فاصلہ $\OML/zplm/m/it/10 s$ \TU/JameelNooriNastalee
q(2)/b/n/10 طے کرے گا، جہاں $\OML/zplm/m/it/10 s$ \TU/JameelNooriNastaleeq(2)/b
/n/10 کی[]
 []

LaTeX Info: Redefining \rmfamily on input line 515.
LaTeX Info: Redefining \sffamily on input line 515.
LaTeX Info: Redefining \ttfamily on input line 515.

Underfull \hbox (badness 10000) in paragraph at lines 514--516
[]\TU/JameelNooriNastaleeq(2)/b/n/10 مساوات [][]۱۰.۱۷[][] []ہمارا پہلی خطی و زا
وی تعلق ہے۔ \TU/JameelNooriNastaleeq(0)/m/n/9 انتباہ: \TU/JameelNooriNastaleeq(
2)/b/n/10 زاویہ $\OML/zplm/m/it/10 ^^R$\TU/JameelNooriNastaleeq(2)/b/n/10 کا نا
پ ریڈیئن میں لازمی ہے چونکہ درج بالا مساوات زاویے کے ریڈیئن میں ناپ کی تعریف[]
 []

LaTeX Info: Redefining \rmfamily on input line 518.
LaTeX Info: Redefining \sffamily on input line 518.
LaTeX Info: Redefining \ttfamily on input line 518.
LaTeX Info: Redefining \rmfamily on input line 529.
LaTeX Info: Redefining \sffamily on input line 529.
LaTeX Info: Redefining \ttfamily on input line 529.

Underfull \hbox (badness 10000) in paragraph at lines 529--530
[][]\TU/JameelNooriNastaleeq(2)/b/n/10 استوار جسم کے تمام اندرونی نقطے ایک زاوی
 رفتار $\OML/zplm/m/it/10 !$ \TU/JameelNooriNastaleeq(2)/b/n/10 سے گھومتے ہیں ل
ہٰذا مساوات [][]۱۰.۱۸[][] []کہتی ہے زیادہ رداس $\OML/zplm/m/it/10 r$ \TU/Jameel
NooriNastaleeq(2)/b/n/10 پر واقع نقطے کی خطی رفتار $\OML/zplm/m/it/10 v$ \TU/Ja
meelNooriNastaleeq(2)/b/n/10 زیادہ ہو گی۔[]
 []

LaTeX Info: Redefining \rmfamily on input line 531.
LaTeX Info: Redefining \sffamily on input line 531.
LaTeX Info: Redefining \ttfamily on input line 531.

Underfull \hbox (badness 10000) in paragraph at lines 531--533
[][]\TU/JameelNooriNastaleeq(2)/b/n/10 اگر جسم کا زاوی رفتار $\OML/zplm/m/it/10
 w$ \TU/JameelNooriNastaleeq(2)/b/n/10 مستقل ہو، مساوات [][]۱۰.۱۸[][] []کہتی ہے
 جسم کے اندر نقطے کی خطی رفتار $\OML/zplm/m/it/10 v$ \TU/JameelNooriNastaleeq(2
)/b/n/10 بھی مستقل ہو گی۔یوں، جسم کے اندر موجود ہر نقطہ یکساں[]
 []

LaTeX Info: Redefining \rmfamily on input line 536.
LaTeX Info: Redefining \sffamily on input line 536.
LaTeX Info: Redefining \ttfamily on input line 536.

Underfull \hbox (badness 10000) in paragraph at lines 535--538
[]\TU/JameelNooriNastaleeq(2)/b/n/10 اس مساوات کے تحت ، ایک چکر کے فاصلے $\OT1/
ppl/m/n/10 2\OML/zplm/m/it/10 ^^Yr$ \TU/JameelNooriNastaleeq(2)/b/n/10 کو اس رف
تار سے تقسیم کر کے جس سے فاصلہ طے کیا جائے ، ایک چکر کا وقت حاصل ہو گا۔ مساوات 
[][]۱۰.۱۸[][][]
 []

[85]
Underfull \hbox (badness 10000) in paragraph at lines 540--542
[]\TU/JameelNooriNastaleeq(2)/b/n/10 یہ معادل مساوات کہتی ہے ایک چکر کا زاوی فا
صلہ ، $\OT1/ppl/m/n/10 2\OML/zplm/m/it/10 ^^Y$ \TU/JameelNooriNastaleeq(2)/b/n/
10 ریڈیئن ، اس زاوی رفتار سے تقسیم کر کے ، جس سے زاوی فاصلہ طے کیا جائے، ایک چک
ر کا وقت[]
 []

LaTeX Info: Redefining \rmfamily on input line 544.
LaTeX Info: Redefining \sffamily on input line 544.
LaTeX Info: Redefining \ttfamily on input line 544.
LaTeX Info: Redefining \rmfamily on input line 549.
LaTeX Info: Redefining \sffamily on input line 549.
LaTeX Info: Redefining \ttfamily on input line 549.

Underfull \hbox (badness 10000) in paragraph at lines 548--551
[]\TU/JameelNooriNastaleeq(2)/b/n/10 یہاں ہم ایک پیچیدگی کا سامنا کرتے ہیں۔ مسا
وات [][]۱۰.۲۱[][] []کا بایاں ہاتھ $[] \OML/zplm/m/it/10 v \OT1/zplm/m/n/10 /  [
] \OML/zplm/m/it/10 t$ \TU/JameelNooriNastaleeq(2)/b/n/10 خطی اسراع کے صرف اس ح
صے کو ظاہر کرتا ہے جو خطی سمتی رفتار $[]$ کی[]
 []


Underfull \hbox (badness 10000) in paragraph at lines 548--551
[]\TU/JameelNooriNastaleeq(0)/m/n/9 قدر  $\OML/zplm/m/it/10 v$ \TU/JameelNooriN
astaleeq(2)/b/n/10 کی تبدیلی کا ذمہ دار ہے۔ سمتی رفتار $[]$ کی طرح خطی اسراع کا
 یہ حصہ نقطے کی راہ کو مماسی ہو گا۔ہم اسے خطی اسراع کا  \TU/JameelNooriNastalee
q(0)/m/n/9 مماسی جزو  $\OML/zplm/m/it/10 a[]$ \TU/JameelNooriNastaleeq(2)/b/n/1
0 کہہ کر ذیل لکھتے[]
 []

LaTeX Info: Redefining \rmfamily on input line 554.
LaTeX Info: Redefining \sffamily on input line 554.
LaTeX Info: Redefining \ttfamily on input line 554.
LaTeX Info: Redefining \rmfamily on input line 557.
LaTeX Info: Redefining \sffamily on input line 557.
LaTeX Info: Redefining \ttfamily on input line 557.

Underfull \hbox (badness 10000) in paragraph at lines 553--559
[]\TU/JameelNooriNastaleeq(0)/m/n/9 انتباہ: \TU/JameelNooriNastaleeq(2)/b/n/10 
مساوات [][]۱۰.۲۲[][] []میں زاوی اسراع $\OML/zplm/m/it/10 ^^K$ \TU/JameelNooriNa
staleeq(2)/b/n/10 کا ریڈیئن ناپ میں ہونا لازم ہے۔ ساتھ ہی، جیسا مساوات 4.34 ہمی
ں بتاتی ہے، دائری راہ پر گامزن ذرے (یا[]
 []

LaTeX Info: Redefining \rmfamily on input line 562.
LaTeX Info: Redefining \sffamily on input line 562.
LaTeX Info: Redefining \ttfamily on input line 562.
LaTeX Info: Redefining \rmfamily on input line 562.
LaTeX Info: Redefining \sffamily on input line 562.
LaTeX Info: Redefining \ttfamily on input line 562.

Underfull \hbox (badness 10000) in paragraph at lines 561--563
[]\TU/JameelNooriNastaleeq(2)/b/n/10 یوں، جیسا شکل 10.9b میں دکھایا گیا ہے، است
وار گھومتے جسم پر نقطے کے خطی اسراع کے عموماً دو جزو ہوں گے۔جب بھی جسم کی زاوی 
سمتی رفتار غیر صفر ہو،[]
 []


Underfull \hbox (badness 10000) in paragraph at lines 561--563
[]\TU/JameelNooriNastaleeq(2)/b/n/10 رداسی اندر کی طرف کا جزو $\OML/zplm/m/it/1
0 a[]$ \TU/JameelNooriNastaleeq(2)/b/n/10 موجود ہو گا (جو مساوات [][]۱۰.۲۳[][] 
[]دیتی ہے)۔ مماسی جزو $\OML/zplm/m/it/10 a[]$ \TU/JameelNooriNastaleeq(2)/b/n/1
0 (جو مساوات [][]۱۰.۲۱[][] []دیتی ہے) اس صورت ہو گا جب زاوی اسراع[]
 []


Underfull \hbox (badness 10000) in paragraph at lines 566--567
[][]\TU/JameelNooriNastaleeq(2)/b/n/10 گھومنے والے جھولے کے حلقہ پر چیونٹی بیٹھ
ی ہے۔ اگر اس نظام (گھومنا والا جھولا و چیونٹی) کی زاوی سمتی رفتار مستقل ہو، کیا
 چیونٹی کا (ا) رداسی اسراع اور (ب)[]
 []


Underfull \hbox (badness 10000) in paragraph at lines 571--573
[]\TU/JameelNooriNastaleeq(2)/b/n/10 پہیے جتنا ہو گا۔) سوار حلقے کے بیرونی دیوا
ر میں موجود دروازے سے داخل ہو کر اس دیوار کے ساتھ کھڑے ہوں گے (شکل 10.10a)۔ حلق
ے پر حوالہ لکیر کا[]
 []

[86]
LaTeX Info: Redefining \rmfamily on input line 579.
LaTeX Info: Redefining \sffamily on input line 579.
LaTeX Info: Redefining \ttfamily on input line 579.
LaTeX Info: Redefining \rmfamily on input line 579.
LaTeX Info: Redefining \sffamily on input line 579.
LaTeX Info: Redefining \ttfamily on input line 579.
LaTeX Info: Redefining \rmfamily on input line 579.
LaTeX Info: Redefining \sffamily on input line 579.
LaTeX Info: Redefining \ttfamily on input line 579.
LaTeX Info: Redefining \rmfamily on input line 579.
LaTeX Info: Redefining \sffamily on input line 579.
LaTeX Info: Redefining \ttfamily on input line 579.
LaTeX Info: Redefining \rmfamily on input line 579.
LaTeX Info: Redefining \sffamily on input line 579.
LaTeX Info: Redefining \ttfamily on input line 579.

Underfull \hbox (badness 1817) in paragraph at lines 579--580
[]\TU/JameelNooriNastaleeq(2)/b/n/10 (1)مساوات [][]۱۰.۶[][] []زاوی رفتار $\OML/
zplm/m/it/10 !$ \TU/JameelNooriNastaleeq(2)/b/n/10 دیتی ہے۔ (2) مساوات [][]۱۰.۱
۸[][] []( دائری راہ پر) خطی رفتار $\OML/zplm/m/it/10 v$ \TU/JameelNooriNastalee
q(2)/b/n/10 اور (محور گھماو کے گرد) زاوی رفتار $\OML/zplm/m/it/10 !$ \TU/Jameel
NooriNastaleeq(2)/b/n/10 کا تعلق $\OML/zplm/m/it/10 v \OT1/zplm/m/n/10 =$[]
 []

LaTeX Info: Redefining \rmfamily on input line 590.
LaTeX Info: Redefining \sffamily on input line 590.
LaTeX Info: Redefining \ttfamily on input line 590.
LaTeX Info: Redefining \rmfamily on input line 598.
LaTeX Info: Redefining \sffamily on input line 598.
LaTeX Info: Redefining \ttfamily on input line 598.

Underfull \hbox (badness 10000) in paragraph at lines 597--599
[]\TU/JameelNooriNastaleeq(2)/b/n/10 کو ردعمل کرتا ہے، خطی رفتار کو نہیں (ہم رف
تار پیما نہیں سرعت پیما ہیں)۔ مساوات [][]۱۰.۲۶[][] []کہتی ہے خطی رفتار ، وقت کے
 مربع کے ساتھ بڑھے گی( تاہم یہ[]
 []

LaTeX Info: Redefining \rmfamily on input line 600.
LaTeX Info: Redefining \sffamily on input line 600.
LaTeX Info: Redefining \ttfamily on input line 600.
LaTeX Info: Redefining \rmfamily on input line 605.
LaTeX Info: Redefining \sffamily on input line 605.
LaTeX Info: Redefining \ttfamily on input line 605.
[87]
LaTeX Info: Redefining \rmfamily on input line 613.
LaTeX Info: Redefining \sffamily on input line 613.
LaTeX Info: Redefining \ttfamily on input line 613.
LaTeX Info: Redefining \rmfamily on input line 613.
LaTeX Info: Redefining \sffamily on input line 613.
LaTeX Info: Redefining \ttfamily on input line 613.
LaTeX Info: Redefining \rmfamily on input line 617.
LaTeX Info: Redefining \sffamily on input line 617.
LaTeX Info: Redefining \ttfamily on input line 617.
LaTeX Info: Redefining \rmfamily on input line 641.
LaTeX Info: Redefining \sffamily on input line 641.
LaTeX Info: Redefining \ttfamily on input line 641.
LaTeX Info: Redefining \rmfamily on input line 641.
LaTeX Info: Redefining \sffamily on input line 641.
LaTeX Info: Redefining \ttfamily on input line 641.

Underfull \hbox (badness 10000) in paragraph at lines 644--646
[]\TU/JameelNooriNastaleeq(2)/b/n/10 ریاضی نتیجے کا بڑا فائدہ یہ ہے کہ ہم اب دی
کھ سکتے ہیں کہ (1) زاویے پر رداس کا کوئی اثر نہیں ہو گا اور (2) اس کی قیمت $\OM
L/zplm/m/it/10 t$ \TU/JameelNooriNastaleeq(2)/b/n/10 کی قیمت $\OT1/ppl/m/n/10 0
$ \TU/JameelNooriNastaleeq(2)/b/n/10 تا $\OT1/ppl/m/n/10 2.20 s$ \TU/JameelNoor
iNastaleeq(2)/b/n/10 بڑھانے[]
 []


Underfull \hbox (badness 10000) in paragraph at lines 644--646
[]\TU/JameelNooriNastaleeq(2)/b/n/10 سے گھٹتی ہے۔ رداسی اسراع (جو $\OML/zplm/m/
it/10 t[]$ \TU/JameelNooriNastaleeq(2)/b/n/10 پر منحصر ہے ) بہت جلد مماسی اسراع
( جو صرف $\OML/zplm/m/it/10 t$ \TU/JameelNooriNastaleeq(2)/b/n/10 پر منحصر ہے) 
پر غالب ہو کر سمتیہ اسراع $[]$ کو رداسی رخ موڑتا ہے۔[]
 []

[88]
Underfull \hbox (badness 10000) in paragraph at lines 665--666
[][]
 []


Underfull \hbox (badness 1867) in paragraph at lines 679--680
[]\TU/JameelNooriNastaleeq(2)/b/n/10 میز آرا کا تیزی سے گھومتا دھار دار پھل یقی
ناً گھومنے کی بنا حرکی توانائی رکھتا ہے۔ ہم اس توانائی کو کس طرح بیان کر سکتے ہ
یں؟ ہم توانائی کے عمومی کلیہ $\OML/zplm/m/it/10 K \OT1/zplm/m/n/10 =$[]
 []


Underfull \hbox (badness 10000) in paragraph at lines 681--683
[][]\TU/JameelNooriNastaleeq(2)/b/n/10 اس کے بجائے، میز آرا (اور کسی بھی دوسرے 
گھومتے استوار جسم) کو ہم مختلف رفتار سے حرکت کرتے ذروں کا مجموعہ تصور کرتے ہیں۔
 ان ذروں کی انفرادی[]
 []

LaTeX Info: Redefining \rmfamily on input line 689.
LaTeX Info: Redefining \sffamily on input line 689.
LaTeX Info: Redefining \ttfamily on input line 689.
LaTeX Info: Redefining \rmfamily on input line 689.
LaTeX Info: Redefining \sffamily on input line 689.
LaTeX Info: Redefining \ttfamily on input line 689.
[89]
LaTeX Info: Redefining \rmfamily on input line 695.
LaTeX Info: Redefining \sffamily on input line 695.
LaTeX Info: Redefining \ttfamily on input line 695.
LaTeX Info: Redefining \rmfamily on input line 695.
LaTeX Info: Redefining \sffamily on input line 695.
LaTeX Info: Redefining \ttfamily on input line 695.
LaTeX Info: Redefining \rmfamily on input line 695.
LaTeX Info: Redefining \sffamily on input line 695.
LaTeX Info: Redefining \ttfamily on input line 695.

Underfull \hbox (badness 10000) in paragraph at lines 695--696
[][]\TU/JameelNooriNastaleeq(2)/b/n/10 مساوات [][]۱۰.۳۲[][] []میں دائیں ہاتھ قو
سین میں بند مقدار ، محور گھماو کے لحاظ سے گھومتے جسم کی کمیت کی تقسیم پیش کرتی 
ہے۔ یہ مقدار، محور گھماو کے لحاظ سے[]
 []


Underfull \hbox (badness 10000) in paragraph at lines 695--696
[]\TU/JameelNooriNastaleeq(2)/b/n/10 ۔ (\TU/JameelNooriNastaleeq(0)/m/n/9 انتبا
ہ: $\OML/zplm/m/it/10 I$ \TU/JameelNooriNastaleeq(2)/b/n/10 کی قیمت صرف اس صورت
 با معنی ہو گی جب اس محور کا ذکر کیا جائے۔) کسی دوسری محور گھماو پر اسی جسم کا 
$\OML/zplm/m/it/10 I$ \TU/JameelNooriNastaleeq(2)/b/n/10 عموماً مختلف ہو گا، تا
ہم اب بھی اس کی[]
 []

LaTeX Info: Redefining \rmfamily on input line 702.
LaTeX Info: Redefining \sffamily on input line 702.
LaTeX Info: Redefining \ttfamily on input line 702.
LaTeX Info: Redefining \rmfamily on input line 709.
LaTeX Info: Redefining \sffamily on input line 709.
LaTeX Info: Redefining \ttfamily on input line 709.
LaTeX Info: Redefining \rmfamily on input line 709.
LaTeX Info: Redefining \sffamily on input line 709.
LaTeX Info: Redefining \ttfamily on input line 709.

Underfull \hbox (badness 10000) in paragraph at lines 709--710
[][]\TU/AASameerSagarNastaleeqBold(0)/m/n/10 طریقہ کار۔\TU/JameelNooriNastaleeq
(2)/b/n/10 اگر جسم چند ذروں پر مشتمل ہو، ہم ہر ذرے کی انفرادی حرکی توانائی $\OM
L/zplm/m/it/10 mr[]$ \TU/JameelNooriNastaleeq(2)/b/n/10 تلاش کر کے تمام کا مجمو
عہ، مساوات [][]۱۰.۳۳[][] []کی طرح، لے کر جسم کا[]
 []


Underfull \hbox (badness 10000) in paragraph at lines 709--710
[]\TU/JameelNooriNastaleeq(2)/b/n/10 کل گھمیری جمود $\OML/zplm/m/it/10 I$ \TU/J
ameelNooriNastaleeq(2)/b/n/10 معلوم کر سکتے ہیں۔ جسم کی کل گھمیری حرکی توانائی 
جاننے کے لئے معلوم شدہ $\OML/zplm/m/it/10 I$ \TU/JameelNooriNastaleeq(2)/b/n/10
 کو مساوات [][]۱۰.۳۴[][] []میں ڈالنا ہو گا۔ چند ذروں کے لئے یہ[]
 []


Underfull \hbox (badness 10000) in paragraph at lines 709--710
[]\TU/JameelNooriNastaleeq(2)/b/n/10 طریقہ کار استعمال کیا جائے گا؛ اگر جسم میں
 ذروں کی تعداد بہت زیادہ ہو (جیسا ایک سلاخ میں ہو گا) تب کیا ہو گا؟ اگلے حصے می
ں ہم اس قسم کے  \TU/JameelNooriNastaleeq(0)/m/n/9 استمراری اجسام  \TU/JameelNoo
riNastaleeq(2)/b/n/10 کو[]
 []

LaTeX Info: Redefining \rmfamily on input line 711.
LaTeX Info: Redefining \sffamily on input line 711.
LaTeX Info: Redefining \ttfamily on input line 711.

Underfull \hbox (badness 1308) in paragraph at lines 711--712
[][]\TU/JameelNooriNastaleeq(2)/b/n/10 مساوات [][]۱۰.۳۴[][] []جو خالص گھماو کی 
صورت میں استوار جسم کی حرکی توانائی $\OML/zplm/m/it/10 K \OT1/zplm/m/n/10 = []\
OML/zplm/m/it/10 I![]$\TU/JameelNooriNastaleeq(2)/b/n/10 دیتی ہے، خالص مستقیم ح
رکت کی صورت میں حرکی توانائی[]
 []


Underfull \hbox (badness 10000) in paragraph at lines 713--714
[][]\TU/JameelNooriNastaleeq(2)/b/n/10 ہم پہلے کہہ چکے ہیں کہ گھومتے جسم کا گھم
یری جمود نا صرف کمیت بلکہ کمیت کی تقسیم پر بھی منحصر ہو گا۔ آئیں ایک ایسی مثال 
دیکھیں جس کو آپ حقیقتاً محسوس کر[]
 []


Underfull \hbox (badness 10000) in paragraph at lines 713--714
[]\TU/JameelNooriNastaleeq(2)/b/n/10 سکتے ہیں۔ ایک لمبی اور بھاری سلاخ ، پہلے ط
ولی محور پر (شکل 10.11a) اور اس کے بعد وسطی نقطہ سے گزرتی اور سلاخ کو عمودی محو
ر پر (شکل 10.11b)[]
 []


Underfull \hbox (badness 10000) in paragraph at lines 713--714
[]\TU/JameelNooriNastaleeq(2)/b/n/10 گھمائیں۔ دونوں صورتوں میں کمیت ایک جتنی ہے
، تاہم پہلی صورت میں گھمانا زیادہ آسان ہو گا۔پہلی صورت میں کمیت کی تقسیم محور گ
ھماو کے زیادہ قریب ہے؛[]
 []


Underfull \hbox (badness 10000) in paragraph at lines 713--714
[]\TU/JameelNooriNastaleeq(2)/b/n/10 یوں شکل 10.11a میں سلاخ کا گھمیری جمود شکل
 10.11b سے کم ہو گا جس کی بدولت شکل 10.11a میں گھمانا زیادہ آسان ہو گا۔ کم گھمی
ری جمود کی[]
 []

[90]
Underfull \hbox (badness 2922) in paragraph at lines 716--717
[][]\TU/JameelNooriNastaleeq(2)/b/n/10 تین کرہ انتصابی محور کے گرد گھومتے شکل م
یں دکھائے گئے ہیں۔ہر کمیت کے مرکز سے محور تک عمودی فاصلہ بھی دیا گیا ہے۔ اس محو
ر پر گھمیری جمود کے لحاظ سے[]
 []


Underfull \hbox (badness 10000) in paragraph at lines 752--753
[][]
 []


Underfull \hbox (badness 10000) in paragraph at lines 762--765
[]\TU/JameelNooriNastaleeq(2)/b/n/10 انفرادی ذرے کا محور گھماو سے عمودی فاصلہ $
\OML/zplm/m/it/10 r[]$ \TU/JameelNooriNastaleeq(2)/b/n/10 ہے۔ اسی طرح تکمل میں 
کمیت کے ٹکڑے کا محور گھماو سے عمودی فاصلہ $\OML/zplm/m/it/10 r$ \TU/JameelNoori
Nastaleeq(2)/b/n/10 ہے اور تکمل پورے[]
 []

[91]
Underfull \hbox (badness 5050) in paragraph at lines 768--770
[]\TU/JameelNooriNastaleeq(2)/b/n/10 مسئلہ متوازی محور دیتا ہے۔ دو محوروں کے بی
چ عمودی فاصلہ $\OML/zplm/m/it/10 h$ \TU/JameelNooriNastaleeq(2)/b/n/10 ہے، اور 
مرکز کمیت سے گزرتی محور گھماو پر جسم کا گھمیری جمود $\OML/zplm/m/it/10 I[]$ \TU
/JameelNooriNastaleeq(2)/b/n/10 ہے۔ مرکز[]
 []

LaTeX Info: Redefining \rmfamily on input line 773.
LaTeX Info: Redefining \sffamily on input line 773.
LaTeX Info: Redefining \ttfamily on input line 773.
LaTeX Info: Redefining \rmfamily on input line 775.
LaTeX Info: Redefining \sffamily on input line 775.
LaTeX Info: Redefining \ttfamily on input line 775.
LaTeX Info: Redefining \rmfamily on input line 775.
LaTeX Info: Redefining \sffamily on input line 775.
LaTeX Info: Redefining \ttfamily on input line 775.

Underfull \hbox (badness 2150) in paragraph at lines 775--777
[][]\TU/JameelNooriNastaleeq(2)/b/n/10 اگر جسم قریب قریب انتہائی زیادہ ذروں پر 
مشتمل ہو (جسم \TU/JameelNooriNastaleeq(0)/m/n/9 استمراری  \TU/JameelNooriNastal
eeq(2)/b/n/10 ہو گا)، مساوات [][]۱۰.۳۳[][] []کا استعمال بہت لمبا کام ہو گا جس ک
ے لئے کمپیوٹر درکار ہو گا۔ بہتر یہ ہو[]
 []

LaTeX Info: Redefining \rmfamily on input line 783.
LaTeX Info: Redefining \sffamily on input line 783.
LaTeX Info: Redefining \ttfamily on input line 783.

Underfull \hbox (badness 10000) in paragraph at lines 783--785
[]\TU/JameelNooriNastaleeq(2)/b/n/10 فرض کریں ہم دی گئی محور گھماو پر ایک جسم ک
ا، جس کی کمیت $\OML/zplm/m/it/10 M$ \TU/JameelNooriNastaleeq(2)/b/n/10 ہو، گھمی
ری جمود $\OML/zplm/m/it/10 I$ \TU/JameelNooriNastaleeq(2)/b/n/10 جاننا چاہتے ہی
ں۔ یقیناً، ہم مساوات [][]۱۰.۳۵[][] []کے تکمل سے $\OML/zplm/m/it/10 I$ \TU/Jamee
lNooriNastaleeq(2)/b/n/10 حاصل کر[]
 []


Underfull \hbox (badness 10000) in paragraph at lines 783--785
[]\TU/JameelNooriNastaleeq(2)/b/n/10 سکتے ہیں۔ تاہم، جسم کے مرکز کمیت سے گزرتی 
ایسی محور گھماو ، جو دی گئی محور کے \TU/JameelNooriNastaleeq(0)/m/n/9 متوازی  \
TU/JameelNooriNastaleeq(2)/b/n/10 ہو، پر گھمیری جمود $\OML/zplm/m/it/10 I[]$ \T
U/JameelNooriNastaleeq(2)/b/n/10 جانتے ہوئے ، ایک آسان راستہ اختیار کیا[]
 []


Underfull \hbox (badness 10000) in paragraph at lines 783--785
[]\TU/JameelNooriNastaleeq(2)/b/n/10 جا سکتا ہے۔ مرکز کمیت سے گزرتی محور گھماو 
اور دی گئی محور کے بیچ عمودی فاصل $\OML/zplm/m/it/10 h$ \TU/JameelNooriNastalee
q(2)/b/n/10 ہونے کی صورت میں (یاد رہے، دونوں محور آپس میں متوازی ہیں) دی گئی[]
 []

LaTeX Info: Redefining \rmfamily on input line 788.
LaTeX Info: Redefining \sffamily on input line 788.
LaTeX Info: Redefining \ttfamily on input line 788.

Underfull \hbox (badness 10000) in paragraph at lines 791--792
[]\TU/JameelNooriNastaleeq(2)/b/n/10 شکل 10.12 میں اختیاری شکل و صورت جسم کا، ج
س کا مرکز کمیت $\OML/zplm/m/it/10 O$ \TU/JameelNooriNastaleeq(2)/b/n/10 ہے، عمو
دی تراش دکھایا گیا ہے۔ محددی نظام کا مبدا $\OML/zplm/m/it/10 O$ \TU/JameelNoori
Nastaleeq(2)/b/n/10 پر رکھیں۔شکل کے مستوی[]
 []

LaTeX Info: Redefining \rmfamily on input line 793.
LaTeX Info: Redefining \sffamily on input line 793.
LaTeX Info: Redefining \ttfamily on input line 793.
[92]
LaTeX Info: Redefining \rmfamily on input line 802.
LaTeX Info: Redefining \sffamily on input line 802.
LaTeX Info: Redefining \ttfamily on input line 802.
LaTeX Info: Redefining \rmfamily on input line 802.
LaTeX Info: Redefining \sffamily on input line 802.
LaTeX Info: Redefining \ttfamily on input line 802.
LaTeX Info: Redefining \rmfamily on input line 802.
LaTeX Info: Redefining \sffamily on input line 802.
LaTeX Info: Redefining \ttfamily on input line 802.
LaTeX Info: Redefining \rmfamily on input line 802.
LaTeX Info: Redefining \sffamily on input line 802.
LaTeX Info: Redefining \ttfamily on input line 802.

Underfull \hbox (badness 10000) in paragraph at lines 801--803
[]\TU/JameelNooriNastaleeq(2)/b/n/10 مرکز کمیت کی تعریف (مساوات 9.9) کہتی ہے، م
ساوات [][]۱۰.۳۷[][] []کے درمیانے دو تکمل مرکز کمیت (ایک مستقل سے ضرب کر کے) دیت
ے ہیں، لہٰذا یہ تکمل[]
 []


Underfull \hbox (badness 10000) in paragraph at lines 801--803
[]\TU/JameelNooriNastaleeq(2)/b/n/10 (انفرادی طور پر) صفر کے برابر ہوں گے۔چونکہ
 $\OML/zplm/m/it/10 O$ \TU/JameelNooriNastaleeq(2)/b/n/10 سے $[] \OML/zplm/m/it
/10 m$ \TU/JameelNooriNastaleeq(2)/b/n/10 تک فاصلہ $\OML/zplm/m/it/10 R$ \TU/Ja
meelNooriNastaleeq(2)/b/n/10 ہے جو $\OML/zplm/m/it/10 x[] \OT1/zplm/m/n/10 + \O
ML/zplm/m/it/10 y[]$ \TU/JameelNooriNastaleeq(2)/b/n/10 کے برابر ہے لہٰذا پہلا 
تکمل $\OML/zplm/m/it/10 I[]$ \TU/JameelNooriNastaleeq(2)/b/n/10 دیگا۔ شکل[]
 []


Underfull \hbox (badness 4084) in paragraph at lines 801--803
[]\TU/JameelNooriNastaleeq(2)/b/n/10 10.12 کو دیکھ کر ہم جانتے ہیں مساوات [][]۱
۰.۳۷[][] []کا آخری تکمل $\OML/zplm/m/it/10 Mh[]$ \TU/JameelNooriNastaleeq(2)/b/
n/10 کے برابر ہے، جہاں جسم کی کل کمیت $\OML/zplm/m/it/10 M$ \TU/JameelNooriNast
aleeq(2)/b/n/10 ہے۔ یوں مساوات [][]۱۰.۳۷[][] []تخفیف کے[]
 []


Underfull \hbox (badness 10000) in paragraph at lines 807--808
[][]\TU/JameelNooriNastaleeq(2)/b/n/10 شکل ?? میں کتاب کی طرح جسم (جس کا ایک ضل
ع دوسرے سے لمبا ہے) اور جسم کے رخ کو عمودی چار ممکنہ محور گھماو دکھائے گئے ہیں۔
 جسم کے گھمیری جمود[]
 []

LaTeX Info: Redefining \rmfamily on input line 818.
LaTeX Info: Redefining \sffamily on input line 818.
LaTeX Info: Redefining \ttfamily on input line 818.

Underfull \hbox (badness 10000) in paragraph at lines 818--819
[]\TU/JameelNooriNastaleeq(2)/b/n/10 جسم صرف دو ذروں پر (جن کی کمیت ہے) مشتمل ہ
ے، لہٰذا ہم تکمل کے بجائے مساوات [][]۱۰.۳۳[][] []استعمال کر کے گھمیری جمود $\OM
L/zplm/m/it/10 I[]$ \TU/JameelNooriNastaleeq(2)/b/n/10 تلاش کر سکتے ہیں۔ہم[]
 []


Underfull \hbox (badness 10000) in paragraph at lines 829--830
[]\TU/JameelNooriNastaleeq(2)/b/n/10 اتنی آسان صورت میں $\OML/zplm/m/it/10 I$ \
TU/JameelNooriNastaleeq(2)/b/n/10 باآسانی دونوں طریقوں سے معلوم کیا جا سکتا ہے۔
 پہلا طریقہ جزو ا کی طرح ہے۔ دوسرا، زیادہ طاقتور طریقہ مسئلہ متوازی محور[]
 []

LaTeX Info: Redefining \rmfamily on input line 832.
LaTeX Info: Redefining \sffamily on input line 832.
LaTeX Info: Redefining \ttfamily on input line 832.

Underfull \hbox (badness 10000) in paragraph at lines 831--833
[][]\TU/AASameerSagarNastaleeqBold(0)/m/n/10 پہلا طریقہ: \TU/JameelNooriNastale
eq(2)/b/n/10 ہم جزو ا کی طرح $\OML/zplm/m/it/10 I$ \TU/JameelNooriNastaleeq(2)/
b/n/10 معلوم کرتے ہیں، تاہم اب سلاخ کے بائیں سر پر موجود ذرے کا$\OML/zplm/m/it/
10 r[]$ \TU/JameelNooriNastaleeq(2)/b/n/10 صفر اور دائیں سر پر ذرے کا $\OML/zpl
m/m/it/10 L$ \TU/JameelNooriNastaleeq(2)/b/n/10 ہو گا۔ مساوات[]
 []

LaTeX Info: Redefining \rmfamily on input line 837.
LaTeX Info: Redefining \sffamily on input line 837.
LaTeX Info: Redefining \ttfamily on input line 837.
[93]
LaTeX Info: Redefining \rmfamily on input line 852.
LaTeX Info: Redefining \sffamily on input line 852.
LaTeX Info: Redefining \ttfamily on input line 852.

Underfull \hbox (badness 10000) in paragraph at lines 852--854
[]\TU/JameelNooriNastaleeq(2)/b/n/10 (1) سلاخ انتہائی زیادہ ذروں پر، جو محور گھ
ماو سے انتہائی زیادہ تعداد کے مختلف فاصلوں پر موجود ہیں، مشتمل ہے ۔ ہم ہر ذرے ک
ا انفرادی گھمیری جمود ہرگز[]
 []


Underfull \hbox (badness 10000) in paragraph at lines 852--854
[]\TU/JameelNooriNastaleeq(2)/b/n/10 گھمیری جمود کا عمومی الجبرائی فقرہ: $\OML/
zplm/m/it/10 r[] [] m$ \TU/JameelNooriNastaleeq(2)/b/n/10 لکھتے ہیں۔ (2) ایک ای
ک کر کے تمام چھوٹے حصوں کے گھمیری جمود جمع کرنے کے بجائے ، ہم اس فقرے کا[]
 []


Underfull \hbox (badness 10000) in paragraph at lines 859--861
[]\TU/JameelNooriNastaleeq(2)/b/n/10 ہمراہ لمبائی $[] \OML/zplm/m/it/10 x$ \TU/
JameelNooriNastaleeq(2)/b/n/10 کے ساتھ رشتہ درکار ہو گا۔ (شکل 10.14 میں ایک ایس
ا ٹکڑا دکھایا گیا ہے۔) سلاخ یکساں ہے، لہٰذا تمام ٹکڑوں کی کمیت اور لمبائی کی نس
بت[]
 []

LaTeX Info: Redefining \rmfamily on input line 868.
LaTeX Info: Redefining \sffamily on input line 868.
LaTeX Info: Redefining \ttfamily on input line 868.
[94]
LaTeX Info: Redefining \rmfamily on input line 877.
LaTeX Info: Redefining \sffamily on input line 877.
LaTeX Info: Redefining \ttfamily on input line 877.
LaTeX Info: Redefining \rmfamily on input line 880.
LaTeX Info: Redefining \sffamily on input line 880.
LaTeX Info: Redefining \ttfamily on input line 880.
LaTeX Info: Redefining \rmfamily on input line 881.
LaTeX Info: Redefining \sffamily on input line 881.
LaTeX Info: Redefining \ttfamily on input line 881.

Underfull \hbox (badness 10000) in paragraph at lines 879--882
[][]\TU/AASameerSagarNastaleeqBold(0)/m/n/10 حساب: \TU/JameelNooriNastaleeq(2)/
b/n/10 مرکز کمیت سے گزرتی محور کے متوازی ، سلاخ کے بائیں سر پر، نئی محور رکھ کر
 ہم مسئلہ متوازی محور (مساوات [][]۱۰.۳۶[][][]) استعمال کر سکتے ہیں۔ ہم[]
 []


Underfull \hbox (badness 10000) in paragraph at lines 891--893
[]\TU/JameelNooriNastaleeq(2)/b/n/10 مشین کے بڑے حصوں کا، جو لمبے عرصہ تیز رفتا
ر سے چکر کاٹتے ہوں،معائنہ \TU/JameelNooriNastaleeq(0)/m/n/9 چکری پرکھ کے نظام  
\TU/JameelNooriNastaleeq(2)/b/n/10 میں کرنا ضروری ہے۔ اس نظام میں، فولادی بیلن 
کے اندر،[]
 []


Underfull \hbox (badness 10000) in paragraph at lines 891--893
[]\TU/JameelNooriNastaleeq(2)/b/n/10 جس کی اندرونی جانب سیسہ کی اینٹیں نصب ہوں،
 مشین کے حصے کو مخصوص چکری رفتار تک (جس پر حصے کو پرکھنا مقصود ہو) لایا جاتا ہے
۔اس دوران بیلن کا منہ[]
 []

Missing character: There is no ١ (U+0661) in font Jameel Noori Nastaleeq/OT:scr
ipt=arab;language=dflt;mapping=tex-text;!
Missing character: There is no ٩ (U+0669) in font Jameel Noori Nastaleeq/OT:scr
ipt=arab;language=dflt;mapping=tex-text;!
Missing character: There is no ٨ (U+0668) in font Jameel Noori Nastaleeq/OT:scr
ipt=arab;language=dflt;mapping=tex-text;!
Missing character: There is no ٥ (U+0665) in font Jameel Noori Nastaleeq/OT:scr
ipt=arab;language=dflt;mapping=tex-text;!
LaTeX Info: Redefining \rmfamily on input line 894.
LaTeX Info: Redefining \sffamily on input line 894.
LaTeX Info: Redefining \ttfamily on input line 894.

Underfull \hbox (badness 1142) in paragraph at lines 894--895
[][]\TU/JameelNooriNastaleeq(2)/b/n/10 ١٩٨٥ ؁  میں ایک ادارہ نے ، جو مشین پرکھن
ے کا کام کرتا ہے، $\OT1/ppl/m/n/10 272 []$ \TU/JameelNooriNastaleeq(2)/b/n/10 ٹ
ھوس فولادی (قرص شکل کا) مدور ،جس کا رداس $\OML/zplm/m/it/10 R \OT1/zplm/m/n/10 
= \OT1/ppl/m/n/10 38.0 []$ \TU/JameelNooriNastaleeq(2)/b/n/10 تھا ،[]
 []


Underfull \hbox (badness 10000) in paragraph at lines 894--895
[]\TU/JameelNooriNastaleeq(2)/b/n/10 اینٹیں کمرے سے باہر بھکری پڑی ہیں، کمرے کا
 دروازہ گاڑیاں کھڑی کرنے کی جگہ میں پڑا ملا، ایک سیسہ کی اینٹ پڑوسی کے باورچی خ
انے کی دیوار توڑ کر اندر پہنچی[]
 []


Underfull \hbox (badness 2158) in paragraph at lines 894--895
[]\TU/JameelNooriNastaleeq(2)/b/n/10 تھی،ادارے کی عمارت کے ستون ناکارہ ہو چکے ت
ھے، چکر خانہ کا پکا فرش $\OT1/ppl/m/n/10 0.5 []$ \TU/JameelNooriNastaleeq(2)/b/
n/10 زمین میں دھنس چکا تھا، اور چکری نظام کا $\OT1/ppl/m/n/10 900 []$ \TU/Jamee
lNooriNastaleeq(2)/b/n/10 ڈھکن اڑ کر چھت[]
 []


Underfull \hbox (badness 10000) in paragraph at lines 894--895
[]\TU/JameelNooriNastaleeq(2)/b/n/10 سے گزرتے ہوئے بالائی منزل میں داخل ہونے بع
د واپس چکری نظام پر گر کر پڑا تھا۔ خوش قسمتی سے کوئی بھی ٹکڑا آزمائش کار معمار 
کے کمرے کی طرف نہیں[]
 []

[95]
LaTeX Info: Redefining \rmfamily on input line 902.
LaTeX Info: Redefining \sffamily on input line 902.
LaTeX Info: Redefining \ttfamily on input line 902.
LaTeX Info: Redefining \rmfamily on input line 911.
LaTeX Info: Redefining \sffamily on input line 911.
LaTeX Info: Redefining \ttfamily on input line 911.

Underfull \hbox (badness 10000) in paragraph at lines 926--928
[][]\TU/JameelNooriNastaleeq(2)/b/n/10 (ا) تعین گر سمتیہ اور سمتیہ قوت کے بیچ ز
اویے کی مدد سے ، (ب) خط عمل اور قوت کے معیار اثر کے بازو کی مدد سے، اور (ج) تعی
ن گر سمتیہ کو قوت کے[]
 []


Underfull \hbox (badness 10000) in paragraph at lines 930--932
[][]\TU/JameelNooriNastaleeq(2)/b/n/10 جان پائیں گے کہ قوت مروڑ کو مثبت یا منفی
 علامت مختص کی جاتی ہے، جس کا دارومدار اس رخ پر ہو گا جس رخ قوت مروڑ جسم کو محو
ر گھماو پر گھمانے کی[]
 []

[96]
Underfull \hbox (badness 10000) in paragraph at lines 938--939
[][]\TU/JameelNooriNastaleeq(2)/b/n/10 قوت $[]$ کی ، محور گھماو پر جسم کو گھمان
ے کی ، کوشش کو قوت مروڑ کہتے ہیں۔ اگر محور گھماو کے لحاظ سے، $[]$ جس نقطہ پر عم
ل کرتی ہو ، اس نقطے کا[]
 []


Underfull \hbox (badness 10000) in paragraph at lines 941--944
[]\TU/JameelNooriNastaleeq(2)/b/n/10 جہاں $[]$ کو $[]$ کا عمودی جزو $\OML/zplm/
m/it/10 F[]$ \TU/JameelNooriNastaleeq(2)/b/n/10 ہے اور $\OML/zplm/m/it/10 ^^^$ 
\TU/JameelNooriNastaleeq(2)/b/n/10 قوت $[]$ اور سمتیہ $[]$ کے بیچ زاویہ ہے۔ محو
ر گھماو اور $[]$ سے گزرتی مبسوط لکیر کے بیچ عمودی[]
 []


Underfull \hbox (badness 10000) in paragraph at lines 944--945
[][]\TU/JameelNooriNastaleeq(2)/b/n/10 قوت مروڑ کی اکائی نیوٹن میٹر $\OT1/zplm/
m/n/10 (\OT1/ppl/m/n/10 N m\OT1/zplm/m/n/10 )$ \TU/JameelNooriNastaleeq(2)/b/n/
10 ہے۔ ساکن جسم کو محور گھماو پر خلاف گھڑی گھمانے کی کوشش کرنے والی قوت مروڑ $\
OML/zplm/m/it/10 ^^\$ \TU/JameelNooriNastaleeq(2)/b/n/10 مثبت ہو گی،[]
 []


Underfull \hbox (badness 10000) in paragraph at lines 948--949
[]\TU/JameelNooriNastaleeq(2)/b/n/10 دروازے کا دستہ چول سے دور ، کسی مقصد سے ، 
رکھا جاتا ہے۔ دروازہ کھولنے کے لئے قوت لگانی ضروری ہے، تاہم قوت کا رخ اور لگانے
 کا مقام بھی اہمیت رکھتے[]
 []


Underfull \hbox (badness 10000) in paragraph at lines 948--949
[]\TU/JameelNooriNastaleeq(2)/b/n/10 ہیں۔ اگر آپ ، دستے کے بجائے ، چول کے قریب 
قوت کا اطلاق کریں یا دروازے کی سطح کو قوت $\OT1/ppl/m/n/10 90[]$ \TU/JameelNoor
iNastaleeq(2)/b/n/10 پر لاگو نہ کریں، دروازہ کھولنے کے لئے آپ کو اس[]
 []


Underfull \hbox (badness 10000) in paragraph at lines 950--951
[][]\TU/JameelNooriNastaleeq(2)/b/n/10 شکل 10.16a میں جسم کا عمودی تراش دکھایا 
گیا ہے۔ یہ جسم ، $\OML/zplm/m/it/10 O$ \TU/JameelNooriNastaleeq(2)/b/n/10 سے گز
رتی، تراش کو عمودی محور گھماو پر ، آزادی سے گھوم سکتا ہے۔ نقطہ $\OML/zplm/m/it/
10 P$ \TU/JameelNooriNastaleeq(2)/b/n/10 پر، جس کا[]
 []


Underfull \hbox (badness 10000) in paragraph at lines 950--951
[]$\OML/zplm/m/it/10 O$ \TU/JameelNooriNastaleeq(2)/b/n/10 کے لحاظ سے تعین گر س
متیہ $[]$ ہے، قوت $[]$ کا اطلاق کیا گیا ہے۔ $[]$ اور $[]$ کر رخ آپس میں زاویہ $
\OML/zplm/m/it/10 ^^^$ \TU/JameelNooriNastaleeq(2)/b/n/10 پر ہیں۔ (ہم اپنی آسان
ی کے لئے صرف ان قوت[]
 []


Underfull \hbox (badness 10000) in paragraph at lines 952--953
[][]\TU/JameelNooriNastaleeq(2)/b/n/10 یہ جاننے کے لئے کہ محور گھماو پر $[]$ جس
م کو کیسے گھماتی ہے، ہم $[]$ کو دو اجزاء میں تقسیم کرتے ہیں (شکل 10.16b)۔ ایک ج
زو، جو \TU/JameelNooriNastaleeq(0)/m/n/9 رداسی جزو  $\OML/zplm/m/it/10 F[]$ \TU
/JameelNooriNastaleeq(2)/b/n/10 کہلاتا[]
 []


Underfull \hbox (badness 10000) in paragraph at lines 952--953
[]\TU/JameelNooriNastaleeq(2)/b/n/10 ہے، $[]$ کے ہمراہ ہو گا۔چونکہ یہ جزو $\OML
/zplm/m/it/10 O$ \TU/JameelNooriNastaleeq(2)/b/n/10 سے گزرتی لکیر کے ہمراہ ہے، 
لہٰذا یہ گھماو میں کردار ادا نہیں کرتا۔ (اگر آپ دروازے کو دروازے کے سطح کے ہمرا
ہ[]
 []

LaTeX Info: Redefining \rmfamily on input line 955.
LaTeX Info: Redefining \sffamily on input line 955.
LaTeX Info: Redefining \ttfamily on input line 955.

Underfull \hbox (badness 10000) in paragraph at lines 954--957
[][]\TU/AASameerSagarNastaleeqBold(0)/m/n/10 قوت مروڑ کا حساب۔ $[]$ \TU/JameelN
ooriNastaleeq(2)/b/n/10 کی جسم گھمانے کی صلاحیت، قوت $[]$ کے مماسی جزو $\OML/zp
lm/m/it/10 F[]$ \TU/JameelNooriNastaleeq(2)/b/n/10 کی قدر کے علاوہ $\OML/zplm/m
/it/10 O$ \TU/JameelNooriNastaleeq(2)/b/n/10 سے (قوت کے ) اطلاقی نقطے کے فاصلے 
پر[]
 []

LaTeX Info: Redefining \rmfamily on input line 970.
LaTeX Info: Redefining \sffamily on input line 970.
LaTeX Info: Redefining \ttfamily on input line 970.
LaTeX Info: Redefining \rmfamily on input line 970.
LaTeX Info: Redefining \sffamily on input line 970.
LaTeX Info: Redefining \ttfamily on input line 970.

Underfull \hbox (badness 10000) in paragraph at lines 969--971
[]\TU/JameelNooriNastaleeq(2)/b/n/10 سے ممکن ہے، جہاں $\OML/zplm/m/it/10 O$ \TU
/JameelNooriNastaleeq(2)/b/n/10 پر محور گھماو اور $[]$ سمتیہ سے گزرتی مبسوط لکی
ر کے بیچ عمودی فاصلہ $\OML/zplm/m/it/10 r[]$ \TU/JameelNooriNastaleeq(2)/b/n/10
 ہے (شکل 10.16c)۔ اس مبسوط لکیر کو $[]$ کا  \TU/AASameerSagarNastaleeqBold(0)/m
/n/10 خط[]
 []

[97]
Underfull \hbox (badness 10000) in paragraph at lines 972--973
[][]\TU/JameelNooriNastaleeq(2)/b/n/10 جب آپ کسی جسم، مثلاً پیچ کس ، پر اس نیت 
سے قوت لگاتے ہیں کہ یہ گھومے، آپ قوت مروڑ لاگو کرتے ہیں۔ قوت مروڑ کی بین الاقوا
می اکائی نیوٹن میٹر[]
 []


Underfull \hbox (badness 10000) in paragraph at lines 972--973
[]$\OT1/zplm/m/n/10 (\OT1/ppl/m/n/10 N m\OT1/zplm/m/n/10 )$ \TU/JameelNooriNast
aleeq(2)/b/n/10 ہے۔ \TU/JameelNooriNastaleeq(0)/m/n/9 انتباہ: \TU/JameelNooriNa
staleeq(2)/b/n/10 نیوٹن میٹر کی اکائی کام کے لئے بھی مستعمل ہے۔ تاہم ، قوت مروڑ
 اور کام دو مختلف مقادیر ہیں ۔ کام کے لئے عام طور جاول اکائی[]
 []


Underfull \hbox (badness 10000) in paragraph at lines 974--976
[]\TU/JameelNooriNastaleeq(2)/b/n/10 کی جائے گی۔ اگر قوت مروڑ خلاف گھڑی گھماو پ
یدا کرنے کی کوشش کرے، یہ مثبت ہو گی اور اگر گھڑی وار کوشش کرے تب منفی ہو گی۔ (ح
صہ 10.1 میں[]
 []

LaTeX Info: Redefining \rmfamily on input line 977.
LaTeX Info: Redefining \sffamily on input line 977.
LaTeX Info: Redefining \ttfamily on input line 977.
LaTeX Info: Redefining \rmfamily on input line 977.
LaTeX Info: Redefining \sffamily on input line 977.
LaTeX Info: Redefining \ttfamily on input line 977.

Underfull \hbox (badness 10000) in paragraph at lines 977--978
[][]\TU/JameelNooriNastaleeq(2)/b/n/10 اصول انطباق (جس کا ذکر باب 5 میں کیا گیا
) کو قوت مروڑ مطمئن کرتے ہیں: جب جسم پر کئی قوت مروڑ عمل کرتی ہوں، جسم پر  \TU/
AASameerSagarNastaleeqBold(0)/m/n/10 صافی قوت مروڑ [][] \TU/JameelNooriNastalee
q(2)/b/n/10 (یا[]
 []


Underfull \hbox (badness 10000) in paragraph at lines 982--983
[][]\TU/JameelNooriNastaleeq(2)/b/n/10 میٹر سلاخ کا فضائی جائزہ شکل ؟؟ میں پیش 
ہے؛ سلاخ کا چول $\OT1/ppl/m/n/10 20 []$ \TU/JameelNooriNastaleeq(2)/b/n/10 پر پ
ایا جاتا ہے۔ سلاخ پر پانچوں قوت افقی اور ان کی قدریں برابر ہیں۔ اعظم قیمت اول[]

 []


Underfull \hbox (badness 10000) in paragraph at lines 992--993
[][]\TU/JameelNooriNastaleeq(2)/b/n/10 گھماو کی صورت میں جسم پر صافی قوت مروڑ ک
ا، جسم کے گھمیری جمود اور گھمیری اسراع کے ساتھ، رشتہ نیوٹن کے دوسرے قانون سے جا
ن پائیں[]
 []


Underfull \hbox (badness 10000) in paragraph at lines 994--995
[][]
 []


Underfull \hbox (badness 10000) in paragraph at lines 1000--1002
[]\TU/JameelNooriNastaleeq(2)/b/n/10 جہاں ذرے یا استوار جسم پر صافی قوت مروڑ $\
OML/zplm/m/it/10 ^^\[]$ \TU/JameelNooriNastaleeq(2)/b/n/10 ہے، محور گھماو پر ذر
ے یا جسم کا گھمیری جمود $\OML/zplm/m/it/10 I$ \TU/JameelNooriNastaleeq(2)/b/n/1
0 ہے، اور $\OML/zplm/m/it/10 ^^K$ \TU/JameelNooriNastaleeq(2)/b/n/10 اس محور پر
 ماحصل زاوی اسراع[]
 []

[98]
Underfull \hbox (badness 10000) in paragraph at lines 1007--1009
[]\TU/JameelNooriNastaleeq(2)/b/n/10 قوت مروڑ استوار جسم کو گھما سکتی ہے، جیسا 
آپ دروازہ قوت مروڑ سے کھولتے اور بند کرتے ہیں۔ہم استوار جسم پر صافی قوت مروڑ $\
OML/zplm/m/it/10 ^^\[]$ \TU/JameelNooriNastaleeq(2)/b/n/10 اور محور گھماو پر جس
م[]
 []


Underfull \hbox (badness 10000) in paragraph at lines 1007--1009
[]\TU/JameelNooriNastaleeq(2)/b/n/10 پر کمیت $\OML/zplm/m/it/10 m$ \TU/JameelNo
oriNastaleeq(2)/b/n/10 کے جسم پر صافی قوت $\OML/zplm/m/it/10 F[]$ \TU/JameelNoo
riNastaleeq(2)/b/n/10 سے پیدا جسم کی خطی اسراع $\OML/zplm/m/it/10 a$ \TU/Jameel
NooriNastaleeq(2)/b/n/10 کا تعلق دیتا ہے، ایسا کریں گے۔ ہم $\OML/zplm/m/it/10 F
[]$ \TU/JameelNooriNastaleeq(2)/b/n/10 کی جگہ $\OML/zplm/m/it/10 ^^\[]$\TU/Jame
elNooriNastaleeq(2)/b/n/10 ، $\OML/zplm/m/it/10 m$ \TU/JameelNooriNastaleeq(2)/
b/n/10 کی جگہ $\OML/zplm/m/it/10 I$\TU/JameelNooriNastaleeq(2)/b/n/10 ، اور[]
 []

LaTeX Info: Redefining \rmfamily on input line 1013.
LaTeX Info: Redefining \sffamily on input line 1013.
LaTeX Info: Redefining \ttfamily on input line 1013.
LaTeX Font Info:    Font shape `TU/JameelNooriNastaleeq(0)/b/n' will be
(Font)              scaled to size 10.0pt on input line 1013.
LaTeX Info: Redefining \rmfamily on input line 1014.
LaTeX Info: Redefining \sffamily on input line 1014.
LaTeX Info: Redefining \ttfamily on input line 1014.

Underfull \hbox (badness 10000) in paragraph at lines 1014--1015
[]\TU/JameelNooriNastaleeq(0)/b/n/10 پہلے شکل 10.17 میں پیش سادہ صورت کے لئے مس
اوات [][]۱۰.۴۲[][] []ثابت کرتے ہیں۔بلا کمیت سلاخ اور اس کے ایک سر پر کمیت $\OML
/zplm/m/it/10 m$ \TU/JameelNooriNastaleeq(0)/b/n/10 کا ذرہ مل کر استوار جسم[]
 []


Underfull \hbox (badness 10000) in paragraph at lines 1014--1015
[]\TU/JameelNooriNastaleeq(0)/b/n/10 دیتے ہیں۔سلاخ کی لمبائی $\OML/zplm/m/it/10
 r$ \TU/JameelNooriNastaleeq(0)/b/n/10 ہے اور یہ اپنے دوسرے سر پر، سطح صفحہ کو 
عمودی محور گھماو (دھرے) پر ، گھوم سکتی ہے۔ یوں، ذرہ صرف دائری راہ پر ، جس کے[]
 []


Underfull \hbox (badness 10000) in paragraph at lines 1016--1017
[][]\TU/JameelNooriNastaleeq(0)/b/n/10 ذرے پر قوت $[]$ عمل کرتی ہے۔ تاہم، ذرہ ص
رف دائری راہ پر حرکت کر سکتا ہے، لہٰذا قوت کا صرف مماسی جزو $\OML/zplm/m/it/10 
F[]$ \TU/JameelNooriNastaleeq(0)/b/n/10 (جو دائری راہ کو مماس سے) ذرے کو[]
 []

LaTeX Info: Redefining \rmfamily on input line 1020.
LaTeX Info: Redefining \sffamily on input line 1020.
LaTeX Info: Redefining \ttfamily on input line 1020.
LaTeX Info: Redefining \rmfamily on input line 1024.
LaTeX Info: Redefining \sffamily on input line 1024.
LaTeX Info: Redefining \ttfamily on input line 1024.
LaTeX Info: Redefining \rmfamily on input line 1029.
LaTeX Info: Redefining \sffamily on input line 1029.
LaTeX Info: Redefining \ttfamily on input line 1029.
LaTeX Info: Redefining \rmfamily on input line 1029.
LaTeX Info: Redefining \sffamily on input line 1029.
LaTeX Info: Redefining \ttfamily on input line 1029.

Underfull \hbox (badness 10000) in paragraph at lines 1028--1031
[]\TU/JameelNooriNastaleeq(0)/b/n/10 دائیں ہاتھ قوسین میں بند مقدار، محور گھماو
 پر ذرے کا گھمیری جمود ہے (مساوات [][]۱۰.۳۳[][] []دیکھیں، تاہم یہاں صرف ایک ذرے
 کی بات کی جا رہی ہے)۔ یوں[]
 []

LaTeX Info: Redefining \rmfamily on input line 1034.
LaTeX Info: Redefining \sffamily on input line 1034.
LaTeX Info: Redefining \ttfamily on input line 1034.

Underfull \hbox (badness 10000) in paragraph at lines 1044--1045
[][]\TU/JameelNooriNastaleeq(0)/b/n/10 شکل ؟؟ میں میٹر سلاخ کا فضائی جائزہ پیش 
ہے۔سلاخ کے وسط سے بائیں جانب نقطہ چول ہے جس پر سلاخ چکر کاٹ سکتی ہے۔ سلاخ پر دو
 افقی قوت $[]$ اور[]
 []


Underfull \hbox (badness 10000) in paragraph at lines 1044--1045
[]$[]$ \TU/JameelNooriNastaleeq(0)/b/n/10 لاگو کی جاتی ہیں۔ صرف $[]$ دکھائی گئی
 ہے۔ قوت $[]$ سلاخ کو عمودی ہے اور سلاخ کے دائیں سر پر لاگو کی جاتی ہے۔ سلاخ نہ
 گھومنے کی صورت میں[]
 []


Underfull \hbox (badness 10000) in paragraph at lines 1049--1051
[]\TU/JameelNooriNastaleeq(0)/b/n/10 کولا کشتی کا وہ داو ہے جس میں پہلوان دوسرے
 کو کولہے کی زد پر لا کر گراتا ہے۔ آئیں پہلوانوں کی کشتی کو طبیعی دان کے نقطہ ن
ظر سے دیکھیں۔ کولہے پر[]
 []

[99]
Underfull \hbox (badness 10000) in paragraph at lines 1057--1059
[][]\TU/AASameerSagarNastaleeqBold(0)/m/n/10 حساب: \TU/JameelNooriNastaleeq(0)/
b/n/10 زمین سے حریف کے پاوں اٹھنے کے بعد، ہم کہہ سکتے ہیں اس پر تین قوت عمل پیر
ا ہوں گی: آپ کی کھینچ $[]$، نقطہ گھماو پر آپ کی حریف[]
 []


Underfull \hbox (badness 10000) in paragraph at lines 1057--1059
[]\TU/JameelNooriNastaleeq(0)/b/n/10 پر عمودی قوت $[]$ (شکل 10.18 میں اسے نہیں 
دکھایا گیا)، اور تجاذبی قوت $[]$۔نقطہ گھماو پر تینوں قوتوں کی قوت مروڑ جانتے ہو
ئے ہم[]
 []

LaTeX Info: Redefining \rmfamily on input line 1060.
LaTeX Info: Redefining \sffamily on input line 1060.
LaTeX Info: Redefining \ttfamily on input line 1060.

Underfull \hbox (badness 2376) in paragraph at lines 1060--1062
[][]\TU/JameelNooriNastaleeq(0)/b/n/10 مساوات [][]۱۰.۴۱[][] $\OT1/zplm/m/n/10 (
\OML/zplm/m/it/10 ^^\ \OT1/zplm/m/n/10 = \OML/zplm/m/it/10 r[]F\OT1/zplm/m/n/10
 )$ []\TU/JameelNooriNastaleeq(0)/b/n/10 کے تحت آپ کی کھینچ $[]$ سے پیدا قوت مر
وڑ $\OMS/zplm/m/n/10 ^^@\OML/zplm/m/it/10 d[]F$ \TU/JameelNooriNastaleeq(0)/b/n
/10 ہو گی، جہاں $\OML/zplm/m/it/10 d[]$ \TU/JameelNooriNastaleeq(0)/b/n/10 معیا
ر اثر کا بازو $\OML/zplm/m/it/10 r[]$ \TU/JameelNooriNastaleeq(0)/b/n/10 ہے ، ا
ور منفی[]
 []

[100]
Underfull \hbox (badness 10000) in paragraph at lines 1084--1086
[]\TU/JameelNooriNastaleeq(0)/b/n/10 اس نتیجے کے تحت اگر آپ حریف کو جھکا کر اس 
کا مرکز کمیت اپنے کولہے پر رکھ نہ سکیں، آپ کو کافی زیادہ قوت لگانی ہو گی۔ ایک ا
چھا پہلوان یہ حقیقت جانتا ہے۔[]
 []

LaTeX Info: Redefining \rmfamily on input line 1091.
LaTeX Info: Redefining \sffamily on input line 1091.
LaTeX Info: Redefining \ttfamily on input line 1091.

Underfull \hbox (badness 10000) in paragraph at lines 1097--1100
[][]\TU/AASameerSagarNastaleeqBold(0)/m/n/10 اینٹ پر قوتیں: \TU/JameelNooriNast
aleeq(0)/b/n/10 شکل 10.19b کے آزاد جسمی خاکے میں اینٹ پر لاگو قوتیں دکھائی گئی 
ہیں:دھاگے سے قوت $[]$، اور تجاذبی قوت $[]$ کی قدر[]
 []


Underfull \hbox (badness 10000) in paragraph at lines 1102--1104
[]\TU/JameelNooriNastaleeq(0)/b/n/10 جہاں ( محور $\OML/zplm/m/it/10 y$ \TU/Jame
elNooriNastaleeq(0)/b/n/10 کے ہمراہ نیچے رخ) اسراع کی قدر $\OML/zplm/m/it/10 a$
 \TU/JameelNooriNastaleeq(0)/b/n/10 ہے۔ تاہم، ہم اس مساوات کو $\OML/zplm/m/it/1
0 a$ \TU/JameelNooriNastaleeq(0)/b/n/10 کے لئے حل نہیں کر سکتے، چونکہ اس میں دو
سرا نامعلوم متغیر $\OML/zplm/m/it/10 T$ \TU/JameelNooriNastaleeq(0)/b/n/10 بھی[
]
 []


Underfull \hbox (badness 10000) in paragraph at lines 1105--1107
[][]\TU/AASameerSagarNastaleeqBold(0)/m/n/10 قرص پر قوت مروڑ: \TU/JameelNooriNa
staleeq(0)/b/n/10 گزشتہ مرتبہ جب ہم محور $\OML/zplm/m/it/10 y$ \TU/JameelNooriN
astaleeq(0)/b/n/10 سے آگے بڑھ نہیں سکے، ہم نے محور $\OML/zplm/m/it/10 x$ \TU/Ja
meelNooriNastaleeq(0)/b/n/10 کا سہارا لیا۔ اس مرتبہ ہم قرص کے گھماو کا سہارا اٹ
ھاتے[]
 []


Underfull \hbox (badness 10000) in paragraph at lines 1105--1107
[]\TU/JameelNooriNastaleeq(0)/b/n/10 ہوئے نیوٹن کا قانون دوم زاوی روپ میں لکھتے
 ہیں۔ قوت مروڑ اور گھمیری جمود $\OML/zplm/m/it/10 I$ \TU/JameelNooriNastaleeq(0
)/b/n/10 تلاش کر نے کے لئے ، ہم نقطہ $\OML/zplm/m/it/10 O$ \TU/JameelNooriNasta
leeq(0)/b/n/10 پر ، قرص کو عمودی اور اس کے وسط سے[]
 []

LaTeX Info: Redefining \rmfamily on input line 1108.
LaTeX Info: Redefining \sffamily on input line 1108.
LaTeX Info: Redefining \ttfamily on input line 1108.

Underfull \hbox (badness 2181) in paragraph at lines 1108--1110
[]$\OML/zplm/m/it/10 r \OT1/zplm/m/n/10 = \OT1/ppl/m/n/10 0$ \TU/JameelNooriNas
taleeq(0)/b/n/10 اور یوں قوت مروڑ صفر ہوں گی۔ قرص پر دھاگے کی قوت $[]$ $\OML/zp
lm/m/it/10 r \OT1/zplm/m/n/10 = \OML/zplm/m/it/10 R$ \TU/JameelNooriNastaleeq(0
)/b/n/10 فاصلے پر قرص کے چکا پر مماسی عمل کرتی ہے۔اس طرح،[]
 []


Underfull \hbox (badness 6708) in paragraph at lines 1108--1110
[]\TU/JameelNooriNastaleeq(0)/b/n/10 اس کی قوت مروڑ $\OMS/zplm/m/n/10 ^^@\OML/z
plm/m/it/10 RT$ \TU/JameelNooriNastaleeq(0)/b/n/10 ہو گی؛ چونکہ قوت مروڑ قرص کو
 ساکن حالت سے گھڑی وار گھمانے کی کوشش کرتی ہے لہٰذا اس کی علامت منفی ہے۔ منفی (
گھڑی[]
 []

[101]
LaTeX Info: Redefining \rmfamily on input line 1113.
LaTeX Info: Redefining \sffamily on input line 1113.
LaTeX Info: Redefining \ttfamily on input line 1113.
LaTeX Info: Redefining \rmfamily on input line 1113.
LaTeX Info: Redefining \sffamily on input line 1113.
LaTeX Info: Redefining \ttfamily on input line 1113.

Underfull \hbox (badness 10000) in paragraph at lines 1112--1115
[]\TU/JameelNooriNastaleeq(0)/b/n/10 بظاہر، یہ مساوات کسی کام کی نہیں ہے؛ اس می
ں دو نامعلوم متغیرات $\OML/zplm/m/it/10 ^^K$ \TU/JameelNooriNastaleeq(0)/b/n/10
 اور $\OML/zplm/m/it/10 T$ \TU/JameelNooriNastaleeq(0)/b/n/10 پائے جاتے ہیں جبک
ہ ہمیں $\OML/zplm/m/it/10 a$ \TU/JameelNooriNastaleeq(0)/b/n/10 چاہیے۔ طبیعی عل
م بروئے کار لاتے ہوئے ہم اس[]
 []


Underfull \hbox (badness 10000) in paragraph at lines 1112--1115
[]\TU/JameelNooriNastaleeq(0)/b/n/10 کو فائدہ مند ٹہرا سکتے ہیں: چونکہ دھاگہ پھ
سلتا نہیں، اینٹ کے خطی اسراع کی قدر $\OML/zplm/m/it/10 a$ \TU/JameelNooriNastal
eeq(0)/b/n/10 اور قرص کے چکا کے ( مماسی ) اسراع کی قدر $\OML/zplm/m/it/10 a[]$ 
\TU/JameelNooriNastaleeq(0)/b/n/10 برابر ہوں گی۔ یوں،[]
 []

LaTeX Info: Redefining \rmfamily on input line 1119.
LaTeX Info: Redefining \sffamily on input line 1119.
LaTeX Info: Redefining \ttfamily on input line 1119.
LaTeX Info: Redefining \rmfamily on input line 1119.
LaTeX Info: Redefining \sffamily on input line 1119.
LaTeX Info: Redefining \ttfamily on input line 1119.
LaTeX Info: Redefining \rmfamily on input line 1124.
LaTeX Info: Redefining \sffamily on input line 1124.
LaTeX Info: Redefining \ttfamily on input line 1124.
LaTeX Info: Redefining \rmfamily on input line 1131.
LaTeX Info: Redefining \sffamily on input line 1131.
LaTeX Info: Redefining \ttfamily on input line 1131.
[102]
Underfull \hbox (badness 10000) in paragraph at lines 1155--1156
[][]
 []


Underfull \hbox (badness 10000) in paragraph at lines 1178--1180
[]\TU/JameelNooriNastaleeq(0)/b/n/10 جیسا ہم باب 7 میں ذکر کر چکے، جب قوت $\OML
/zplm/m/it/10 F$ \TU/JameelNooriNastaleeq(0)/b/n/10 استوار جسم پر، جس کی کمیت $
\OML/zplm/m/it/10 m$ \TU/JameelNooriNastaleeq(0)/b/n/10 ہو، عمل کر کے اس کو محد
دی محور پر مسرع کرے، قوت اس جسم پر کام[]
 []


Underfull \hbox (badness 10000) in paragraph at lines 1194--1196
[][]\TU/JameelNooriNastaleeq(0)/b/n/10 آئیں اس سے ملتی جلتی گھمیری صورت پر غور 
کرتے ہیں۔جب قوت مروڑ ، مقررہ محور گھماو پر ، استوار جسم کو مسرع کرے، قوت مروڑ ج
سم پر کام $\OML/zplm/m/it/10 W$ \TU/JameelNooriNastaleeq(0)/b/n/10 سرانجام[]
 []

[103]
LaTeX Info: Redefining \rmfamily on input line 1207.
LaTeX Info: Redefining \sffamily on input line 1207.
LaTeX Info: Redefining \ttfamily on input line 1207.

Underfull \hbox (badness 10000) in paragraph at lines 1206--1209
[]\TU/JameelNooriNastaleeq(0)/b/n/10 جہاں $\OML/zplm/m/it/10 ^^\$ \TU/JameelNoo
riNastaleeq(0)/b/n/10 وہ قوت مروڑ ہے جو کام $\OML/zplm/m/it/10 W$ \TU/JameelNoo
riNastaleeq(0)/b/n/10 سرانجام دیتی ہے، اور $\OML/zplm/m/it/10 ^^R[]$ \TU/Jameel
NooriNastaleeq(0)/b/n/10 اور $\OML/zplm/m/it/10 ^^R[]$\TU/JameelNooriNastaleeq(
0)/b/n/10 ، کام سے قبل اور اس کے بعد، جسم کے زاوی مقام ہیں۔ جب $\OML/zplm/m/it/
10 ^^\$ \TU/JameelNooriNastaleeq(0)/b/n/10 مستقل ہو،[]
 []

LaTeX Info: Redefining \rmfamily on input line 1217.
LaTeX Info: Redefining \sffamily on input line 1217.
LaTeX Info: Redefining \ttfamily on input line 1217.
LaTeX Info: Redefining \rmfamily on input line 1240.
LaTeX Info: Redefining \sffamily on input line 1240.
LaTeX Info: Redefining \ttfamily on input line 1240.
LaTeX Info: Redefining \rmfamily on input line 1240.
LaTeX Info: Redefining \sffamily on input line 1240.
LaTeX Info: Redefining \ttfamily on input line 1240.
LaTeX Info: Redefining \rmfamily on input line 1241.
LaTeX Info: Redefining \sffamily on input line 1241.
LaTeX Info: Redefining \ttfamily on input line 1241.

Underfull \hbox (badness 10000) in paragraph at lines 1241--1243
[]\TU/JameelNooriNastaleeq(0)/b/n/10 آئیں دوبارہ شکل 10.17 کو دیکھتے ہیں۔ بلا ک
میت سلاخ اور اس کے ایک سر پر کمیت $\OML/zplm/m/it/10 m$ \TU/JameelNooriNastalee
q(0)/b/n/10 کا ذرہ مل کر استوار جسم دیتے ہیں۔ گھماو کے دوران، قوت $[]$ جسم[]
 []


Underfull \hbox (badness 10000) in paragraph at lines 1241--1243
[]\TU/JameelNooriNastaleeq(0)/b/n/10 پر کام سرانجام دیتی ہے۔ ہم فرض کرتے ہیں کہ
 $[]$ جسم کی صرف حرکی توانائی تبدیل کرتی ہے۔ ایسی صورت میں مساوات [][]۱۰.۴۹[][]
 []کا مسئلہ کام و حرکی توانائی[]
 []

LaTeX Info: Redefining \rmfamily on input line 1246.
LaTeX Info: Redefining \sffamily on input line 1246.
LaTeX Info: Redefining \ttfamily on input line 1246.
LaTeX Info: Redefining \rmfamily on input line 1246.
LaTeX Info: Redefining \sffamily on input line 1246.
LaTeX Info: Redefining \ttfamily on input line 1246.
LaTeX Info: Redefining \rmfamily on input line 1251.
LaTeX Info: Redefining \sffamily on input line 1251.
LaTeX Info: Redefining \ttfamily on input line 1251.
LaTeX Info: Redefining \rmfamily on input line 1251.
LaTeX Info: Redefining \sffamily on input line 1251.
LaTeX Info: Redefining \ttfamily on input line 1251.
LaTeX Info: Redefining \rmfamily on input line 1251.
LaTeX Info: Redefining \sffamily on input line 1251.
LaTeX Info: Redefining \ttfamily on input line 1251.

Underfull \hbox (badness 10000) in paragraph at lines 1258--1260
[][]\TU/JameelNooriNastaleeq(0)/b/n/10 آئیں اب شکل 10.17 میں جسم پر سرانجام کام
 $\OML/zplm/m/it/10 W$ \TU/JameelNooriNastaleeq(0)/b/n/10 اور جسم پر $[]$ کی بن
ا قوت مروڑ $\OML/zplm/m/it/10 ^^\$ \TU/JameelNooriNastaleeq(0)/b/n/10 کا تعلق ج
انیں۔ جب ذرہ دائری راہ پر چلتے ہوئے $[] \OML/zplm/m/it/10 s$ \TU/JameelNooriNas
taleeq(0)/b/n/10 فاصلہ طے[]
 []


Underfull \hbox (badness 10000) in paragraph at lines 1258--1260
[]\TU/JameelNooriNastaleeq(0)/b/n/10 کرتا ہے، قوت کا صرف مماسی جزو $\OML/zplm/m
/it/10 F[]$ \TU/JameelNooriNastaleeq(0)/b/n/10 اس راہ پر ذرے کو اسراع پذیر کرتا
 ہے۔ یوں صرف $\OML/zplm/m/it/10 F[]$ \TU/JameelNooriNastaleeq(0)/b/n/10 ذرے پر 
کام سرانجام دیگی۔ ہم اس کام $[] \OML/zplm/m/it/10 W$ \TU/JameelNooriNastaleeq(0
)/b/n/10 کو $\OML/zplm/m/it/10 F[] [] s$[]
 []

[104]
LaTeX Info: Redefining \rmfamily on input line 1263.
LaTeX Info: Redefining \sffamily on input line 1263.
LaTeX Info: Redefining \ttfamily on input line 1263.
LaTeX Info: Redefining \rmfamily on input line 1263.
LaTeX Info: Redefining \sffamily on input line 1263.
LaTeX Info: Redefining \ttfamily on input line 1263.
LaTeX Info: Redefining \rmfamily on input line 1272.
LaTeX Info: Redefining \sffamily on input line 1272.
LaTeX Info: Redefining \ttfamily on input line 1272.
LaTeX Info: Redefining \rmfamily on input line 1272.
LaTeX Info: Redefining \sffamily on input line 1272.
LaTeX Info: Redefining \ttfamily on input line 1272.
LaTeX Info: Redefining \rmfamily on input line 1272.
LaTeX Info: Redefining \sffamily on input line 1272.
LaTeX Info: Redefining \ttfamily on input line 1272.
LaTeX Info: Redefining \rmfamily on input line 1274.
LaTeX Info: Redefining \sffamily on input line 1274.
LaTeX Info: Redefining \ttfamily on input line 1274.
LaTeX Info: Redefining \rmfamily on input line 1278.
LaTeX Info: Redefining \sffamily on input line 1278.
LaTeX Info: Redefining \ttfamily on input line 1278.

Underfull \hbox (badness 10000) in paragraph at lines 1282--1284
[]\TU/JameelNooriNastaleeq(0)/b/n/10 شکل 10.19 میں وقت $\OML/zplm/m/it/10 t \OT
1/zplm/m/n/10 = \OT1/ppl/m/n/10 0$ \TU/JameelNooriNastaleeq(0)/b/n/10 پر قرص سا
کن حالت سے آغاز کرتا ہے؛ بلا کمیت دھاگے میں تناو $\OT1/ppl/m/n/10 6.0 N$ \TU/Ja
meelNooriNastaleeq(0)/b/n/10 اور قرص کا زاوی اسراع[]
 []

[105]
LaTeX Info: Redefining \rmfamily on input line 1286.
LaTeX Info: Redefining \sffamily on input line 1286.
LaTeX Info: Redefining \ttfamily on input line 1286.
LaTeX Info: Redefining \rmfamily on input line 1286.
LaTeX Info: Redefining \sffamily on input line 1286.
LaTeX Info: Redefining \ttfamily on input line 1286.
LaTeX Info: Redefining \rmfamily on input line 1289.
LaTeX Info: Redefining \sffamily on input line 1289.
LaTeX Info: Redefining \ttfamily on input line 1289.
LaTeX Info: Redefining \rmfamily on input line 1293.
LaTeX Info: Redefining \sffamily on input line 1293.
LaTeX Info: Redefining \ttfamily on input line 1293.
LaTeX Info: Redefining \rmfamily on input line 1303.
LaTeX Info: Redefining \sffamily on input line 1303.
LaTeX Info: Redefining \ttfamily on input line 1303.
LaTeX Info: Redefining \rmfamily on input line 1309.
LaTeX Info: Redefining \sffamily on input line 1309.
LaTeX Info: Redefining \ttfamily on input line 1309.
LaTeX Info: Redefining \rmfamily on input line 1309.
LaTeX Info: Redefining \sffamily on input line 1309.
LaTeX Info: Redefining \ttfamily on input line 1309.
LaTeX Info: Redefining \rmfamily on input line 1309.
LaTeX Info: Redefining \sffamily on input line 1309.
LaTeX Info: Redefining \ttfamily on input line 1309.

Underfull \hbox (badness 10000) in paragraph at lines 1309--1311
[][]\TU/JameelNooriNastaleeq(0)/b/n/10 اس کے بعد، ہم کام $\OML/zplm/m/it/10 W$ 
\TU/JameelNooriNastaleeq(0)/b/n/10 جاننا چاہیں گے۔ مساوات [][]۱۰.۵۳[][] []یا مس
اوات [][]۱۰.۵۴[][] []سے $\OML/zplm/m/it/10 W$ \TU/JameelNooriNastaleeq(0)/b/n/1
0 اور قرص پر عمل پیرا قوت مروڑ کا تعلق لکھا جا سکتا ہے۔ دھاگے کی[]
 []


Underfull \hbox (badness 10000) in paragraph at lines 1309--1311
[]\TU/JameelNooriNastaleeq(0)/b/n/10 قوت $[]$ واحد قوت ہے جس کی قوت مروڑ $\OT1/
zplm/m/n/10 (\OMS/zplm/m/n/10 ^^@\OML/zplm/m/it/10 TR\OT1/zplm/m/n/10 )$ \TU/Ja
meelNooriNastaleeq(0)/b/n/10 زاوی اسراع پیدا کر کے قرص پر کام سرانجام دیتی ہے۔ 
چونکہ $\OML/zplm/m/it/10 ^^K$ \TU/JameelNooriNastaleeq(0)/b/n/10 مستقل ہے، لہٰذ
ا یہ قوت مروڑ[]
 []

LaTeX Info: Redefining \rmfamily on input line 1314.
LaTeX Info: Redefining \sffamily on input line 1314.
LaTeX Info: Redefining \ttfamily on input line 1314.
LaTeX Info: Redefining \rmfamily on input line 1318.
LaTeX Info: Redefining \sffamily on input line 1318.
LaTeX Info: Redefining \ttfamily on input line 1318.
LaTeX Info: Redefining \rmfamily on input line 1318.
LaTeX Info: Redefining \sffamily on input line 1318.
LaTeX Info: Redefining \ttfamily on input line 1318.
[106]
Underfull \hbox (badness 10000) in paragraph at lines 1329--1331
[]\TU/AASameerSagarNastaleeqBold(0)/m/n/10 حوالہ لکیر  \TU/JameelNooriNastaleeq
(0)/b/n/10 پکی جڑی ہے، جو جسم کے ساتھ ساتھ گھومتی ہے۔ کسی مخصوص مقررہ رخ کے لحا
ظ سے ہم اس لکیر کا  \TU/AASameerSagarNastaleeqBold(0)/m/n/10 زاوی مقام  $\OML/z
plm/m/it/10 ^^R$ \TU/JameelNooriNastaleeq(0)/b/n/10 ناپتے ہیں۔ جب $\OML/zplm/m/
it/10 ^^R$ \TU/JameelNooriNastaleeq(0)/b/n/10 کی[]
 []

LaTeX Info: Redefining \rmfamily on input line 1333.
LaTeX Info: Redefining \sffamily on input line 1333.
LaTeX Info: Redefining \ttfamily on input line 1333.
LaTeX Info: Redefining \rmfamily on input line 1333.
LaTeX Info: Redefining \sffamily on input line 1333.
LaTeX Info: Redefining \ttfamily on input line 1333.
LaTeX Info: Redefining \rmfamily on input line 1337.
LaTeX Info: Redefining \sffamily on input line 1337.
LaTeX Info: Redefining \ttfamily on input line 1337.
LaTeX Info: Redefining \rmfamily on input line 1337.
LaTeX Info: Redefining \sffamily on input line 1337.
LaTeX Info: Redefining \ttfamily on input line 1337.
LaTeX Info: Redefining \rmfamily on input line 1342.
LaTeX Info: Redefining \sffamily on input line 1342.
LaTeX Info: Redefining \ttfamily on input line 1342.
LaTeX Info: Redefining \rmfamily on input line 1342.
LaTeX Info: Redefining \sffamily on input line 1342.
LaTeX Info: Redefining \ttfamily on input line 1342.
LaTeX Info: Redefining \rmfamily on input line 1349.
LaTeX Info: Redefining \sffamily on input line 1349.
LaTeX Info: Redefining \ttfamily on input line 1349.
LaTeX Info: Redefining \rmfamily on input line 1349.
LaTeX Info: Redefining \sffamily on input line 1349.
LaTeX Info: Redefining \ttfamily on input line 1349.
LaTeX Info: Redefining \rmfamily on input line 1353.
LaTeX Info: Redefining \sffamily on input line 1353.
LaTeX Info: Redefining \ttfamily on input line 1353.
LaTeX Info: Redefining \rmfamily on input line 1353.
LaTeX Info: Redefining \sffamily on input line 1353.
LaTeX Info: Redefining \ttfamily on input line 1353.
LaTeX Info: Redefining \rmfamily on input line 1360.
LaTeX Info: Redefining \sffamily on input line 1360.
LaTeX Info: Redefining \ttfamily on input line 1360.
LaTeX Info: Redefining \rmfamily on input line 1360.
LaTeX Info: Redefining \sffamily on input line 1360.
LaTeX Info: Redefining \ttfamily on input line 1360.
[107]
LaTeX Info: Redefining \rmfamily on input line 1364.
LaTeX Info: Redefining \sffamily on input line 1364.
LaTeX Info: Redefining \ttfamily on input line 1364.
LaTeX Info: Redefining \rmfamily on input line 1364.
LaTeX Info: Redefining \sffamily on input line 1364.
LaTeX Info: Redefining \ttfamily on input line 1364.
LaTeX Info: Redefining \rmfamily on input line 1368.
LaTeX Info: Redefining \sffamily on input line 1368.
LaTeX Info: Redefining \ttfamily on input line 1368.
LaTeX Info: Redefining \rmfamily on input line 1375.
LaTeX Info: Redefining \sffamily on input line 1375.
LaTeX Info: Redefining \ttfamily on input line 1375.
LaTeX Info: Redefining \rmfamily on input line 1375.
LaTeX Info: Redefining \sffamily on input line 1375.
LaTeX Info: Redefining \ttfamily on input line 1375.
LaTeX Info: Redefining \rmfamily on input line 1375.
LaTeX Info: Redefining \sffamily on input line 1375.
LaTeX Info: Redefining \ttfamily on input line 1375.
LaTeX Info: Redefining \rmfamily on input line 1375.
LaTeX Info: Redefining \sffamily on input line 1375.
LaTeX Info: Redefining \ttfamily on input line 1375.
LaTeX Info: Redefining \rmfamily on input line 1375.
LaTeX Info: Redefining \sffamily on input line 1375.
LaTeX Info: Redefining \ttfamily on input line 1375.
LaTeX Info: Redefining \rmfamily on input line 1375.
LaTeX Info: Redefining \sffamily on input line 1375.
LaTeX Info: Redefining \ttfamily on input line 1375.
LaTeX Info: Redefining \rmfamily on input line 1375.
LaTeX Info: Redefining \sffamily on input line 1375.
LaTeX Info: Redefining \ttfamily on input line 1375.
LaTeX Info: Redefining \rmfamily on input line 1375.
LaTeX Info: Redefining \sffamily on input line 1375.
LaTeX Info: Redefining \ttfamily on input line 1375.
LaTeX Info: Redefining \rmfamily on input line 1375.
LaTeX Info: Redefining \sffamily on input line 1375.
LaTeX Info: Redefining \ttfamily on input line 1375.
LaTeX Info: Redefining \rmfamily on input line 1375.
LaTeX Info: Redefining \sffamily on input line 1375.
LaTeX Info: Redefining \ttfamily on input line 1375.
LaTeX Info: Redefining \rmfamily on input line 1381.
LaTeX Info: Redefining \sffamily on input line 1381.
LaTeX Info: Redefining \ttfamily on input line 1381.
LaTeX Info: Redefining \rmfamily on input line 1381.
LaTeX Info: Redefining \sffamily on input line 1381.
LaTeX Info: Redefining \ttfamily on input line 1381.
LaTeX Info: Redefining \rmfamily on input line 1386.
LaTeX Info: Redefining \sffamily on input line 1386.
LaTeX Info: Redefining \ttfamily on input line 1386.
LaTeX Info: Redefining \rmfamily on input line 1386.
LaTeX Info: Redefining \sffamily on input line 1386.
LaTeX Info: Redefining \ttfamily on input line 1386.
LaTeX Info: Redefining \rmfamily on input line 1392.
LaTeX Info: Redefining \sffamily on input line 1392.
LaTeX Info: Redefining \ttfamily on input line 1392.
LaTeX Info: Redefining \rmfamily on input line 1392.
LaTeX Info: Redefining \sffamily on input line 1392.
LaTeX Info: Redefining \ttfamily on input line 1392.
LaTeX Info: Redefining \rmfamily on input line 1396.
LaTeX Info: Redefining \sffamily on input line 1396.
LaTeX Info: Redefining \ttfamily on input line 1396.
LaTeX Info: Redefining \rmfamily on input line 1396.
LaTeX Info: Redefining \sffamily on input line 1396.
LaTeX Info: Redefining \ttfamily on input line 1396.
LaTeX Info: Redefining \rmfamily on input line 1402.
LaTeX Info: Redefining \sffamily on input line 1402.
LaTeX Info: Redefining \ttfamily on input line 1402.
LaTeX Info: Redefining \rmfamily on input line 1402.
LaTeX Info: Redefining \sffamily on input line 1402.
LaTeX Info: Redefining \ttfamily on input line 1402.
LaTeX Info: Redefining \rmfamily on input line 1402.
LaTeX Info: Redefining \sffamily on input line 1402.
LaTeX Info: Redefining \ttfamily on input line 1402.
LaTeX Info: Redefining \rmfamily on input line 1402.
LaTeX Info: Redefining \sffamily on input line 1402.
LaTeX Info: Redefining \ttfamily on input line 1402.
 [108]
LaTeX Info: Redefining \rmfamily on input line 1408.
LaTeX Info: Redefining \sffamily on input line 1408.
LaTeX Info: Redefining \ttfamily on input line 1408.
LaTeX Info: Redefining \rmfamily on input line 1408.
LaTeX Info: Redefining \sffamily on input line 1408.
LaTeX Info: Redefining \ttfamily on input line 1408.
LaTeX Info: Redefining \rmfamily on input line 1412.
LaTeX Info: Redefining \sffamily on input line 1412.
LaTeX Info: Redefining \ttfamily on input line 1412.
LaTeX Info: Redefining \rmfamily on input line 1412.
LaTeX Info: Redefining \sffamily on input line 1412.
LaTeX Info: Redefining \ttfamily on input line 1412.
LaTeX Info: Redefining \rmfamily on input line 1416.
LaTeX Info: Redefining \sffamily on input line 1416.
LaTeX Info: Redefining \ttfamily on input line 1416.
LaTeX Info: Redefining \rmfamily on input line 1416.
LaTeX Info: Redefining \sffamily on input line 1416.
LaTeX Info: Redefining \ttfamily on input line 1416.

Underfull \hbox (badness 10000) in paragraph at lines 1416--1418
[]\TU/JameelNooriNastaleeq(0)/b/n/10 ان مساوات میں، محور گھماو سے مطلوبہ کمیتی 
ٹکڑے تک عمودی فاصلہ $\OML/zplm/m/it/10 r[]$ \TU/JameelNooriNastaleeq(0)/b/n/10 
اور $\OML/zplm/m/it/10 r$ \TU/JameelNooriNastaleeq(0)/b/n/10 ہے، اور تکمل پورے 
جسم پر لیا جائے گا تا کہ اس میں تمام کمیتی ٹکڑے شامل[]
 []

LaTeX Info: Redefining \rmfamily on input line 1423.
LaTeX Info: Redefining \sffamily on input line 1423.
LaTeX Info: Redefining \ttfamily on input line 1423.
LaTeX Info: Redefining \rmfamily on input line 1423.
LaTeX Info: Redefining \sffamily on input line 1423.
LaTeX Info: Redefining \ttfamily on input line 1423.

Underfull \hbox (badness 10000) in paragraph at lines 1423--1425
[]\TU/JameelNooriNastaleeq(0)/b/n/10 یہاں دونوں محور کے بیچ فاصلہ $\OML/zplm/m/
it/10 h$ \TU/JameelNooriNastaleeq(0)/b/n/10 ہے، اور مرکز کمیت پر محور کے لحاظ س
ے جسم کا گھمیری جمود $\OML/zplm/m/it/10 I[]$ \TU/JameelNooriNastaleeq(0)/b/n/10
 ہے۔ ہم $\OML/zplm/m/it/10 h$ \TU/JameelNooriNastaleeq(0)/b/n/10 کو مرکز کمیت پ
ر واقع محور سے اصل محور[]
 []

LaTeX Info: Redefining \rmfamily on input line 1431.
LaTeX Info: Redefining \sffamily on input line 1431.
LaTeX Info: Redefining \ttfamily on input line 1431.
LaTeX Info: Redefining \rmfamily on input line 1431.
LaTeX Info: Redefining \sffamily on input line 1431.
LaTeX Info: Redefining \ttfamily on input line 1431.
LaTeX Info: Redefining \rmfamily on input line 1431.
LaTeX Info: Redefining \sffamily on input line 1431.
LaTeX Info: Redefining \ttfamily on input line 1431.
LaTeX Info: Redefining \rmfamily on input line 1431.
LaTeX Info: Redefining \sffamily on input line 1431.
LaTeX Info: Redefining \ttfamily on input line 1431.
LaTeX Info: Redefining \rmfamily on input line 1431.
LaTeX Info: Redefining \sffamily on input line 1431.
LaTeX Info: Redefining \ttfamily on input line 1431.
LaTeX Info: Redefining \rmfamily on input line 1431.
LaTeX Info: Redefining \sffamily on input line 1431.
LaTeX Info: Redefining \ttfamily on input line 1431.

Underfull \hbox (badness 10000) in paragraph at lines 1431--1433
[]\TU/JameelNooriNastaleeq(0)/b/n/10 جہاں $[]$ کو $[]$ کا عمودی جزو $\OML/zplm/
m/it/10 F[]$ \TU/JameelNooriNastaleeq(0)/b/n/10 ، اور $[]$ اور $[]$ کے بیچ زاوی
ہ $\OML/zplm/m/it/10 ^^^$ \TU/JameelNooriNastaleeq(0)/b/n/10 ہے۔محور گھماو اور 
$[]$ سمتیہ سے گزرتی مبسوط لکیر کے بیچ عمودی فاصلہ $\OML/zplm/m/it/10 r[]$ \TU/J
ameelNooriNastaleeq(0)/b/n/10 ہے اس[]
 []


Underfull \hbox (badness 10000) in paragraph at lines 1434--1435
[][]\TU/JameelNooriNastaleeq(0)/b/n/10 قوت مروڑ کی بین الاقوامی اکائی نیوٹن میٹ
ر $\OT1/zplm/m/n/10 (\OT1/ppl/m/n/10 N m\OT1/zplm/m/n/10 )$ \TU/JameelNooriNast
aleeq(0)/b/n/10 ہے۔ اگر ساکن جسم کو قوت مروڑ $\OML/zplm/m/it/10 ^^\$ \TU/Jameel
NooriNastaleeq(0)/b/n/10 خلاف گھڑی گھمانے کی کوشش کرے، $\OML/zplm/m/it/10 ^^\$ 
\TU/JameelNooriNastaleeq(0)/b/n/10 مثبت ہو گی اور اگر[]
 []

LaTeX Info: Redefining \rmfamily on input line 1441.
LaTeX Info: Redefining \sffamily on input line 1441.
LaTeX Info: Redefining \ttfamily on input line 1441.
LaTeX Info: Redefining \rmfamily on input line 1441.
LaTeX Info: Redefining \sffamily on input line 1441.
LaTeX Info: Redefining \ttfamily on input line 1441.
LaTeX Info: Redefining \rmfamily on input line 1449.
LaTeX Info: Redefining \sffamily on input line 1449.
LaTeX Info: Redefining \ttfamily on input line 1449.
LaTeX Info: Redefining \rmfamily on input line 1449.
LaTeX Info: Redefining \sffamily on input line 1449.
LaTeX Info: Redefining \ttfamily on input line 1449.
LaTeX Info: Redefining \rmfamily on input line 1449.
LaTeX Info: Redefining \sffamily on input line 1449.
LaTeX Info: Redefining \ttfamily on input line 1449.
LaTeX Info: Redefining \rmfamily on input line 1449.
LaTeX Info: Redefining \sffamily on input line 1449.
LaTeX Info: Redefining \ttfamily on input line 1449.
[109]
LaTeX Info: Redefining \rmfamily on input line 1450.
LaTeX Info: Redefining \sffamily on input line 1450.
LaTeX Info: Redefining \ttfamily on input line 1450.
LaTeX Info: Redefining \rmfamily on input line 1453.
LaTeX Info: Redefining \sffamily on input line 1453.
LaTeX Info: Redefining \ttfamily on input line 1453.
LaTeX Info: Redefining \rmfamily on input line 1453.
LaTeX Info: Redefining \sffamily on input line 1453.
LaTeX Info: Redefining \ttfamily on input line 1453.
LaTeX Info: Redefining \rmfamily on input line 1457.
LaTeX Info: Redefining \sffamily on input line 1457.
LaTeX Info: Redefining \ttfamily on input line 1457.
LaTeX Info: Redefining \rmfamily on input line 1457.
LaTeX Info: Redefining \sffamily on input line 1457.
LaTeX Info: Redefining \ttfamily on input line 1457.

Underfull \hbox (badness 10000) in paragraph at lines 1464--1466
[]\TU/JameelNooriNastaleeq(0)/b/n/10 سوال  ۱۰.۱:  انتصابی دھرے پر قرص کی زاوی س
متی رفتار بالمقابل وقت ترسیم شکل 10.20 میں پیش ہے۔ قرص کے چکا پر ایک نقطہ کے لئ
ے لمحات $\OML/zplm/m/it/10 a$\TU/JameelNooriNastaleeq(0)/b/n/10 ،[]
 []


Underfull \hbox (badness 10000) in paragraph at lines 1470--1479
[] \TU/JameelNooriNastaleeq(0)/b/n/10 سوال  ۱۰.۳:  قرص کے وسط سے گزرتا انتصابی 
دھرے پر گھومتے قرص کے چکا پر قوت لاگو کر کے اس کی زاوی سمتی رفتار تبدیل کی جاتی
 ہے۔[]
 []


Underfull \hbox (badness 10000) in paragraph at lines 1470--1479
[]\TU/JameelNooriNastaleeq(0)/b/n/10 اس کی بالترتیب ابتدائی اور اختتامی سمتی رف
تار چار مختلف صورتوں میں ذیل ہیں: (ا) ابتدائی $\OMS/zplm/m/n/10 ^^@\OT1/ppl/m/n
/10 2 [] s[]$\TU/JameelNooriNastaleeq(0)/b/n/10 ، اختتامی $\OT1/ppl/m/n/10 5 []
 s[]$\TU/JameelNooriNastaleeq(0)/b/n/10 ؛ (ب)[]
 []


Underfull \hbox (badness 10000) in paragraph at lines 1470--1479
[]$\OT1/ppl/m/n/10 2 [] s[]$\TU/JameelNooriNastaleeq(0)/b/n/10 ، $\OT1/ppl/m/n/
10 5 [] s[]$\TU/JameelNooriNastaleeq(0)/b/n/10 ؛ (ج) $\OMS/zplm/m/n/10 ^^@\OT1/
ppl/m/n/10 2 [] s[]$\TU/JameelNooriNastaleeq(0)/b/n/10 ، $\OMS/zplm/m/n/10 ^^@\
OT1/ppl/m/n/10 5 [] s[]$\TU/JameelNooriNastaleeq(0)/b/n/10 ؛ (د) $\OT1/ppl/m/n/
10 2 [] s[]$\TU/JameelNooriNastaleeq(0)/b/n/10 ، $\OMS/zplm/m/n/10 ^^@\OT1/ppl/
m/n/10 5 [] s[]$\TU/JameelNooriNastaleeq(0)/b/n/10 ۔ اعظم قیمت[]
 []


Underfull \hbox (badness 10000) in paragraph at lines 1484--1488
[]\TU/JameelNooriNastaleeq(0)/b/n/10 گھڑی اور مستقل ہے، قوت دکھائے گئے زاویے بر
قرار رکھتی ہیں۔ تاہم، ہم چاہتے ہیں کہ $[]$ کی قدر تبدیل کیے بغیر $[]$ کا زاویہ 
$\OML/zplm/m/it/10 ^^R$ \TU/JameelNooriNastaleeq(0)/b/n/10 گھٹائیں۔ (ا) سمتی[]
 []


Underfull \hbox (badness 10000) in paragraph at lines 1484--1488
[]\TU/JameelNooriNastaleeq(0)/b/n/10 زاوی رفتار تبدیل نہ ہونے کے لئے کیا $[]$ ک
ی قدر بڑھانی ہو گی، گھٹانی ہو گی، یا برقرار رکھنی ہو گی؟ کیا (ب) $[]$ اور (ج) $
[]$ قرص کو گھڑی وار یا خلاف[]
 []


Underfull \hbox (badness 10000) in paragraph at lines 1488--1493
[] \TU/JameelNooriNastaleeq(0)/b/n/10 سوال  ۱۰.۶:  ایک چوکور جو نقطہ $\OML/zplm
/m/it/10 P$ \TU/JameelNooriNastaleeq(0)/b/n/10 پر د انتصابی دھرے کے گرد گھوم سک
تا ہے ، کا فضائی جائزہ شکل 10.24 میں لیا گیا ہے۔چوکور پر برابر قدر کی پانچ قوت[
]
 []


Underfull \hbox (badness 10000) in paragraph at lines 1493--1497
[] \TU/JameelNooriNastaleeq(0)/b/n/10 سوال  ۱۰.۷:  افقی چول دار سلاخ کا فضائی ج
ائزہ شکل 10.25a میں پیش ہے۔ سلاخ پر دو قوت عمل کرتی ہیں، تاہم سلاخ ساکن رہتا ہے
۔اب اگر سلاخ[]
 []

[110]
Underfull \hbox (badness 10000) in paragraph at lines 1497--1502
[] \TU/JameelNooriNastaleeq(0)/b/n/10 سوال  ۱۰.۸:  افقی چول دار سلاخ کا فضائی ج
ائزہ شکل 10.25b میں پیش ہے۔ سلاخ کو قوت $[]$ اور $[]$ چول پر گھماتی ہیں؛ $[]$ ا
ور سلاخ کے بیچ[]
 []


Underfull \hbox (badness 10000) in paragraph at lines 1497--1502
[]\TU/JameelNooriNastaleeq(0)/b/n/10 زاویہ $\OML/zplm/m/it/10 ^^^$ \TU/JameelNo
oriNastaleeq(0)/b/n/10 ہے۔سلاخ کے زاوی اسراع کی قدر کے لحاظ سے ، اعظم اول رکھ ک
ر، زاویہ $\OML/zplm/m/it/10 ^^^$ \TU/JameelNooriNastaleeq(0)/b/n/10 کی درج ذیل 
قیمتوں کی درجہ بندی کریں: $\OT1/ppl/m/n/10 90[]$\TU/JameelNooriNastaleeq(0)/b/n
/10 ، $\OT1/ppl/m/n/10 70[]$\TU/JameelNooriNastaleeq(0)/b/n/10 ، اور[]
 []


Underfull \hbox (badness 10000) in paragraph at lines 1502--1506
[] \TU/JameelNooriNastaleeq(0)/b/n/10 سوال  ۱۰.۹:  یکساں موٹائی کے دھاتی چادر ک
ا چوکور جس سے $\OT1/ppl/m/n/10 25 %$ \TU/JameelNooriNastaleeq(0)/b/n/10 حصہ کاٹ
ا گیا ہے، شکل 10.26 میں دکھایا گیا ہے۔ شکل پر تین حرفی نقطے دیے گئے[]
 []


Underfull \hbox (badness 10000) in paragraph at lines 1506--1511
[]\TU/JameelNooriNastaleeq(0)/b/n/10 وہی دو مادہ سے بنے ہیں۔ ایک مادہ دوسرے سے 
زیادہ کثیف ہے (فی اکائی حجم کمیت کو کثافت کہتے ہیں)۔ قرص $\OT1/ppl/m/n/10 1$ \T
U/JameelNooriNastaleeq(0)/b/n/10 اور $\OT1/ppl/m/n/10 3$ \TU/JameelNooriNastale
eq(0)/b/n/10 کا بیرونی نصف حصہ کثیر مادے کا[]
 []


Underfull \hbox (badness 10000) in paragraph at lines 1506--1511
[]\TU/JameelNooriNastaleeq(0)/b/n/10 ہے۔ قرص $\OT1/ppl/m/n/10 2$ \TU/JameelNoor
iNastaleeq(0)/b/n/10 کا اندرونی نصف حصہ کثیف مادے کا ہے۔ ایک جتنی قدر کی دو قوت
یں قرص کے بیرونی کنارے پر یا دو مادہ کے جوڑ پر، مماسی عمل کرتی ہیں۔ (ا)[]
 []


Underfull \hbox (badness 10000) in paragraph at lines 1511--1515
[] \TU/JameelNooriNastaleeq(0)/b/n/10 سوال  ۱۰.۱۱:  میٹر سلاخ کا آدھا حصہ لکڑی 
کا اور آدھا فولاد کا بنا ہو ہے (شکل 10.28a)۔ لکڑی والے سر $\OML/zplm/m/it/10 O$
 \TU/JameelNooriNastaleeq(0)/b/n/10 پر چول ہے۔ فولادی سر $\OML/zplm/m/it/10 a$ 
\TU/JameelNooriNastaleeq(0)/b/n/10 پر قوت[]
 []


Underfull \hbox (badness 10000) in paragraph at lines 1511--1515
[]$[]$ \TU/JameelNooriNastaleeq(0)/b/n/10 عمل کرتی ہے۔ شکل 10.28b میں سلاخ الٹی
 رکھی جاتی ہے اور فولادی سر $\OML/zplm/m/it/10 O[]$ \TU/JameelNooriNastaleeq(0)
/b/n/10 پر چول جبکہ لکڑی والے سر $\OML/zplm/m/it/10 a[]$ \TU/JameelNooriNastale
eq(0)/b/n/10 پر قوت لاگو کی جاتی ہے۔ کیا شکل[]
 []


Underfull \hbox (badness 10000) in paragraph at lines 1515--1520
[] \TU/JameelNooriNastaleeq(0)/b/n/10 سوال  ۱۰.۱۲:  یکساں کمیتی تقسیم کے تین قر
ص شکل 10.29 میں پیش ہیں۔ قرص کا رداس $\OML/zplm/m/it/10 R$ \TU/JameelNooriNasta
leeq(0)/b/n/10 اور کمیت $\OML/zplm/m/it/10 M$ \TU/JameelNooriNastaleeq(0)/b/n/1
0 دیے گئے ہیں۔ قرص کے وسط پر قرص کو[]
 []


Underfull \hbox (badness 10000) in paragraph at lines 1536--1540
[] \TU/JameelNooriNastaleeq(0)/b/n/10 سوال  ۱۰.۳:  ڈبل روٹی کا مکھن لگا ٹکڑا می
ز سے پھسل کر زمین پر چکر کھاتا گرتا ہے۔ میز سے زمین تک فاصلہ $\OT1/ppl/m/n/10 7
6 []$ \TU/JameelNooriNastaleeq(0)/b/n/10 اور $\OT1/ppl/m/n/10 1$ \TU/JameelNoor
iNastaleeq(0)/b/n/10 سے کم چکر کی صورت میں[]
 []


Underfull \hbox (badness 10000) in paragraph at lines 1545--1549
[] \TU/JameelNooriNastaleeq(0)/b/n/10 سوال  ۱۰.۵:  پانی تک $\OT1/ppl/m/n/10 10 
m$ \TU/JameelNooriNastaleeq(0)/b/n/10 بلند چبوترہ سے تیراک $\OT1/ppl/m/n/10 2.5
$ \TU/JameelNooriNastaleeq(0)/b/n/10 چکر کھا کر پہنچتا ہے۔صفر ابتدائی انتصابی س
متی رفتار فرض کر کے، پرواز کے دوران تیراک کی[]
 []

[111]
Underfull \hbox (badness 10000) in paragraph at lines 1553--1558
[] \TU/JameelNooriNastaleeq(0)/b/n/10 سوال  ۱۰.۷:  ایک پہیا میں، جس کا رداس $\O
T1/ppl/m/n/10 30 []$ \TU/JameelNooriNastaleeq(0)/b/n/10 ہے، آٹھ تیلیاں برابر فا
صلوں پر نصب ہیں۔ پہیا مقررہ دھرے پر $\OT1/ppl/m/n/10 2.5$ \TU/JameelNooriNastal
eeq(0)/b/n/10 چکر فی سیکنڈ گھوم رہا ہے۔[]
 []


Underfull \hbox (badness 10000) in paragraph at lines 1553--1558
[]\TU/JameelNooriNastaleeq(0)/b/n/10 آپ $\OT1/ppl/m/n/10 20 []$ \TU/JameelNoori
Nastaleeq(0)/b/n/10 لمبا تیر مار کر، دھرے کے متوازی ، تیلیوں کو چھوئے بغیر ، پہ
یے کے اندر سے گزارنا چاہتے ہیں۔ تیر اور تیلیوں کو انتہائی پتلا تصور کریں۔ (ا) ت
یر[]
 []


Underfull \hbox (badness 7981) in paragraph at lines 1558--1563
[] \TU/JameelNooriNastaleeq(0)/b/n/10 سوال  ۱۰.۸:  پہیے کا زاوی اسراع $\OML/zpl
m/m/it/10 ^^K \OT1/zplm/m/n/10 = \OT1/ppl/m/n/10 6.0\OML/zplm/m/it/10 t[] \OMS/
zplm/m/n/10 ^^@ \OT1/ppl/m/n/10 4.0\OML/zplm/m/it/10 t[]$ \TU/JameelNooriNastal
eeq(0)/b/n/10 ہے ، جہاں $\OML/zplm/m/it/10 ^^K$ \TU/JameelNooriNastaleeq(0)/b/n
/10 کا ناپ ریڈیئن فی مربع سیکنڈ اور $\OML/zplm/m/it/10 t$ \TU/JameelNooriNastal
eeq(0)/b/n/10 کا سیکنڈ میں ہے۔ وقت[]
 []


Underfull \hbox (badness 10000) in paragraph at lines 1568--1570
[]\TU/JameelNooriNastaleeq(0)/b/n/10 سوال  ۱۰.۹:  اپنے وسطی محور پر ڈرم $\OT1/p
pl/m/n/10 12.60 [] s[]$ \TU/JameelNooriNastaleeq(0)/b/n/10 زاوی سمتی رفتار سے گ
ھوم رہا ہے۔اگر اب ڈرم $\OT1/ppl/m/n/10 4.20 [] s[]$ \TU/JameelNooriNastaleeq(0)
/b/n/10 کی مستقل شرح[]
 []


Underfull \hbox (badness 10000) in paragraph at lines 1570--1574
[] \TU/JameelNooriNastaleeq(0)/b/n/10 سوال  ۱۰.۱۰:  ساکن حالت سے آغاز کر کے ایک
 قرص اپنے وسطی محور پر مستقل زاوی اسراع سے گھومتا ہے۔ ابتدائی $\OT1/ppl/m/n/10 
5.0 s$ \TU/JameelNooriNastaleeq(0)/b/n/10 میں قرص $\OT1/ppl/m/n/10 25 []$[]
 []


Underfull \hbox (badness 10000) in paragraph at lines 1570--1574
[]\TU/JameelNooriNastaleeq(0)/b/n/10 گھومتا ہے۔ اس دورانیہ میں (ا) زاوی اسراع ا
ور (ب) اوسط زاوی سمتی رفتار کی قدر کیا ہیں؟ (ج) اس $\OT1/ppl/m/n/10 5.0 s$ \TU/
JameelNooriNastaleeq(0)/b/n/10 دورانیے کے اختتام پر لمحاتی سمتی رفتار کیا ہو گی
؟[]
 []


Underfull \hbox (badness 10000) in paragraph at lines 1574--1578
[] \TU/JameelNooriNastaleeq(0)/b/n/10 سوال  ۱۰.۱۱:  ایک قرص جو ابتدائی طور $\OT
1/ppl/m/n/10 120 [] s[]$ \TU/JameelNooriNastaleeq(0)/b/n/10 سے گھوم رہا ہے، $\O
T1/ppl/m/n/10 4.0 [] s[]$ \TU/JameelNooriNastaleeq(0)/b/n/10 قدر کے مستقل اسراع
 سے آہستہ ہوتا ہے۔[]
 []

LaTeX Info: Redefining \rmfamily on input line 1582.
LaTeX Info: Redefining \sffamily on input line 1582.
LaTeX Info: Redefining \ttfamily on input line 1582.

Underfull \hbox (badness 3657) in paragraph at lines 1578--1583
[] \TU/JameelNooriNastaleeq(0)/b/n/10 سوال  ۱۰.۱۲:  ایک گاڑی کی \TU/AASameerSag
arNastaleeqBold(0)/m/n/10 کل [][] \TU/JameelNooriNastaleeq(0)/b/n/10 ( انجن )کی
 زاوی رفتار $\OT1/ppl/m/n/10 12 s$ \TU/JameelNooriNastaleeq(0)/b/n/10 میں $\OT1
/ppl/m/n/10 1200$ \TU/JameelNooriNastaleeq(0)/b/n/10 چکر فی منٹ سے بڑھا کر $\OT
1/ppl/m/n/10 3000$ \TU/JameelNooriNastaleeq(0)/b/n/10 چکر فی منٹ کی جاتی ہے۔ (ا
) اس کا[]
 []

LaTeX Info: Redefining \rmfamily on input line 1587.
LaTeX Info: Redefining \sffamily on input line 1587.
LaTeX Info: Redefining \ttfamily on input line 1587.

Underfull \hbox (badness 10000) in paragraph at lines 1583--1588
[] \TU/JameelNooriNastaleeq(0)/b/n/10 سوال  ۱۰.۱۳:   \TU/AASameerSagarNastaleeq
Bold(0)/m/n/10 اڑن پہیا [][] $\OT1/ppl/m/n/10 40$ \TU/JameelNooriNastaleeq(0)/b
/n/10 چکروں میں $\OT1/ppl/m/n/10 1.5 [] s[]$ \TU/JameelNooriNastaleeq(0)/b/n/10
 زاوی رفتار سے ساکن حالت کو پہنچتا ہے۔ (ا) مستقل زاوی اسراع فرض کرتے[]
 []


Underfull \hbox (badness 10000) in paragraph at lines 1588--1592
[] \TU/JameelNooriNastaleeq(0)/b/n/10 سوال  ۱۰.۱۴:  ساکن حالت سے آغاز کر کے، مس
تقل اسراع کے ساتھ، اپنی وسطی محور پر قرص گھومتا ہے۔ کسی ایک لمحے قرص $\OT1/ppl/
m/n/10 10$ \TU/JameelNooriNastaleeq(0)/b/n/10 چکر فی سیکنڈ سے گھومتا[]
 []


Underfull \hbox (badness 10000) in paragraph at lines 1588--1592
[]\TU/JameelNooriNastaleeq(0)/b/n/10 ہے؛ $\OT1/ppl/m/n/10 60$ \TU/JameelNooriNa
staleeq(0)/b/n/10 چکر بعد اس کی زاوی رفتار $\OT1/ppl/m/n/10 15$ \TU/JameelNoori
Nastaleeq(0)/b/n/10 چکر فی سیکنڈ ہے۔ (ا) قرص کا زاوی اسراع، (ب)یہ $\OT1/ppl/m/n
/10 60$ \TU/JameelNooriNastaleeq(0)/b/n/10 چکر کو درکار دورانیہ، (ج) $\OT1/ppl/
m/n/10 10$ \TU/JameelNooriNastaleeq(0)/b/n/10 چکر فی سیکنڈ رفتار تک[]
 []


Underfull \hbox (badness 10000) in paragraph at lines 1597--1602
[] \TU/JameelNooriNastaleeq(0)/b/n/10 سوال  ۱۰.۱۶:  ساکن حالت سے آغاز کر کے محو
ر گھماو پر قرص زاوی اسراع $\OT1/ppl/m/n/10 1.50 [] s[]$ \TU/JameelNooriNastalee
q(0)/b/n/10 سے چلتا ہے۔(ا) ابتدائی $\OT1/ppl/m/n/10 2.00$ \TU/JameelNooriNastal
eeq(0)/b/n/10 چکر اور (ب) اگلے[]
 []

[112]
Underfull \hbox (badness 1789) in paragraph at lines 1602--1606
[] \TU/JameelNooriNastaleeq(0)/b/n/10 سوال  ۱۰.۱۷:  لمحہ $\OML/zplm/m/it/10 t \
OT1/zplm/m/n/10 = \OT1/ppl/m/n/10 0$ \TU/JameelNooriNastaleeq(0)/b/n/10 پر اڑن 
پہیے کی زاوی سمتی رفتار $\OT1/ppl/m/n/10 4.7 [] s[]$\TU/JameelNooriNastaleeq(0)
/b/n/10 ،مستقل زاوی اسراع $\OMS/zplm/m/n/10 ^^@\OT1/ppl/m/n/10 0.25 [] s[]$\TU/
JameelNooriNastaleeq(0)/b/n/10 ، اور حوالہ لکیر[]
 []

LaTeX Info: Redefining \rmfamily on input line 1610.
LaTeX Info: Redefining \sffamily on input line 1610.
LaTeX Info: Redefining \ttfamily on input line 1610.
LaTeX Info: Redefining \rmfamily on input line 1610.
LaTeX Info: Redefining \sffamily on input line 1610.
LaTeX Info: Redefining \ttfamily on input line 1610.
Missing character: There is no ١ (U+0661) in font Jameel Noori Nastaleeq/OT:scr
ipt=arab;language=dflt;mapping=tex-text;!
Missing character: There is no ٠ (U+0660) in font Jameel Noori Nastaleeq/OT:scr
ipt=arab;language=dflt;mapping=tex-text;!
Missing character: There is no ٥ (U+0665) in font Jameel Noori Nastaleeq/OT:scr
ipt=arab;language=dflt;mapping=tex-text;!
Missing character: There is no ٤ (U+0664) in font Jameel Noori Nastaleeq/OT:scr
ipt=arab;language=dflt;mapping=tex-text;!
LaTeX Info: Redefining \rmfamily on input line 1610.
LaTeX Info: Redefining \sffamily on input line 1610.
LaTeX Info: Redefining \ttfamily on input line 1610.

Underfull \hbox (badness 2302) in paragraph at lines 1606--1611
[] \TU/JameelNooriNastaleeq(0)/b/n/10 سوال  ۱۰.۱۸:   \TU/AASameerSagarNastaleeq
Bold(0)/m/n/10 نابض [][] \TU/JameelNooriNastaleeq(0)/b/n/10 تیزی سے گھومتے نیوٹ
ران تارہ کو کہتے ہیں جو منارہ نور کی طرح شعاع خارج کرتا ہے۔ نابض ہر چکر کے دورا
ن زمین پر ایک مرتبہ[]
 []


Underfull \hbox (badness 3108) in paragraph at lines 1606--1611
[]\TU/JameelNooriNastaleeq(0)/b/n/10 شعاع مارتا ہے۔ دو متواتر شعاعوں کے بیچ دور
انیہ ناپ کر گھومنے کا دوری عرصہ $\OML/zplm/m/it/10 T$ \TU/JameelNooriNastaleeq(
0)/b/n/10 معلوم کیا جاتا ہے۔  \TU/AASameerSagarNastaleeqBold(0)/m/n/10 سدیم الس
رطان [][] \TU/JameelNooriNastaleeq(0)/b/n/10 میں موجود نابض کا دوری عرصہ[]
 []


Underfull \hbox (badness 3895) in paragraph at lines 1606--1611
[]\TU/JameelNooriNastaleeq(0)/b/n/10 ہو،نابض آج سے کتنے سال بعد رک جائے گا؟ (ج)
 یہ نابض  ١٠٥٤ ؁  میں دیکھے گئے  \TU/AASameerSagarNastaleeqBold(0)/m/n/10 مستعر
 اعظم [][] \TU/JameelNooriNastaleeq(0)/b/n/10 دھماکے میں پیدا ہوا۔ مستقل $\OML/
zplm/m/it/10 ^^K$ \TU/JameelNooriNastaleeq(0)/b/n/10 تصور کر کے ابتدائی[]
 []


Underfull \hbox (badness 10000) in paragraph at lines 1616--1618
[]\TU/JameelNooriNastaleeq(0)/b/n/10 سوال  ۱۰.۱۹:  خلائی طیارہ $\OT1/ppl/m/n/10
 29 000 [] h[]$ \TU/JameelNooriNastaleeq(0)/b/n/10 رفتار سے چلتے ہوئے $\OT1/ppl
/m/n/10 3220 []$ \TU/JameelNooriNastaleeq(0)/b/n/10 رداس کا دائری موڑ کاٹتا ہے۔
طیارے (ا) کی زاوی سمتی[]
 []

Missing character: There is no ١ (U+0661) in font Jameel Noori Nastaleeq/OT:scr
ipt=arab;language=dflt;mapping=tex-text;!
Missing character: There is no ٩ (U+0669) in font Jameel Noori Nastaleeq/OT:scr
ipt=arab;language=dflt;mapping=tex-text;!
Missing character: There is no ١ (U+0661) in font Jameel Noori Nastaleeq/OT:scr
ipt=arab;language=dflt;mapping=tex-text;!
Missing character: There is no ١ (U+0661) in font Jameel Noori Nastaleeq/OT:scr
ipt=arab;language=dflt;mapping=tex-text;!
Missing character: There is no ١ (U+0661) in font Jameel Noori Nastaleeq/OT:scr
ipt=arab;language=dflt;mapping=tex-text;!
Missing character: There is no ٩ (U+0669) in font Jameel Noori Nastaleeq/OT:scr
ipt=arab;language=dflt;mapping=tex-text;!
Missing character: There is no ٩ (U+0669) in font Jameel Noori Nastaleeq/OT:scr
ipt=arab;language=dflt;mapping=tex-text;!
Missing character: There is no ٠ (U+0660) in font Jameel Noori Nastaleeq/OT:scr
ipt=arab;language=dflt;mapping=tex-text;!
LaTeX Info: Redefining \rmfamily on input line 1627.
LaTeX Info: Redefining \sffamily on input line 1627.
LaTeX Info: Redefining \ttfamily on input line 1627.

Underfull \hbox (badness 10000) in paragraph at lines 1623--1628
[] \TU/JameelNooriNastaleeq(0)/b/n/10 سوال  ۱۰.۲۱:   ١٩١١ ؁  اور  ١٩٩٠ ؁  کے بی
چ اطالیہ کے شہر پیسا میں واقع \TU/AASameerSagarNastaleeqBold(0)/m/n/10 جھکا بُر
ج [][] \TU/JameelNooriNastaleeq(0)/b/n/10 کی چوٹی جنوب کے رخ سالانہ اوسطاً $\OT
1/ppl/m/n/10 1.2 []$ \TU/JameelNooriNastaleeq(0)/b/n/10 حرکت کرتی[]
 []

LaTeX Info: Redefining \rmfamily on input line 1631.
LaTeX Info: Redefining \sffamily on input line 1631.
LaTeX Info: Redefining \ttfamily on input line 1631.

Underfull \hbox (badness 10000) in paragraph at lines 1632--1637
[] \TU/JameelNooriNastaleeq(0)/b/n/10 سوال  ۱۰.۲۳:  ایک اڑن پہیا جس کا قطر $\OT
1/ppl/m/n/10 1.20 m$ \TU/JameelNooriNastaleeq(0)/b/n/10 ہے $\OT1/ppl/m/n/10 200
$ \TU/JameelNooriNastaleeq(0)/b/n/10 چکر فی منٹ کی زاوی رفتار سے گھوم رہا ہے۔ (
ا) اڑن پہیے کی زاوی رفتار ریڈیئن فی سیکنڈ[]
 []


Underfull \hbox (badness 10000) in paragraph at lines 1632--1637
[]\TU/JameelNooriNastaleeq(0)/b/n/10 میں کتنی ہے؟ (ب) اڑن پہیے کے چکا پر نقطے ک
ی خطی رفتار کیا ہو گی؟ (ج) پہیے کی زاوی رفتار $\OT1/ppl/m/n/10 60 s$ \TU/Jameel
NooriNastaleeq(0)/b/n/10 میں بڑھا کر $\OT1/ppl/m/n/10 1000$ \TU/JameelNooriNast
aleeq(0)/b/n/10 چکر فی منٹ کرنے کے لئے مستقل[]
 []

LaTeX Info: Redefining \rmfamily on input line 1640.
LaTeX Info: Redefining \sffamily on input line 1640.
LaTeX Info: Redefining \ttfamily on input line 1640.
LaTeX Info: Redefining \rmfamily on input line 1640.
LaTeX Info: Redefining \sffamily on input line 1640.
LaTeX Info: Redefining \ttfamily on input line 1640.

Underfull \hbox (badness 10000) in paragraph at lines 1637--1641
[] \TU/JameelNooriNastaleeq(0)/b/n/10 سوال  ۱۰.۲۴:  \TU/AASameerSagarNastaleeqB
old(0)/m/n/10 گراموفون [][] \TU/JameelNooriNastaleeq(0)/b/n/10 کی سوئی (پلاسٹک 
کی بنی ہوئی) \TU/AASameerSagarNastaleeqBold(0)/m/n/10 تھالی [][] \TU/JameelNoor
iNastaleeq(0)/b/n/10 کی چوڑیوں پر چل کر آواز پیدا کرتی ہے۔چوڑی میں پیچ و خم پر 
چل کر سوئی ارتعاش[]
 []


Underfull \hbox (badness 10000) in paragraph at lines 1637--1641
[]\TU/JameelNooriNastaleeq(0)/b/n/10 پذیر ہو گی۔گراموفون میکانی ارتعاش کو پہلے 
برقی ارتعاش میں اور اس کے بعد آواز میں تبدیل کرتا ہے۔ فرض کریں تھالی $\OT1/ppl/
m/n/10 33[]$ \TU/JameelNooriNastaleeq(0)/b/n/10 چکر فی منٹ شرح سے گھومتی[]
 []


Underfull \hbox (badness 10000) in paragraph at lines 1637--1641
[]\TU/JameelNooriNastaleeq(0)/b/n/10 ہے، جس چوڑی کو بجایا جا رہا ہے، اس کا رداس
 $\OT1/ppl/m/n/10 10.0 []$ \TU/JameelNooriNastaleeq(0)/b/n/10 ہے، اور چوڑی میں 
خم یکساں $\OT1/ppl/m/n/10 1.75 []$ \TU/JameelNooriNastaleeq(0)/b/n/10 فاصلوں پر
 پائے جاتے ہیں۔ خم کس شرح (ٹکر فی[]
 []

[113]
LaTeX Info: Redefining \rmfamily on input line 1644.
LaTeX Info: Redefining \sffamily on input line 1644.
LaTeX Info: Redefining \ttfamily on input line 1644.
LaTeX Info: Redefining \rmfamily on input line 1644.
LaTeX Info: Redefining \sffamily on input line 1644.
LaTeX Info: Redefining \ttfamily on input line 1644.
LaTeX Info: Redefining \rmfamily on input line 1649.
LaTeX Info: Redefining \sffamily on input line 1649.
LaTeX Info: Redefining \ttfamily on input line 1649.
LaTeX Info: Redefining \rmfamily on input line 1649.
LaTeX Info: Redefining \sffamily on input line 1649.
LaTeX Info: Redefining \ttfamily on input line 1649.

Underfull \hbox (badness 1590) in paragraph at lines 1645--1650
[] \TU/JameelNooriNastaleeq(0)/b/n/10 سوال  ۱۰.۲۶:  \TU/AASameerSagarNastaleeqB
old(0)/m/n/10 دخانی کل [][] \TU/JameelNooriNastaleeq(0)/b/n/10 (دخانی انجن ) کا
 اڑن پہیا $\OT1/ppl/m/n/10 150$ \TU/JameelNooriNastaleeq(0)/b/n/10 چکر فی منٹ ک
ی مستقل زاوی سمتی رفتار سے حرکت میں ہے۔ بھاپ روکنے پر  \TU/AASameerSagarNastale
eqBold(0)/m/n/10 بیرم [][] \TU/JameelNooriNastaleeq(0)/b/n/10 کی[]
 []


Underfull \hbox (badness 10000) in paragraph at lines 1645--1650
[]\TU/JameelNooriNastaleeq(0)/b/n/10 کتنے چکر کاٹتا ہے؟ (ج) جس لمحہ اڑن پہیے کی
 زاوی رفتار $\OT1/ppl/m/n/10 75$ \TU/JameelNooriNastaleeq(0)/b/n/10 چکر فی منٹ 
ہے، پہیے پر محور گھماو سے $\OT1/ppl/m/n/10 50 []$ \TU/JameelNooriNastaleeq(0)/b
/n/10 فاصلے پر نقطے کے خطی اسراع کا مماسی جزو کیا[]
 []

LaTeX Info: Redefining \rmfamily on input line 1653.
LaTeX Info: Redefining \sffamily on input line 1653.
LaTeX Info: Redefining \ttfamily on input line 1653.

Underfull \hbox (badness 7851) in paragraph at lines 1650--1654
[]\TU/JameelNooriNastaleeq(0)/b/n/10 (ب) پھسلنے سے بچنے کے لئے کم سے کم سکونی ر
گڑ کا مستقل کیا ہو گا؟ (ج) اگر ساکن حالت سے تختہ اس رفتار تک $\OT1/ppl/m/n/10 0
.25 s$ \TU/JameelNooriNastaleeq(0)/b/n/10 میں مستقل زاوی اسراع سے پہنچا[]
 []


Underfull \hbox (badness 10000) in paragraph at lines 1659--1663
[]\TU/JameelNooriNastaleeq(0)/b/n/10 کنارے پر شگاف سے کرن گزر کر دور آئینہ سے ٹ
کرا کر، اسی راہ پر واپس چلتے ہوئے ، پہیے پر پہنچتی ہے؛ اس دورانیہ میں پہیا ایک 
شگاف آگے بڑھتا ہے؛ یوں کرن[]
 []

LaTeX Info: Redefining \rmfamily on input line 1667.
LaTeX Info: Redefining \sffamily on input line 1667.
LaTeX Info: Redefining \ttfamily on input line 1667.

Underfull \hbox (badness 10000) in paragraph at lines 1663--1668
[] \TU/JameelNooriNastaleeq(0)/b/n/10 سوال  ۱۰.۳۰:  \TU/AASameerSagarNastaleeqB
old(0)/m/n/10 مسکن چرخی [][] \TU/JameelNooriNastaleeq(0)/b/n/10 کے اڑن پہیے کو،
 جس کا رداس $\OT1/ppl/m/n/10 2.83 []$ \TU/JameelNooriNastaleeq(0)/b/n/10 ہے ، س
اکن حالت سے $\OT1/ppl/m/n/10 14.2 [] s[]$ \TU/JameelNooriNastaleeq(0)/b/n/10 سے
 مسرع کر کے[]
 []


Underfull \hbox (badness 10000) in paragraph at lines 1663--1668
[]$\OT1/ppl/m/n/10 2760$ \TU/JameelNooriNastaleeq(0)/b/n/10 چکر فی منٹ کی زاوی 
رفتار تک لایا جاتا ہے۔ (ا) اس دوران پہیے کے چکا پر واقع نقطے کے مماسی اسراع کیا
 ہو گا؟ (ب) پوری رفتار پر گھومنے کے دوران[]
 []


Underfull \hbox (badness 10000) in paragraph at lines 1668--1672
[] \TU/JameelNooriNastaleeq(0)/b/n/10 سوال  ۱۰.۳۱:  ایک قرص، جس کا رداس $\OT1/p
pl/m/n/10 0.25 m$ \TU/JameelNooriNastaleeq(0)/b/n/10 ہے،قرص کی وسطی انتصابی محو
ر پر $\OT1/ppl/m/n/10 800 []$ \TU/JameelNooriNastaleeq(0)/b/n/10 گھمانا مقصود ہ
ے۔ساکن حالت سے آغاز کر کے،[]
 []


Underfull \hbox (badness 10000) in paragraph at lines 1668--1672
[]\TU/JameelNooriNastaleeq(0)/b/n/10 ابتدائی $\OT1/ppl/m/n/10 400 []$ \TU/Jamee
lNooriNastaleeq(0)/b/n/10 کے دوران قرص کو مستقل $\OML/zplm/m/it/10 ^^K[]$ \TU/J
ameelNooriNastaleeq(0)/b/n/10 شرح سے مسرع کیا جاتا ہے جس کے بعد مستقل $\OMS/zpl
m/m/n/10 ^^@\OML/zplm/m/it/10 ^^K[]$ \TU/JameelNooriNastaleeq(0)/b/n/10 شرح سے 
اس کی زاوی رفتار گھٹائی جاتی[]
 []

[114]
Underfull \hbox (badness 10000) in paragraph at lines 1672--1677
[] \TU/JameelNooriNastaleeq(0)/b/n/10 سوال  ۱۰.۳۲:  ساکن حالت سے آغاز کر کے گاڑ
ی $\OT1/ppl/m/n/10 30.0 m$ \TU/JameelNooriNastaleeq(0)/b/n/10 رداس کی دائری راہ
 پر چلتی ہے۔ اس کی رفتار $\OT1/ppl/m/n/10 0.500 m s[]$ \TU/JameelNooriNastaleeq
(0)/b/n/10 مستقل شرح سے[]
 []


Underfull \hbox (badness 10000) in paragraph at lines 1672--1677
[]\TU/JameelNooriNastaleeq(0)/b/n/10 بڑھتی ہے۔ (ا) \TU/JameelNooriNastaleeq(0)/
m/n/9 صافی  \TU/JameelNooriNastaleeq(0)/b/n/10 خطی اسراع کی قدر $\OT1/ppl/m/n/1
0 15.0 s$ \TU/JameelNooriNastaleeq(0)/b/n/10 بعد کیا ہو گی؟ (ب) اس لمحے پر گاڑی
 کا صافی سمتیہ اسراع اور گاڑی کی سمتی رفتار آپس میں کس زاویے پر[]
 []


Underfull \hbox (badness 4181) in paragraph at lines 1685--1689
[] \TU/JameelNooriNastaleeq(0)/b/n/10 سوال  ۱۰.۳۴:  ایک پتلی سلاخ ایک سر پر گھم
ائی جاتی ہے۔شکل 10.33 میں سلاخ کی زاوی رفتار بالمقابل وقت پیش ہے۔ محور $\OML/zp
lm/m/it/10 !$ \TU/JameelNooriNastaleeq(0)/b/n/10 کا پیمانہ $\OML/zplm/m/it/10 !
[] \OT1/zplm/m/n/10 =$[]
 []


Underfull \hbox (badness 10000) in paragraph at lines 1695--1697
[]\TU/JameelNooriNastaleeq(0)/b/n/10 سوال  ۱۰.۳۵:  دو یکساں ٹھوس بیلن اپنے اپنے
 وسطی (طولی) محور پر $\OT1/ppl/m/n/10 235 [] s[]$ \TU/JameelNooriNastaleeq(0)/b
/n/10 سے گھوم رہے ہیں۔ ان کی انفرادی کمیت $\OT1/ppl/m/n/10 1.25 []$ \TU/JameelN
ooriNastaleeq(0)/b/n/10 تاہم[]
 []


Underfull \hbox (badness 10000) in paragraph at lines 1695--1697
[]\TU/JameelNooriNastaleeq(0)/b/n/10 رداس مختلف ہیں۔ (ا) چھوٹے بیلن کی ، جس کا 
رداس $\OT1/ppl/m/n/10 0.25 m$ \TU/JameelNooriNastaleeq(0)/b/n/10 ہے، اور (ب) بڑ
ے بیلن کی، جس کا رداس $\OT1/ppl/m/n/10 0.75 m$ \TU/JameelNooriNastaleeq(0)/b/n/
10 ہے، گھمیری حرکی توانائی کیا ہو[]
 []


Underfull \hbox (badness 10000) in paragraph at lines 1697--1701
[] \TU/JameelNooriNastaleeq(0)/b/n/10 سوال  ۱۰.۳۶:  قرص کے وسط سے رداسی $\OML/z
plm/m/it/10 h$ \TU/JameelNooriNastaleeq(0)/b/n/10 فاصلے پر محور کے گرد قرص گھوم
 سکتا ہے (شکل 10.34a)۔ قرص کے وسط سے کنارے تک[]
 []


Underfull \hbox (badness 10000) in paragraph at lines 1697--1701
[]$\OML/zplm/m/it/10 h$ \TU/JameelNooriNastaleeq(0)/b/n/10 کی قیمتوں کے لئے قرص
 کا گھمیری جمود $\OML/zplm/m/it/10 I$ \TU/JameelNooriNastaleeq(0)/b/n/10 شکل 10
.34b میں ترسیم کیا گیا ہے۔ محور $\OML/zplm/m/it/10 I$ \TU/JameelNooriNastaleeq(
0)/b/n/10 کا پیمانہ $\OML/zplm/m/it/10 I[] \OT1/zplm/m/n/10 = \OT1/ppl/m/n/10 0
.050 [] m[]$ \TU/JameelNooriNastaleeq(0)/b/n/10 اور[]
 []


Underfull \hbox (badness 10000) in paragraph at lines 1701--1705
[] \TU/JameelNooriNastaleeq(0)/b/n/10 سوال  ۱۰.۳۷:  میٹر سلاخ ، جس کی کمیت $\OT
1/ppl/m/n/10 0.56 []$ \TU/JameelNooriNastaleeq(0)/b/n/10 ہے، کا گھمیری جمود $\O
T1/ppl/m/n/10 20 []$ \TU/JameelNooriNastaleeq(0)/b/n/10 نشان پر واقع سلاخ کو عم
ودی محور پر تلاش کریں۔ (میٹر سلاخ کو[]
 []


Underfull \hbox (badness 10000) in paragraph at lines 1705--1710
[]\TU/JameelNooriNastaleeq(0)/b/n/10 کمیت $\OT1/ppl/m/n/10 0.0100 []$ \TU/Jamee
lNooriNastaleeq(0)/b/n/10 ہے۔ یہ نظام سلاخ کے بائیں سر پر واقع نقطہ $\OML/zplm/
m/it/10 O$ \TU/JameelNooriNastaleeq(0)/b/n/10 سے گزرتی عمودی محور پر گھوم سکتا 
ہے۔ ہم ایک ذرہ ہٹاتے ہیں (جو $\OT1/ppl/m/n/10 33 %$ \TU/JameelNooriNastaleeq(0)
/b/n/10 کمیت[]
 []


Underfull \hbox (badness 10000) in paragraph at lines 1710--1714
[] \TU/JameelNooriNastaleeq(0)/b/n/10 سوال  ۱۰.۳۹:  اڑن پہیے کو برقی موٹر سے $\
OT1/ppl/m/n/10 200\OML/zplm/m/it/10 ^^Y$ \TU/JameelNooriNastaleeq(0)/b/n/10 ریڈ
یئن فی سیکنڈ رفتار تک پہنچا کر گھومتے اڑن پہیے میں ذخیرہ توانائی سے ٹرک چلایا ج
ا سکتا ہے۔ فرض[]
 []


Underfull \hbox (badness 10000) in paragraph at lines 1710--1714
[]\TU/JameelNooriNastaleeq(0)/b/n/10 کریں اڑن پہیا ٹھوس اور یکساں بیلن ہے، جس ک
ی کمیت $\OT1/ppl/m/n/10 500 []$ \TU/JameelNooriNastaleeq(0)/b/n/10 اور رداس $\O
T1/ppl/m/n/10 1.0 m$ \TU/JameelNooriNastaleeq(0)/b/n/10 ہے۔ (ا) بھرائی کے بعد ا
ڑن پہیے کی حرکی توانائی کتنی ہو گی؟ (ب)[]
 []


Underfull \hbox (badness 10000) in paragraph at lines 1714--1718
[] \TU/JameelNooriNastaleeq(0)/b/n/10 سوال  ۱۰.۴۰:  بالکل ایک جیسے $\OT1/ppl/m/
n/10 15$ \TU/JameelNooriNastaleeq(0)/b/n/10 قرص سیدھ میں رکھ کر سلاخ کی شکل میں
 ، جس کی لمبائی $\OML/zplm/m/it/10 L \OT1/zplm/m/n/10 = \OT1/ppl/m/n/10 1.0000 
m$ \TU/JameelNooriNastaleeq(0)/b/n/10 اور (کل) کمیت[]
 []


Underfull \hbox (badness 10000) in paragraph at lines 1714--1718
[]$\OML/zplm/m/it/10 M \OT1/zplm/m/n/10 = \OT1/ppl/m/n/10 100.0 []$ \TU/JameelN
ooriNastaleeq(0)/b/n/10 ہے، جوڑے گئے ہیں (شکل 10.36)۔ قرص یکساں ہیں اور پورا نظ
ام درمیانے قرص کے وسطی نقطہ $\OML/zplm/m/it/10 O$ \TU/JameelNooriNastaleeq(0)/b
/n/10 پر گھوم سکتا[]
 []


Underfull \hbox (badness 10000) in paragraph at lines 1714--1718
[]\TU/JameelNooriNastaleeq(0)/b/n/10 ہے۔ (ا) اس محور پر نظام کا گھمیری جمود تلا
ش کریں۔ (ب) نظام کو $\OML/zplm/m/it/10 M$ \TU/JameelNooriNastaleeq(0)/b/n/10 کم
یت اور $\OML/zplm/m/it/10 L$ \TU/JameelNooriNastaleeq(0)/b/n/10 لمبائی کی سلاخ 
تصور کرنے سے جدول 10.2e کا کلیہ استعمال کرنے[]
 []

[115]
Underfull \hbox (badness 10000) in paragraph at lines 1736--1740
[] \TU/JameelNooriNastaleeq(0)/b/n/10 سوال  ۱۰.۴۴:  چار ایک جیسے ذروں کو ، جن ک
ی انفرادی کمیت $\OT1/ppl/m/n/10 0.50 []$ \TU/JameelNooriNastaleeq(0)/b/n/10 ہے،
 $\OT1/ppl/m/n/10 2.0 m \OMS/zplm/m/n/10 ^^B \OT1/ppl/m/n/10 2.0 m$ \TU/JameelN
ooriNastaleeq(0)/b/n/10 چوکور کی چار راس پر رکھے جاتے ہیں، اور[]
 []


Underfull \hbox (badness 1308) in paragraph at lines 1736--1740
[]\TU/JameelNooriNastaleeq(0)/b/n/10 انہیں بلا کمیت سلاخوں سے، جو چوکور کے اضلا
ع بناتے ہیں، جوڑا جاتا ہے۔ (ا) مخالف اضلاع کے وسطی نقطوں سے گزرتی محور گھماو پر
، جو چوکور کی سطح میں پایا جاتا[]
 []


Underfull \hbox (badness 10000) in paragraph at lines 1736--1740
[]\TU/JameelNooriNastaleeq(0)/b/n/10 ہے، (ب) ایک ضلع کے وسطی نقطہ سے گزرتی محور
 گھماو پر، جو چوکور کی سطح کو عمودی ہے، اور (ج) وتری مخالف ذروں سے گزرتی محور گ
ھماو پر، جو چوکور کی سطح[]
 []


Underfull \hbox (badness 6691) in paragraph at lines 1746--1748
[]\TU/JameelNooriNastaleeq(0)/b/n/10 سوال  ۱۰.۴۵:  ایک جسم پر ، جس کا چول نقطہ 
$\OML/zplm/m/it/10 O$ \TU/JameelNooriNastaleeq(0)/b/n/10 پر ہے، دو قوت عمل کرتی
 ہیں (شکل 10.39)۔ اگر $\OML/zplm/m/it/10 r[] \OT1/zplm/m/n/10 = \OT1/ppl/m/n/10
 1.30 m$\TU/JameelNooriNastaleeq(0)/b/n/10 ، $\OML/zplm/m/it/10 r[] \OT1/zplm/m
/n/10 =$[]
 []


Underfull \hbox (badness 10000) in paragraph at lines 1748--1755
[] \TU/JameelNooriNastaleeq(0)/b/n/10 سوال  ۱۰.۴۶:  ایک جسم پر، جس کا چول $\OML
/zplm/m/it/10 O$ \TU/JameelNooriNastaleeq(0)/b/n/10 پر ہے، تین قوت عمل کرتی ہیں
 (شکل 10.40) جو ذیل ہیں: نقطہ $\OML/zplm/m/it/10 A$ \TU/JameelNooriNastaleeq(0)
/b/n/10 پر جو $\OML/zplm/m/it/10 O$ \TU/JameelNooriNastaleeq(0)/b/n/10 سے $\OT1
/ppl/m/n/10 8.0 m$ \TU/JameelNooriNastaleeq(0)/b/n/10 فاصلے[]
 []


Underfull \hbox (badness 10000) in paragraph at lines 1755--1760
[] \TU/JameelNooriNastaleeq(0)/b/n/10 سوال  ۱۰.۴۷:  بلا کمیت، $\OT1/ppl/m/n/10 
1.25 m$ \TU/JameelNooriNastaleeq(0)/b/n/10 لمبی ، سلاخ کے ایک سر پر $\OT1/ppl/m
/n/10 0.75 []$ \TU/JameelNooriNastaleeq(0)/b/n/10 گیند باندھ کر ، سلاخ کا دوسرا
 سر چول سے لٹکایا جاتا ہے۔ جب حاصل[]
 []


Underfull \hbox (badness 10000) in paragraph at lines 1760--1764
[] \TU/JameelNooriNastaleeq(0)/b/n/10 سوال  ۱۰.۴۸:  سائیکل کے پائیدان کا بازو $
\OT1/ppl/m/n/10 0.152 m$ \TU/JameelNooriNastaleeq(0)/b/n/10 ہے اور سائیکل سوار 
پائیدان پر $\OT1/ppl/m/n/10 111 N$ \TU/JameelNooriNastaleeq(0)/b/n/10 نشیبی قوت
 لاگو کرتا ہے۔ پائیدان بازو کے چول پر[]
 []

LaTeX Info: Redefining \rmfamily on input line 1771.
LaTeX Info: Redefining \sffamily on input line 1771.
LaTeX Info: Redefining \ttfamily on input line 1771.

Underfull \hbox (badness 10000) in paragraph at lines 1770--1772
[]\TU/JameelNooriNastaleeq(0)/b/n/10 سوال  ۱۰.۴۹:  \TU/AASameerSagarNastaleeqBo
ld(0)/m/n/10 تختہ غوطہ [][] \TU/JameelNooriNastaleeq(0)/b/n/10 سے تالاب میں کود
 کر غوطہ خور کی زاوی رفتار ، اس کے مرکز کمیت پر، $\OT1/ppl/m/n/10 220 []$ \TU/J
ameelNooriNastaleeq(0)/b/n/10 میں صفر سے $\OT1/ppl/m/n/10 6.20 [] s[]$[]
 []

[116]
LaTeX Info: Redefining \rmfamily on input line 1780.
LaTeX Info: Redefining \sffamily on input line 1780.
LaTeX Info: Redefining \ttfamily on input line 1780.

Underfull \hbox (badness 1097) in paragraph at lines 1776--1781
[] \TU/JameelNooriNastaleeq(0)/b/n/10 سوال  ۱۰.۵۱:  بلا رگڑ افقی دھرے پر رداس $
\OML/zplm/m/it/10 R \OT1/zplm/m/n/10 = \OT1/ppl/m/n/10 5.00 []$ \TU/JameelNoori
Nastaleeq(0)/b/n/10 کا  \TU/AASameerSagarNastaleeqBold(0)/m/n/10 جرثقیل [][] \T
U/JameelNooriNastaleeq(0)/b/n/10 نصب ہے، جس سے کمیت $\OML/zplm/m/it/10 m[] \OT1
/zplm/m/n/10 = \OT1/ppl/m/n/10 460 g$ \TU/JameelNooriNastaleeq(0)/b/n/10 کی سل[
]
 []


Underfull \hbox (badness 1331) in paragraph at lines 1776--1781
[]$\OT1/ppl/m/n/10 1$ \TU/JameelNooriNastaleeq(0)/b/n/10 اور کمیت $\OML/zplm/m/
it/10 m[] \OT1/zplm/m/n/10 = \OT1/ppl/m/n/10 500 g$ \TU/JameelNooriNastaleeq(0)
/b/n/10 کی سل $\OT1/ppl/m/n/10 2$ \TU/JameelNooriNastaleeq(0)/b/n/10 لٹکی ہے (ش
کل 10.41)۔ ساکن حالت سے رہائی پر $\OT1/ppl/m/n/10 5.0 s$ \TU/JameelNooriNastale
eq(0)/b/n/10 میں سل $\OT1/ppl/m/n/10 2$ $75.0 []$ \TU/JameelNooriNastaleeq(0)/b
/n/10 گرتی ہے۔[]
 []


Underfull \hbox (badness 10000) in paragraph at lines 1781--1786
[] \TU/JameelNooriNastaleeq(0)/b/n/10 سوال  ۱۰.۵۲:  ایک بیلن ، جس کی کمیت $\OT1
/ppl/m/n/10 2.0 []$ \TU/JameelNooriNastaleeq(0)/b/n/10 ہے،اپنی وسطی طولی محور پ
ر، جو $\OML/zplm/m/it/10 O$ \TU/JameelNooriNastaleeq(0)/b/n/10 پر واقع ہے، گھوم
 سکتا ہے (شکل 10.42)۔ لاگو قوت ذیل[]
 []


Underfull \hbox (badness 10000) in paragraph at lines 1786--1792
[] \TU/JameelNooriNastaleeq(0)/b/n/10 سوال  ۱۰.۵۳:  یکساں قرص اپنی وسطی انتصابی
 محور پر گھوم سکتا ہے (شکل 10.43)۔ قرص ، جو ابتدائی طور پر ساکن ہے، کی کمیت $\O
T1/ppl/m/n/10 20.0 g$ \TU/JameelNooriNastaleeq(0)/b/n/10 اور رداس[]
 []


Underfull \hbox (badness 10000) in paragraph at lines 1792--1796
[] \TU/JameelNooriNastaleeq(0)/b/n/10 سوال  ۱۰.۵۴:  جاپانی کُشتی جوڈو کہلاتی ہے
۔ ایک داو میں آپ حریف کا بایاں پاوں مار کر اٹھاتے ہیں اور ساتھ ہی اس کو وردی سے
 پکڑ کر بائیں کھینچتے ہیں۔[]
 []


Underfull \hbox (badness 10000) in paragraph at lines 1792--1796
[]\TU/JameelNooriNastaleeq(0)/b/n/10 نتیجتاً، حریف اپنے دائیں پاوں پر گھوم کر ز
مین پر گرتا ہے۔ شکل 10.44 میں آپ کا حریف دکھایا گیا ہے، جس میں اس کا بایاں پاوں
 زمین سے اٹھا دکھایا گیا[]
 []


Underfull \hbox (badness 10000) in paragraph at lines 1792--1796
[]$\OT1/ppl/m/n/10 70 []$ \TU/JameelNooriNastaleeq(0)/b/n/10 اور $\OML/zplm/m/i
t/10 O$ \TU/JameelNooriNastaleeq(0)/b/n/10 پر گھمیری جمود $\OT1/ppl/m/n/10 65 [
] m[]$ \TU/JameelNooriNastaleeq(0)/b/n/10 ہے۔ (ا) آپ کی قوت $[]$ قابل نظر انداز
 ہونے کی صورت میں اور (ب) آپ کی قوت افقی، اس کی[]
 []


Underfull \hbox (badness 7451) in paragraph at lines 1796--1801
[] \TU/JameelNooriNastaleeq(0)/b/n/10 سوال  ۱۰.۵۵:  یکساں موٹائی اور کثافت (کمی
ت فی اکائی حجم) کے پلاسٹک کی بے قاعدہ چادر نقطہ $\OML/zplm/m/it/10 O$ \TU/Jamee
lNooriNastaleeq(0)/b/n/10 پر واقع، سطح چادر کو عمودی، محور پر گھمائی جاتی ہے (ش
کل[]
 []


Underfull \hbox (badness 10000) in paragraph at lines 1796--1801
[]\TU/JameelNooriNastaleeq(0)/b/n/10 10.45a)۔ اس محور پر چادر کا گھمیری جمود در
ج ذیل ترکیب سے ناپا جاتا ہے۔ رداس $\OT1/ppl/m/n/10 2.00 []$ \TU/JameelNooriNast
aleeq(0)/b/n/10 اور کمیت $\OT1/ppl/m/n/10 0.500 []$ \TU/JameelNooriNastaleeq(0)
/b/n/10 کا دائری قرص چادر کے[]
 []


Underfull \hbox (badness 6493) in paragraph at lines 1796--1801
[]\TU/JameelNooriNastaleeq(0)/b/n/10 ساتھ یوں چسپاں کیا جاتا ہے کہ قرص کا وسط $
\OML/zplm/m/it/10 O$ \TU/JameelNooriNastaleeq(0)/b/n/10 پر ہو (شکل 10.45b)۔ لٹو
 پر دھاگہ لپیٹنے کی طرح قرص پر دھاگہ لپیٹ کر دھاگہ $\OT1/ppl/m/n/10 5.0 s$ \TU/
JameelNooriNastaleeq(0)/b/n/10 کے لئے کھینچا جاتا[]
 []


Underfull \hbox (badness 10000) in paragraph at lines 1796--1801
[]\TU/JameelNooriNastaleeq(0)/b/n/10 ہے۔نتیجتاً، قرص کے چکا پر مماسی لاگو $\OT1
/ppl/m/n/10 0.400 N$ \TU/JameelNooriNastaleeq(0)/b/n/10 مستقل قوت قرص اور چادر 
دونوں کو گھماتی ہے۔ماحصل زاوی رفتار $\OT1/ppl/m/n/10 114 [] s[]$ \TU/JameelNoor
iNastaleeq(0)/b/n/10 ہے۔ محور[]
 []


Underfull \hbox (badness 10000) in paragraph at lines 1801--1806
[] \TU/JameelNooriNastaleeq(0)/b/n/10 سوال  ۱۰.۵۶:  دو ذرے $\OT1/ppl/m/n/10 1$ 
\TU/JameelNooriNastaleeq(0)/b/n/10 اور $\OT1/ppl/m/n/10 2$ \TU/JameelNooriNasta
leeq(0)/b/n/10 جن کی انفرادی کمیت $\OML/zplm/m/it/10 m$ \TU/JameelNooriNastalee
q(0)/b/n/10 ہے بلا کمیت سلاخ کے سروں پر جڑے ہیں (شکل 10.46)۔ سلاخ کی لمبائی[]
 []


Underfull \hbox (badness 10000) in paragraph at lines 1806--1810
[] \TU/JameelNooriNastaleeq(0)/b/n/10 سوال  ۱۰.۵۷:  ایک جرثقیل کا رداس $\OT1/pp
l/m/n/10 10 []$ \TU/JameelNooriNastaleeq(0)/b/n/10 اور دھرے پر گھمیری جمود $\OT
1/ppl/m/n/10 1.0 \OMS/zplm/m/n/10 ^^B \OT1/ppl/m/n/10 10[] [] m[]$ \TU/JameelNo
oriNastaleeq(0)/b/n/10 ہے۔ جرثقیل کے چکا پر مماسی تغیر پذیر[]
 []

[117]
LaTeX Info: Redefining \rmfamily on input line 1821.
LaTeX Info: Redefining \sffamily on input line 1821.
LaTeX Info: Redefining \ttfamily on input line 1821.

Underfull \hbox (badness 7685) in paragraph at lines 1818--1822
[] \TU/JameelNooriNastaleeq(0)/b/n/10 سوال  ۱۰.۵۹:  گاڑی کا  \TU/AASameerSagarN
astaleeqBold(0)/m/n/10 خمدار دھرا [][] \TU/JameelNooriNastaleeq(0)/b/n/10 (کرین
ک شافٹ) $\OT1/ppl/m/n/10 1800$ \TU/JameelNooriNastaleeq(0)/b/n/10 چکر فی منٹ رف
تار سے گھومتے ہوئے انجن سے دھرے (اکسل) تک $\OT1/ppl/m/n/10 74.6 []$[]
 []


Underfull \hbox (badness 10000) in paragraph at lines 1822--1827
[] \TU/JameelNooriNastaleeq(0)/b/n/10 سوال  ۱۰.۶۰:  ایک پتلی سلاخ ، جس کی لمبائ
ی $\OT1/ppl/m/n/10 0.75 m$ \TU/JameelNooriNastaleeq(0)/b/n/10 اور کمیت $\OT1/pp
l/m/n/10 0.42 []$ \TU/JameelNooriNastaleeq(0)/b/n/10 ہے ، ایک سر سے لٹکی ہے۔ سل
اخ کو ایک جانب کھینچ کر رہا کر کے[]
 []


Underfull \hbox (badness 7326) in paragraph at lines 1822--1827
[]\TU/JameelNooriNastaleeq(0)/b/n/10 رقاص کی طرح جھولنے دیا جاتا ہے؛ نشیب سے سل
اخ $\OT1/ppl/m/n/10 4.0 [] s[]$ \TU/JameelNooriNastaleeq(0)/b/n/10 زاوی رفتار س
ے گزرتی ہے۔ رگڑ اور ہوائی رکاوٹ نظر انداز کریں۔ (ا) نشیبی مقام پر[]
 []


Underfull \hbox (badness 10000) in paragraph at lines 1827--1831
[] \TU/JameelNooriNastaleeq(0)/b/n/10 سوال  ۱۰.۶۱:  ایک پہیا ، جس کو دائری پتلی
 سلاخ تصور کیا جا سکتا ہے ، کی کمیت $\OT1/ppl/m/n/10 32.0 []$ \TU/JameelNooriNa
staleeq(0)/b/n/10 اور رداس $\OT1/ppl/m/n/10 1.20 m$ \TU/JameelNooriNastaleeq(0)
/b/n/10 ہے اور اس کی زاوی رفتار $\OT1/ppl/m/n/10 280$[]
 []


Underfull \hbox (badness 4492) in paragraph at lines 1831--1835
[] \TU/JameelNooriNastaleeq(0)/b/n/10 سوال  ۱۰.۶۲:  تین ذروں کو، جن کی انفرادی 
کمیت $\OT1/ppl/m/n/10 0.0100 []$ \TU/JameelNooriNastaleeq(0)/b/n/10 ہے، بلا کمی
ت $\OML/zplm/m/it/10 L \OT1/zplm/m/n/10 = \OT1/ppl/m/n/10 6.00 []$ \TU/JameelNo
oriNastaleeq(0)/b/n/10 لمبی سلاخ کے ساتھ جوڑا گیا ہے جو،[]
 []


Underfull \hbox (badness 10000) in paragraph at lines 1831--1835
[]\TU/JameelNooriNastaleeq(0)/b/n/10 سلاخ کے سر پر نقطہ $\OML/zplm/m/it/10 O$ \
TU/JameelNooriNastaleeq(0)/b/n/10 پر واقع سلاخ کو عمودی، محور پر گھوم سکتی ہے (
شکل 10.35)۔ گھمیری شرح کو (ا) $\OT1/ppl/m/n/10 0$ \TU/JameelNooriNastaleeq(0)/b
/n/10 سے $\OT1/ppl/m/n/10 20.0 [] s[]$ \TU/JameelNooriNastaleeq(0)/b/n/10 کرنے،
 (ب)[]
 []


Underfull \hbox (badness 2990) in paragraph at lines 1831--1835
[]$\OT1/ppl/m/n/10 20.0 [] s[]$ \TU/JameelNooriNastaleeq(0)/b/n/10 سے $\OT1/ppl
/m/n/10 40.0 [] s[]$ \TU/JameelNooriNastaleeq(0)/b/n/10 کرنے، اور (ج) $\OT1/ppl
/m/n/10 40.0 [] s[]$ \TU/JameelNooriNastaleeq(0)/b/n/10 سے $\OT1/ppl/m/n/10 60.
0 [] s[]$ \TU/JameelNooriNastaleeq(0)/b/n/10 کرنے میں کتنا کام درکار ہو گا؟ (د)
[]
 []


Underfull \hbox (badness 10000) in paragraph at lines 1835--1840
[] \TU/JameelNooriNastaleeq(0)/b/n/10 سوال  ۱۰.۶۳:  میٹر سلاخ زمین پر کھڑی کر ک
ے گرنے دی جاتی ہے۔ عین زمین پر پہنچ کر سلاخ کے دوسرے سر کی رفتار کیا ہو گی؟زمین
 پر رکھا گیا سر پھسلتا[]
 []


Underfull \hbox (badness 10000) in paragraph at lines 1840--1844
[] \TU/JameelNooriNastaleeq(0)/b/n/10 سوال  ۱۰.۶۴:  یکساں بیلن کو، جس کا رداس $
\OT1/ppl/m/n/10 10 []$ \TU/JameelNooriNastaleeq(0)/b/n/10 اور کمیت $\OT1/ppl/m/
n/10 20 []$ \TU/JameelNooriNastaleeq(0)/b/n/10 ہے، یوں رکھا جاتا ہے کہ بیلن کی 
وسطی طولی محور کے متوازی، $\OT1/ppl/m/n/10 5.0 []$[]
 []


Underfull \hbox (badness 10000) in paragraph at lines 1840--1844
[]\TU/JameelNooriNastaleeq(0)/b/n/10 فاصلے پر ، افقی محور کے گرد گھوم سکے۔ (ا) 
محور گھماو پر بیلن کا گھمیری جمود تلاش کریں۔ (ب) بیلن کی وسطی طولی محور کو محور
 گھماو کی بلندی پر رکھ کر ساکن بیلن[]
 []


Underfull \hbox (badness 10000) in paragraph at lines 1844--1849
[] \TU/JameelNooriNastaleeq(0)/b/n/10 سوال  ۱۰.۶۵:  ایک بلند بیلنی آتش دان جس ک
ی بنیاد کمزور پڑ گئی تھی گرتا ہے۔آتش دان کو پتلی سلاخ تصور کریں جس کی لمبائی $\
OT1/ppl/m/n/10 55.0 m$ \TU/JameelNooriNastaleeq(0)/b/n/10 ہے۔ گرنے[]
 []


Underfull \hbox (badness 10000) in paragraph at lines 1844--1849
[]\TU/JameelNooriNastaleeq(0)/b/n/10 کے دوران جس لمحے انتصاب کے ساتھ آتش دان $\
OT1/ppl/m/n/10 35.0[]$ \TU/JameelNooriNastaleeq(0)/b/n/10 زاویہ بناتا ہے ، اس ک
ے بالا سر کا (ا) رداسی اسراع، اور (ب) مماسی اسراع کیا ہوں گے؟ (اشارہ:[]
 []

[118]
LaTeX Info: Redefining \rmfamily on input line 1856.
LaTeX Info: Redefining \sffamily on input line 1856.
LaTeX Info: Redefining \ttfamily on input line 1856.

Underfull \hbox (badness 10000) in paragraph at lines 1863--1865
[]\TU/JameelNooriNastaleeq(0)/b/n/10 سوال  ۱۰.۶۸:  دو ٹھوس یکساں کرہ کی انفرادی
 کمیت $\OT1/ppl/m/n/10 1.65 []$\TU/JameelNooriNastaleeq(0)/b/n/10 ، اور رداس $\
OT1/ppl/m/n/10 0.226 m$ \TU/JameelNooriNastaleeq(0)/b/n/10 اور $\OT1/ppl/m/n/10
 0.854 m$ \TU/JameelNooriNastaleeq(0)/b/n/10 ہیں ۔دونوں اپنی اپنی محور پر، جو ک
رہ[]
 []


Underfull \hbox (badness 10000) in paragraph at lines 1863--1865
[]\TU/JameelNooriNastaleeq(0)/b/n/10 کے مرکز سے گزرتی ہے، گھوم سکتے ہیں۔ (ا) چھ
وٹے کرہ کو ساکن حالت سے $\OT1/ppl/m/n/10 15.5 s$ \TU/JameelNooriNastaleeq(0)/b/
n/10 میں $\OT1/ppl/m/n/10 317 [] s[]$ \TU/JameelNooriNastaleeq(0)/b/n/10 زاوی ر
فتار تک لانے کے لئے درکار $\OML/zplm/m/it/10 ^^\$[]
 []


Underfull \hbox (badness 10000) in paragraph at lines 1865--1870
[]\TU/JameelNooriNastaleeq(0)/b/n/10 مستوی میں ہوں (شکل 10.49)۔ بڑے قرص کے مرکز
 $\OML/zplm/m/it/10 O$ \TU/JameelNooriNastaleeq(0)/b/n/10 پر واقع عمودی محور کے
 گرد نظام گھوم سکتا ہے۔ دونوں قرص کی یکساں کثافت (کمیت فی اکائی[]
 []


Underfull \hbox (badness 10000) in paragraph at lines 1870--1875
[] \TU/JameelNooriNastaleeq(0)/b/n/10 سوال  ۱۰.۷۰:  ایک پہیا ساکن حالت سے آغاز 
کر کے $\OT1/ppl/m/n/10 2.00 [] s[]$ \TU/JameelNooriNastaleeq(0)/b/n/10 مستقل اس
راع کے ساتھ گھومتا ہے۔ کسی مخصوص $\OT1/ppl/m/n/10 3.00 s$ \TU/JameelNooriNastal
eeq(0)/b/n/10 دورانیے میں[]
 []


Underfull \hbox (badness 10000) in paragraph at lines 1870--1875
[]\TU/JameelNooriNastaleeq(0)/b/n/10 پہیا $\OT1/ppl/m/n/10 90.0 []$ \TU/JameelN
ooriNastaleeq(0)/b/n/10 گھومتا ہے۔ (ا) اس $\OT1/ppl/m/n/10 3.00 s$ \TU/JameelNo
oriNastaleeq(0)/b/n/10 دورانیہ کے آغاز میں پہیے کی زاوی سمتی رفتار کیا ہے؟ (ب) 
$\OT1/ppl/m/n/10 3.00 s$ \TU/JameelNooriNastaleeq(0)/b/n/10 دورانیے سے قبل پہیا
 کتنی دیر[]
 []


Underfull \hbox (badness 10000) in paragraph at lines 1875--1879
[] \TU/JameelNooriNastaleeq(0)/b/n/10 سوال  ۱۰.۷۱:  دو جسم ، جن کی انفرادی کمیت
 $\OT1/ppl/m/n/10 6.20 []$ \TU/JameelNooriNastaleeq(0)/b/n/10 ہے، بلا کمیت دھاگ
ے سے آپس میں باندھے گئے ہیں (شکل 10.50)۔ دھاگہ $\OT1/ppl/m/n/10 2.40 []$[]
 []


Underfull \hbox (badness 10000) in paragraph at lines 1875--1879
[]\TU/JameelNooriNastaleeq(0)/b/n/10 ہے یا نہیں؛ جرثقیل کا دھرا بلا رگڑ ہے۔ ساک
ن حالت سے رہائی پر $\OT1/ppl/m/n/10 91.0 []$ \TU/JameelNooriNastaleeq(0)/b/n/10
 میں جرثقیل $\OT1/ppl/m/n/10 0.130 []$ \TU/JameelNooriNastaleeq(0)/b/n/10 گھومت
ا ہے، اور اجسام کا اسراع مستقل ہے۔[]
 []

LaTeX Info: Redefining \rmfamily on input line 1882.
LaTeX Info: Redefining \sffamily on input line 1882.
LaTeX Info: Redefining \ttfamily on input line 1882.

Underfull \hbox (badness 10000) in paragraph at lines 1879--1883
[] \TU/JameelNooriNastaleeq(0)/b/n/10 سوال  ۱۰.۷۲:  پتلی سلاخ، جس کی کمیت $\OT1
/ppl/m/n/10 6.40 []$ \TU/JameelNooriNastaleeq(0)/b/n/10 اور لمبائی $\OT1/ppl/m/
n/10 1.20 m$ \TU/JameelNooriNastaleeq(0)/b/n/10 ہے، کے دونوں سر پر $\OT1/ppl/m/
n/10 1.06 []$ \TU/JameelNooriNastaleeq(0)/b/n/10 کا گیند نصب کیا جاتا ہے۔ سلاخ 
کے[]
 []


Underfull \hbox (badness 10000) in paragraph at lines 1879--1883
[]\TU/JameelNooriNastaleeq(0)/b/n/10 مرکز پر واقع انتصابی محور پر سلاخ افقی مست
وی میں گھوم سکتی ہے۔ کسی مخصوص لمحے پر سلاخ $\OT1/ppl/m/n/10 39.0$ \TU/JameelNo
oriNastaleeq(0)/b/n/10 چکر فی منٹ سے گھومتی ہے۔ رگڑ کی وجہ سے $\OT1/ppl/m/n/10 
32.0 s$[]
 []


Underfull \hbox (badness 3148) in paragraph at lines 1879--1883
[]\TU/JameelNooriNastaleeq(0)/b/n/10 میں یہ رک جاتی ہے۔ رگڑ کی \TU/AASameerSaga
rNastaleeqBold(0)/m/n/10 آہستہ کن [][] \TU/JameelNooriNastaleeq(0)/b/n/10 قوت م
روڑ مستقل تصور کریں۔ (ا) زاوی اسراع، (ب) آہستہ کن قوت مروڑ، (ج) میکانی توانائی 
سے حری توانائی[]
 []


Underfull \hbox (badness 10000) in paragraph at lines 1879--1883
[]\TU/JameelNooriNastaleeq(0)/b/n/10 میں رگڑ کی بنا منتقل توانائی کی قدر، اور (
د) ان $\OT1/ppl/m/n/10 32.0 s$ \TU/JameelNooriNastaleeq(0)/b/n/10 میں چکر کی تع
داد تلاش کریں۔ (ہ) ا فرض کریں آہستہ کن قوت مروڑ مستقل نہیں۔ کیا جزو ا، ب، ج،[]
 []


Underfull \hbox (badness 10000) in paragraph at lines 1883--1888
[] \TU/JameelNooriNastaleeq(0)/b/n/10 سوال  ۱۰.۷۳:  ہیلی کاپٹر کے یکساں پَر کی 
لمبائی $\OT1/ppl/m/n/10 7.8 m$ \TU/JameelNooriNastaleeq(0)/b/n/10 اور کمیت $\OT
1/ppl/m/n/10 110 []$ \TU/JameelNooriNastaleeq(0)/b/n/10 ہے، اور ایک قابلہ اس کو
 مدور دھرے کے ساتھ جوڑتا ہے۔ (ا) جب[]
 []


Underfull \hbox (badness 10000) in paragraph at lines 1883--1888
[]\TU/JameelNooriNastaleeq(0)/b/n/10 مدور $\OT1/ppl/m/n/10 320$ \TU/JameelNoori
Nastaleeq(0)/b/n/10 چکر فی منٹ سے گھومتا ہے (جو اس کی پوری رفتار ہے)، قابلے پر 
دھرے کی قوت کی قدر کیا ہو گی؟ (اشارہ:اس حساب کے لئے پَر کو کمیتی نقطہ[]
 []


Underfull \hbox (badness 10000) in paragraph at lines 1883--1888
[]\TU/JameelNooriNastaleeq(0)/b/n/10 تصور کیا جا سکتا ہے جو پَر کے مرکز کمیت پر
 واقع ہو۔ کیوں؟) (ب) ساکن حالت سے $\OT1/ppl/m/n/10 6.70 s$ \TU/JameelNooriNasta
leeq(0)/b/n/10 میں پوری رفتار تک پہنچانے کے لئے مدور پر درکار قوت مروڑ[]
 []


Underfull \hbox (badness 4518) in paragraph at lines 1883--1888
[]\TU/JameelNooriNastaleeq(0)/b/n/10 کیا ہو گی؟ ہوا کی رگڑ نظر انداز کریں (اس ح
ساب میں پَر کو کمیتی نقطہ تصور نہیں کیا جا سکتا۔ کیوں نہیں؟ پتلی سلاخ پر یکساں 
کمیتی تقسیم تصور کیا جا سکتا ہے۔) (ج)[]
 []

[119]
Underfull \hbox (badness 10000) in paragraph at lines 1889--1894
[]\TU/JameelNooriNastaleeq(0)/b/n/10 ہیں۔ قرص $\OML/zplm/m/it/10 A$ \TU/JameelN
ooriNastaleeq(0)/b/n/10 پہلے سے $\OT1/ppl/m/n/10 9.5 [] s[]$ \TU/JameelNooriNas
taleeq(0)/b/n/10 زاوی رفتار سے حرکت میں ہے۔قرص $\OML/zplm/m/it/10 B$ \TU/Jameel
NooriNastaleeq(0)/b/n/10 جو ساکن ہے اب $\OT1/ppl/m/n/10 2.2 [] s[]$ \TU/JameelN
ooriNastaleeq(0)/b/n/10 مستقل زاوی اسراع سے[]
 []


Underfull \hbox (badness 10000) in paragraph at lines 1894--1899
[] \TU/JameelNooriNastaleeq(0)/b/n/10 سوال  ۱۰.۷۵:  رسی پر چلنے والا شخص اپنا م
رکز کمیت رسی پر رکھتا ہے۔لمبا اور بھارا ڈنڈا ہاتھ میں ہونا مدد گار ثابت ہوتا ہے
: اگر مرکز کمیت رسی سے دائیں منتقل[]
 []


Underfull \hbox (badness 10000) in paragraph at lines 1894--1899
[]\TU/JameelNooriNastaleeq(0)/b/n/10 ہو اور رسی پر گھوم کر گرنے کا خطرہ ہو، شخص
 ڈنڈے کو بائیں حرکت دے کر گھماو آہستہ کر کے سنبھلتا ہے۔ فرض کریں شخص کی کمیت $\
OT1/ppl/m/n/10 70.0 []$ \TU/JameelNooriNastaleeq(0)/b/n/10 اور رسی پر[]
 []


Underfull \hbox (badness 10000) in paragraph at lines 1894--1899
[]\TU/JameelNooriNastaleeq(0)/b/n/10 گھمیری جمود $\OT1/ppl/m/n/10 15.0 [] m[]$ 
\TU/JameelNooriNastaleeq(0)/b/n/10 ہے۔رسی پر اس کے زاوی اسراع کی قدر کیا ہو گی 
اگر اس کا مرکز کمیت رسی سے $\OT1/ppl/m/n/10 5.0 []$ \TU/JameelNooriNastaleeq(0)
/b/n/10 دائیں ہو ، اور (ا) اس کے پاس[]
 []


Underfull \hbox (badness 10000) in paragraph at lines 1904--1908
[] \TU/JameelNooriNastaleeq(0)/b/n/10 سوال  ۱۰.۷۷:  تختہ گھوم $\OT1/ppl/m/n/10 
33[]$ \TU/JameelNooriNastaleeq(0)/b/n/10 چکر فی منٹ کی رفتار سے $\OT1/ppl/m/n/1
0 30 s$ \TU/JameelNooriNastaleeq(0)/b/n/10 میں بتدریج آہستہ ہو کر رکتا ہے۔ (ا) 
اس کا (مستقل) زاوی اسراع ، چکر فی مربع منٹ[]
 []

LaTeX Info: Redefining \rmfamily on input line 1911.
LaTeX Info: Redefining \sffamily on input line 1911.
LaTeX Info: Redefining \ttfamily on input line 1911.

Underfull \hbox (badness 10000) in paragraph at lines 1912--1917
[] \TU/JameelNooriNastaleeq(0)/b/n/10 سوال  ۱۰.۷۹: [](ا) دکھائیں کہ کمیت $\OML/
zplm/m/it/10 M$ \TU/JameelNooriNastaleeq(0)/b/n/10 اور رداس $\OML/zplm/m/it/10 
R$ \TU/JameelNooriNastaleeq(0)/b/n/10 کے ٹھوس بیلن کا وسطی محور پر گھمیری جمود 
، اور کمیت $\OML/zplm/m/it/10 M$ \TU/JameelNooriNastaleeq(0)/b/n/10 اور رداس $\
OML/zplm/m/it/10 R \OT1/zplm/m/n/10 / []$ \TU/JameelNooriNastaleeq(0)/b/n/10 کے
 گھیرا کا[]
 []


Underfull \hbox (badness 10000) in paragraph at lines 1912--1917
[]\TU/JameelNooriNastaleeq(0)/b/n/10 وسطی محور پر گھمیری جمود برابر ہیں۔ (ب) دک
ھائیں کہ کسی بھی جسم کا، جس کی کمیت $\OML/zplm/m/it/10 M$ \TU/JameelNooriNastal
eeq(0)/b/n/10 ہو، کسی بھی محور پر گھمیری جمود $\OML/zplm/m/it/10 I$  \TU/Jameel
NooriNastaleeq(0)/m/n/9 معادل  \TU/JameelNooriNastaleeq(0)/b/n/10 گھیرا کا اسی 
محور پر گھمیری[]
 []

LaTeX Info: Redefining \rmfamily on input line 1920.
LaTeX Info: Redefining \sffamily on input line 1920.
LaTeX Info: Redefining \ttfamily on input line 1920.

Underfull \hbox (badness 10000) in paragraph at lines 1921--1925
[] \TU/JameelNooriNastaleeq(0)/b/n/10 سوال  ۱۰.۸۰:  دائری قرص $\OT1/ppl/m/n/10 
6.00 s$ \TU/JameelNooriNastaleeq(0)/b/n/10 میں مستقل زاوی اسراع کے ساتھ زاوی مق
ام $\OML/zplm/m/it/10 ^^R[] \OT1/zplm/m/n/10 = \OT1/ppl/m/n/10 10.0 []$ \TU/Jam
eelNooriNastaleeq(0)/b/n/10 سے زاوی مقام[]
 []


Underfull \hbox (badness 5652) in paragraph at lines 1921--1925
[]$\OML/zplm/m/it/10 ^^R[] \OT1/zplm/m/n/10 = \OT1/ppl/m/n/10 70.0 []$ \TU/Jame
elNooriNastaleeq(0)/b/n/10 پہنچتا ہے۔ مقام $\OML/zplm/m/it/10 ^^R[]$ \TU/Jameel
NooriNastaleeq(0)/b/n/10 پر جسم کی زاوی سمتی رفتار $\OT1/ppl/m/n/10 15.0 [] s[]
$ \TU/JameelNooriNastaleeq(0)/b/n/10 ہے۔ (ا) جسم کی زاوی سمتی رفتار $\OML/zplm/
m/it/10 ^^R[]$ \TU/JameelNooriNastaleeq(0)/b/n/10 پر کیا تھی؟[]
 []

[120]
Underfull \hbox (badness 2990) in paragraph at lines 1925--1930
[] \TU/JameelNooriNastaleeq(0)/b/n/10 سوال  ۱۰.۸۱:  ایک پتلی یکساں سلاخ جس کی ل
مبائی $\OT1/ppl/m/n/10 2.0 m$ \TU/JameelNooriNastaleeq(0)/b/n/10 ہے، ایک سر پر 
واقع بلا رگڑ افقی کیل پر گھوم سکتی ہے (شکل 10.53)۔ افق سے $\OML/zplm/m/it/10 ^^
R \OT1/zplm/m/n/10 =$[]
 []

LaTeX Info: Redefining \rmfamily on input line 1934.
LaTeX Info: Redefining \sffamily on input line 1934.
LaTeX Info: Redefining \ttfamily on input line 1934.

Underfull \hbox (badness 3417) in paragraph at lines 1935--1940
[]\TU/JameelNooriNastaleeq(0)/b/n/10 سکتا ہے؛ دھاگہ پھسلتا نہیں ہے۔ نظام ساکن ح
الت سے رہا کیا جاتا ہے۔ (ا) سل کے اسراع کی قدر ، (ب) بائیں جانب دھاگے کا تناو $
\OML/zplm/m/it/10 T[]$\TU/JameelNooriNastaleeq(0)/b/n/10 ، اور (ج) دائیں جانب[]

 []

Missing character: There is no ١ (U+0661) in font Jameel Noori Nastaleeq/OT:scr
ipt=arab;language=dflt;mapping=tex-text;!
Missing character: There is no ٩ (U+0669) in font Jameel Noori Nastaleeq/OT:scr
ipt=arab;language=dflt;mapping=tex-text;!
Missing character: There is no ٠ (U+0660) in font Jameel Noori Nastaleeq/OT:scr
ipt=arab;language=dflt;mapping=tex-text;!
Missing character: There is no ٨ (U+0668) in font Jameel Noori Nastaleeq/OT:scr
ipt=arab;language=dflt;mapping=tex-text;!
LaTeX Info: Redefining \rmfamily on input line 1943.
LaTeX Info: Redefining \sffamily on input line 1943.
LaTeX Info: Redefining \ttfamily on input line 1943.

Underfull \hbox (badness 10000) in paragraph at lines 1940--1944
[] \TU/JameelNooriNastaleeq(0)/b/n/10 سوال  ۱۰.۸۴:  وسطی سائبیریا میں، جون $\OT
1/ppl/m/n/10 30$  \TU/JameelNooriNastaleeq(0)/b/n/10 ١٩٠٨ ؁  کی صبح کے سات بج ک
ر چودہ منٹ پر ، $\OT1/ppl/m/n/10 61[]$ \TU/JameelNooriNastaleeq(0)/b/n/10 شمال 
خط عرض بلد اور $\OT1/ppl/m/n/10 102[]$ \TU/JameelNooriNastaleeq(0)/b/n/10 مشرق 
خط طول بلد[]
 []


Underfull \hbox (badness 10000) in paragraph at lines 1940--1944
[]\TU/JameelNooriNastaleeq(0)/b/n/10 پر، کچھ بلندی پر ایک خوف ناک دھماکہ ہوا۔ ؛
 جو آگ کا شعلہ اٹھا وہ جوہری دھماکے سے پہلے انسان نے کبھی نہیں دیکھا۔ یہ واقع د
ریا  \TU/JameelNooriNastaleeq(0)/m/n/9 تنگسکا  \TU/JameelNooriNastaleeq(0)/b/n/
10 کے قریب پیش آیا جس[]
 []


Underfull \hbox (badness 2119) in paragraph at lines 1940--1944
[]\TU/JameelNooriNastaleeq(0)/b/n/10 کی بنا یہ \TU/AASameerSagarNastaleeqBold(0
)/m/n/10 تنگسکا وقوعہ [][] \TU/JameelNooriNastaleeq(0)/b/n/10 کہلاتا ہے۔ا یک ات
فاقی شاہد کے مطابق ”آسمان کا بہت بڑا حصہ وقوعہ کی لپیٹ میں آیا“۔ یہ غالباً $\OT
1/ppl/m/n/10 140 m$ \TU/JameelNooriNastaleeq(0)/b/n/10 چوڑے \TU/JameelNooriNast
aleeq(0)/m/n/9 پتھری  \TU/JameelNooriNastaleeq(0)/b/n/10 سیارچہ کے[]
 []


Underfull \hbox (badness 1221) in paragraph at lines 1940--1944
[]\TU/JameelNooriNastaleeq(0)/b/n/10 پھٹنے سے پیدا ہوا۔ (ا) صرف زمین کا گھماو م
د نظر رکھتے ہوئے، معلوم کریں کہ سیارچہ کتنی دیر بعد پہنچنے پر دھماکہ $\OT1/ppl/
m/n/10 25[]$ \TU/JameelNooriNastaleeq(0)/b/n/10 مشرق کے خط طول بلد پر واقع شہر 
ہلسنکی[]
 []


Underfull \hbox (badness 10000) in paragraph at lines 1940--1944
[]\TU/JameelNooriNastaleeq(0)/b/n/10 کے اوپر ہوتا۔ ایسی صورت میں شہر مکمل طور پ
ر تباہ ہو جاتا۔ (ب) اس کے برعکس اگر سیارچہ \TU/JameelNooriNastaleeq(0)/m/n/9 دھ
اتی  \TU/JameelNooriNastaleeq(0)/b/n/10 ہوتا ، یہ سطح زمین پر پہنچ پاتا۔ کتنی د
یر بعد پہنچنے پر دھماکہ بحر[]
 []


Underfull \hbox (badness 10000) in paragraph at lines 1944--1949
[] \TU/JameelNooriNastaleeq(0)/b/n/10 سوال  ۱۰.۸۵:  گالف کا گیند افق سے $\OT1/p
pl/m/n/10 20[]$ \TU/JameelNooriNastaleeq(0)/b/n/10 زاویے پر $\OT1/ppl/m/n/10 60
 m s[]$ \TU/JameelNooriNastaleeq(0)/b/n/10 رفتار اور $\OT1/ppl/m/n/10 90 [] s[]
$ \TU/JameelNooriNastaleeq(0)/b/n/10 شرح گھماو سے پھینکا جاتا ہے۔ ہوا کی گھساٹ 
نظر[]
 []


Underfull \hbox (badness 10000) in paragraph at lines 1949--1953
[] \TU/JameelNooriNastaleeq(0)/b/n/10 سوال  ۱۰.۸۶:  دو دائری چھلوں کا مرکز ایک 
نقطے پر رکھ کر انہیں تین بلا کمیت سلاخوں سے ہم سطحی جوڑا جاتا ہے (شکل 10.54)۔ ن
ظام کے مرکز پر واقع[]
 []


Underfull \hbox (badness 10000) in paragraph at lines 1949--1953
[]\TU/JameelNooriNastaleeq(0)/b/n/10 انتصابی محور کے گرد نظام، جو فی الحال ساکن
 ہے، گھوم سکتا ہے۔ چھلوں کی کمیت، اندرونی رداس، اور بیرونی رداس درج ذیل جدول می
ں پیش ہیں۔ بیرونی چھلا کے[]
 []


Underfull \hbox (badness 10000) in paragraph at lines 1963--1968
[] \TU/JameelNooriNastaleeq(0)/b/n/10 سوال  ۱۰.۸۷:  بلا رگڑ افقی دھرے پر $\OT1/
ppl/m/n/10 0.20 m$ \TU/JameelNooriNastaleeq(0)/b/n/10 رداس کا پہیا نصب کیا جاتا
 ہے۔ بلا کمیت دھاگا پہیے کے گرد لپیٹ کر دھاگے کے آزاد سر کے ساتھ ، افق[]
 []


Underfull \hbox (badness 10000) in paragraph at lines 1968--1972
[] \TU/JameelNooriNastaleeq(0)/b/n/10 سوال  ۱۰.۸۸:  ایک پتلے کروی خول کا رداس $
\OT1/ppl/m/n/10 1.90 m$ \TU/JameelNooriNastaleeq(0)/b/n/10 ہے۔ خول کو $\OT1/ppl
/m/n/10 960 N m$ \TU/JameelNooriNastaleeq(0)/b/n/10 قوت مروڑ ، کرہ کے مرکز پر و
اقع محور کے لحاظ سے،[]
 []

[121]
Underfull \hbox (badness 10000) in paragraph at lines 1972--1977
[] \TU/JameelNooriNastaleeq(0)/b/n/10 سوال  ۱۰.۸۹:  سائیکل سوار ،جس کی کمیت $\O
T1/ppl/m/n/10 70 []$ \TU/JameelNooriNastaleeq(0)/b/n/10 ہے، چڑھائی پر چڑھتے ہوئ
ے باری باری سائیکل کے نشیب وار حرکت کرتے پائدان پر اپنی پوری[]
 []


Underfull \hbox (badness 10000) in paragraph at lines 1977--1982
[] \TU/JameelNooriNastaleeq(0)/b/n/10 سوال  ۱۰.۹۰:  انجن کا اڑن پہیا $\OT1/ppl/
m/n/10 25.0 [] s[]$ \TU/JameelNooriNastaleeq(0)/b/n/10 زاوی رفتار سے گھومتا ہے۔
 انجن بند کرنے پر اڑن پہیا مستقل شرح سے بتدریج آہستہ ہو کر[]
 []


Underfull \hbox (badness 10000) in paragraph at lines 1982--1986
[] \TU/JameelNooriNastaleeq(0)/b/n/10 سوال  ۱۰.۹۱:  رداس $\OT1/ppl/m/n/10 0.20 
m$ \TU/JameelNooriNastaleeq(0)/b/n/10 کا پہیا بلا رگڑ افقی محور پر نصب ہے (شکل 
10.19a)۔ محور پر پہیے کا گھمیری جمود $\OT1/ppl/m/n/10 0.400 [] m[]$ \TU/JameelN
ooriNastaleeq(0)/b/n/10 ہے۔ بلا[]
 []


Underfull \hbox (badness 10000) in paragraph at lines 1982--1986
[]\TU/JameelNooriNastaleeq(0)/b/n/10 کمیت دھاگہ پہیے کے محیط پر لپیٹ کر دھاگے ک
ا دوسرا سر $\OT1/ppl/m/n/10 6.0 []$ \TU/JameelNooriNastaleeq(0)/b/n/10 اینٹ سے 
باندھا جاتا ہے۔ ساکن حالت سے نظام رہا کیا جاتا ہے۔ جب اینٹ کی حرکی توانائی[]
 []

LaTeX Info: Redefining \rmfamily on input line 1989.
LaTeX Info: Redefining \sffamily on input line 1989.
LaTeX Info: Redefining \ttfamily on input line 1989.

Underfull \hbox (badness 10000) in paragraph at lines 1986--1990
[] \TU/JameelNooriNastaleeq(0)/b/n/10 سوال  ۱۰.۹۲:  \TU/AASameerSagarNastaleeqB
old(0)/m/n/10 دودھیا کہکشاں [][] \TU/JameelNooriNastaleeq(0)/b/n/10 کے مرکز سے 
سورج کا فاصلہ $\OT1/ppl/m/n/10 2.3 \OMS/zplm/m/n/10 ^^B \OT1/ppl/m/n/10 10[]$ \
TU/JameelNooriNastaleeq(0)/b/n/10 نوری سل ہے۔ کہکشاں کے مرکز کے گرد سورج[]
 []


Underfull \hbox (badness 10000) in paragraph at lines 1986--1990
[]$\OT1/ppl/m/n/10 250 [] s[]$ \TU/JameelNooriNastaleeq(0)/b/n/10 رفتار سے گھوم
تا ہے۔ (ا) کہکشاں کے مرکز کے گرد سورج ایک چکر کتنے عرصہ میں مکمل کرتا ہے؟ (ب) س
ورج کی پیدائش سے[]
 []


Underfull \hbox (badness 10000) in paragraph at lines 1990--1995
[] \TU/JameelNooriNastaleeq(0)/b/n/10 سوال  ۱۰.۹۳:  بلا رگڑ افقی محور پر رداس $
\OT1/ppl/m/n/10 0.20 m$ \TU/JameelNooriNastaleeq(0)/b/n/10 کا پہیا نصب ہے۔ محور
 پر پہیے کا گھمیری جمود $\OT1/ppl/m/n/10 0.050 [] m[]$ \TU/JameelNooriNastaleeq
(0)/b/n/10 ہے۔ پہیے کے گرد لپٹے دھاگے[]
 []


Underfull \hbox (badness 3158) in paragraph at lines 1990--1995
[]\TU/JameelNooriNastaleeq(0)/b/n/10 کے سر سے $\OT1/ppl/m/n/10 2.0 []$ \TU/Jame
elNooriNastaleeq(0)/b/n/10 اینٹ بندھی ہے جو بلا رگڑ افقی سطح پر حرکت کر سکتی ہے
۔اگر اینٹ پر $\OML/zplm/m/it/10 P \OT1/zplm/m/n/10 = \OT1/ppl/m/n/10 3.0 N$ \TU
/JameelNooriNastaleeq(0)/b/n/10 قدر کی قوت لاگو کی جائے، جیسا شکل[]
 []


Underfull \hbox (badness 10000) in paragraph at lines 1995--1999
[] \TU/JameelNooriNastaleeq(0)/b/n/10 سوال  ۱۰.۹۴:  ایک ہوائی جہاز کا ، جو زمین
 کے لحاظ سے $\OT1/ppl/m/n/10 480 [] h[]$ \TU/JameelNooriNastaleeq(0)/b/n/10 سے 
پرواز کر رہا ہے، پنکھا $\OT1/ppl/m/n/10 2000$ \TU/JameelNooriNastaleeq(0)/b/n/1
0 چکر فی منٹ سے گھوم رہا ہے۔ (ا) ہوا باز[]
 []


Underfull \hbox (badness 10000) in paragraph at lines 1995--1999
[]\TU/JameelNooriNastaleeq(0)/b/n/10 اور (ب) زمین پر کھڑے شخص کے نقطہ نظر سے رد
اس $\OT1/ppl/m/n/10 1.50 m$ \TU/JameelNooriNastaleeq(0)/b/n/10 پنکھے کے پَر کا 
سر کس خطی رفتار سے حرکت کرتا ہے۔ جہاز کی سمتی رفتار اور پنکھے کا دھرا[]
 []


Underfull \hbox (badness 10000) in paragraph at lines 1999--2003
[] \TU/JameelNooriNastaleeq(0)/b/n/10 سوال  ۱۰.۹۵:  تین کمیتوں کو بلا کمیت سلاخ
وں سے جوڑ کر استوار جسم بنایا گیا ہے (شکل 10.57)۔ جسم کو نقطہ $\OML/zplm/m/it/1
0 P$ \TU/JameelNooriNastaleeq(0)/b/n/10 پر واقع، جسم کی سطح کو عمودی، محور پر[]

 []


Underfull \hbox (badness 10000) in paragraph at lines 2003--2008
[] \TU/JameelNooriNastaleeq(0)/b/n/10 سوال  ۱۰.۹۶:  مشروب کے ڈبے میں کنجی کا شم
ول مشروبات کی صنعت میں ایک بڑا قدم تھا۔ ڈبے کے بالا سر میں وسطی قابلے پر کنجی ح
رکت کر سکتی ہے۔[]
 []


Underfull \hbox (badness 10000) in paragraph at lines 2003--2008
[]\TU/JameelNooriNastaleeq(0)/b/n/10 کنجی کا ایک سر اوپر کھینچنے سے کنجی کا دوس
را سر ڈبے کے بالا سر کے کمزور کردہ حصے کو نیچے دباتی ہے۔ اگر آپ $\OT1/ppl/m/n/1
0 10 N$ \TU/JameelNooriNastaleeq(0)/b/n/10 قوت سے کنجی اوپر کھینچیں، کمزور کردہ
 حصے[]
 []


Underfull \hbox (badness 10000) in paragraph at lines 2008--2013
[] \TU/JameelNooriNastaleeq(0)/b/n/10 سوال  ۱۰.۹۷:  جہاز کا پَر شکل 10.58 میں پ
یش ہے، جو نقطہ $\OML/zplm/m/it/10 B$ \TU/JameelNooriNastaleeq(0)/b/n/10 پر واقع
 انتصابی محور کے گرد $\OT1/ppl/m/n/10 2000$ \TU/JameelNooriNastaleeq(0)/b/n/10 
چکر فی منٹ سے گھومتا ہے۔ نقطہ $\OML/zplm/m/it/10 A$ \TU/JameelNooriNastaleeq(0)
/b/n/10 کا، جو محور[]
 []


Underfull \hbox (badness 10000) in paragraph at lines 2008--2013
[]\TU/JameelNooriNastaleeq(0)/b/n/10 سے پَر کا دور ترین نقطہ ہے، رداس $\OT1/ppl
/m/n/10 1.50 m$ \TU/JameelNooriNastaleeq(0)/b/n/10 ہے۔ (ا) نقطہ $\OML/zplm/m/it
/10 B$ \TU/JameelNooriNastaleeq(0)/b/n/10 اور محور سے $\OT1/ppl/m/n/10 0.150 m$
 \TU/JameelNooriNastaleeq(0)/b/n/10 رداسی فاصلے پر موجود نقطے کے مرکز مائل اسرا
ع کی قدر میں[]
 []

LaTeX Info: Redefining \rmfamily on input line 2017.
LaTeX Info: Redefining \sffamily on input line 2017.
LaTeX Info: Redefining \ttfamily on input line 2017.
[122]
Underfull \hbox (badness 10000) in paragraph at lines 2018--2022
[] \TU/JameelNooriNastaleeq(0)/b/n/10 سوال  ۱۰.۹۹:  بلا کمیت سلاخ ، جس کی لمبائ
ی $\OT1/ppl/m/n/10 0.780 m$ \TU/JameelNooriNastaleeq(0)/b/n/10 ہے، کے ایک سر پر
 $\OT1/ppl/m/n/10 1.30 []$ \TU/JameelNooriNastaleeq(0)/b/n/10 گیند نصب ہے۔ سلاخ
 کے دوسرے سر پر نظام افقی[]
 []


Underfull \hbox (badness 10000) in paragraph at lines 2018--2022
[]\TU/JameelNooriNastaleeq(0)/b/n/10 دائرے میں $\OT1/ppl/m/n/10 5010$ \TU/Jamee
lNooriNastaleeq(0)/b/n/10 چکر فی منٹ رفتار سے گھومتا ہے۔ (ا) محور گھماو پر نظام
 کا گھمیری جمود تلاش کریں۔ (ب) گھماو کے مخالف رخ، گیند پر ہوائی گھساٹ[]
 []


Underfull \hbox (badness 10000) in paragraph at lines 2022--2027
[] \TU/JameelNooriNastaleeq(0)/b/n/10 سوال  ۱۰.۱۰۰:  دو پتلی سلاخیں (جن کی انفر
ادی کمیت $\OT1/ppl/m/n/10 0.20 []$ \TU/JameelNooriNastaleeq(0)/b/n/10 ہے) آپس م
یں جوڑ کر ، شکل 10.60 میں پیش، استوار جسم بنایا جاتا ہے۔ ایک سلاخ[]
 []


Underfull \hbox (badness 10000) in paragraph at lines 2027--2031
[] \TU/JameelNooriNastaleeq(0)/b/n/10 سوال  ۱۰.۱۰۱:  چار جرثقیل کو دو پٹوں سے م
لایا جاتا ہے (شکل 10.61)۔ جرثقیل $\OML/zplm/m/it/10 A$ \TU/JameelNooriNastaleeq
(0)/b/n/10 (رداس $\OT1/ppl/m/n/10 15 []$\TU/JameelNooriNastaleeq(0)/b/n/10 ) مح
رک جرثقیل ہے، اور[]
 []


Underfull \hbox (badness 10000) in paragraph at lines 2027--2031
[]$\OT1/ppl/m/n/10 10 [] s[]$ \TU/JameelNooriNastaleeq(0)/b/n/10 سے گھومتا ہے۔ 
جرثقیل $\OML/zplm/m/it/10 B$ \TU/JameelNooriNastaleeq(0)/b/n/10 (رداس $\OT1/ppl
/m/n/10 10 []$\TU/JameelNooriNastaleeq(0)/b/n/10 ) اور جرثقیل $\OML/zplm/m/it/1
0 A$ \TU/JameelNooriNastaleeq(0)/b/n/10 کو پٹہ $\OT1/ppl/m/n/10 1$ \TU/JameelNo
oriNastaleeq(0)/b/n/10 ملاتا ہے۔ جرثقیل $\OML/zplm/m/it/10 B[]$ \TU/JameelNoori
Nastaleeq(0)/b/n/10 (رداس $\OT1/ppl/m/n/10 5 []$\TU/JameelNooriNastaleeq(0)/b/n
/10 ) اور[]
 []


Underfull \hbox (badness 10000) in paragraph at lines 2027--2031
[]\TU/JameelNooriNastaleeq(0)/b/n/10 جرثقیل $\OML/zplm/m/it/10 B$ \TU/JameelNoo
riNastaleeq(0)/b/n/10 ہم محور ہیں اور آپس میں پکے جڑے ہیں۔ جرثقیل $\OML/zplm/m/
it/10 C$ \TU/JameelNooriNastaleeq(0)/b/n/10 (رداس $\OT1/ppl/m/n/10 25 []$\TU/Ja
meelNooriNastaleeq(0)/b/n/10 ) اور جرثقیل $\OML/zplm/m/it/10 B[]$ \TU/JameelNoo
riNastaleeq(0)/b/n/10 کو پٹہ $\OT1/ppl/m/n/10 2$ \TU/JameelNooriNastaleeq(0)/b/
n/10 ملاتا ہے۔ (ا) پٹہ $\OT1/ppl/m/n/10 1$ \TU/JameelNooriNastaleeq(0)/b/n/10 پ
ر نقطے کی خطی[]
 []


Underfull \hbox (badness 4229) in paragraph at lines 2027--2031
[]\TU/JameelNooriNastaleeq(0)/b/n/10 رفتار، (ب) جرثقیل $\OML/zplm/m/it/10 B$ \T
U/JameelNooriNastaleeq(0)/b/n/10 کی زاوی رفتار، (ج) جرثقیل $\OML/zplm/m/it/10 B
[]$ \TU/JameelNooriNastaleeq(0)/b/n/10 کی زاوی رفتار، (د) پٹہ $\OT1/ppl/m/n/10 
2$ \TU/JameelNooriNastaleeq(0)/b/n/10 پر نقطے کی خطی رفتار، اور (ہ) جرثقیل $\OM
L/zplm/m/it/10 C$ \TU/JameelNooriNastaleeq(0)/b/n/10 کی زاوی رفتار تلاش کریں۔[]

 []


Underfull \hbox (badness 1199) in paragraph at lines 2031--2036
[] \TU/JameelNooriNastaleeq(0)/b/n/10 سوال  ۱۰.۱۰۲:  تین گیند کو تین سلاخ ملا ک
ر استوار جسم دیتے ہیں (شکل 10.62)، جہاں $\OML/zplm/m/it/10 M \OT1/zplm/m/n/10 =
 \OT1/ppl/m/n/10 1.6 []$\TU/JameelNooriNastaleeq(0)/b/n/10 ، $\OML/zplm/m/it/10
 L \OT1/zplm/m/n/10 = \OT1/ppl/m/n/10 0.60 m$\TU/JameelNooriNastaleeq(0)/b/n/10
 ، اور[]
 []


Underfull \hbox (badness 2564) in paragraph at lines 2031--2036
[]$\OML/zplm/m/it/10 ^^R \OT1/zplm/m/n/10 = \OT1/ppl/m/n/10 30[]$ \TU/JameelNoo
riNastaleeq(0)/b/n/10 ہے۔ گیند کو ذرہ تصور کیا جا سکتا ہے اور سلاخ بلا کمیت ہیں
۔ (ا) نقطہ $\OML/zplm/m/it/10 P$ \TU/JameelNooriNastaleeq(0)/b/n/10 پر واقع جسم
 کی سطح کو عمودی محور پر اور (ب) نقطہ $\OML/zplm/m/it/10 P$ \TU/JameelNooriNast
aleeq(0)/b/n/10 پر واقع اور[]
 []


Underfull \hbox (badness 10000) in paragraph at lines 2031--2036
[]$\OT1/ppl/m/n/10 2\OML/zplm/m/it/10 L$ \TU/JameelNooriNastaleeq(0)/b/n/10 لمب
ی سلاخ کو عمودی، اور جسم کے مستوی میں پائی جانے والی محور پر جسم کی گھمیری حرکی
 توانائی اس صورت میں تلاش کریں جب جسم کی زاوی رفتار[]
 []


Underfull \hbox (badness 4726) in paragraph at lines 2036--2040
[] \TU/JameelNooriNastaleeq(0)/b/n/10 سوال  ۱۰.۱۰۳:  نقطہ $\OML/zplm/m/it/10 A$
 \TU/JameelNooriNastaleeq(0)/b/n/10 پر موجود افقی محور کے گرد ($\OT1/ppl/m/n/10
 3.0 []$ \TU/JameelNooriNastaleeq(0)/b/n/10 کمیت اور $\OT1/ppl/m/n/10 4.0 m$ \T
U/JameelNooriNastaleeq(0)/b/n/10 لمبی) پتلی یکساں سلاخ آزادانہ گھومتی ہے (شکل 1
0.63)۔ نقطہ[]
 []


Underfull \hbox (badness 10000) in paragraph at lines 2036--2040
[]\TU/JameelNooriNastaleeq(0)/b/n/10 جمود کیا ہے؟ (ب) سلاخ کے سر $\OML/zplm/m/i
t/10 B$ \TU/JameelNooriNastaleeq(0)/b/n/10 کی (خطی) رفتار اس وقت کیا ہو گی جب س
لاخ انتصابی مقام سے گزر رہی ہو؟ (ج) اوپر جاتے ہوئے سلاخ کس زاویہ $\OML/zplm/m/i
t/10 ^^R$[]
 []


Underfull \hbox (badness 10000) in paragraph at lines 2040--2044
[] \TU/JameelNooriNastaleeq(0)/b/n/10 سوال  ۱۰.۱۰۴:  چار ذروں کو، جن کی انفرادی
 کمیت $\OT1/ppl/m/n/10 0.20 []$ \TU/JameelNooriNastaleeq(0)/b/n/10 ہے، چوکور کے
 کونوں پر رکھا جاتا ہے۔ چوکور کا اضلاع کی انفرادی لمبائی $\OT1/ppl/m/n/10 0.50 
m$[]
 []


Underfull \hbox (badness 10000) in paragraph at lines 2040--2044
[]\TU/JameelNooriNastaleeq(0)/b/n/10 ہے۔ ذروں کو بلا کمیت سلاخوں سے جوڑا جاتا ہ
ے۔ استوار جسم انتصابی مستوی میں افقی محور $\OML/zplm/m/it/10 A$ \TU/JameelNoori
Nastaleeq(0)/b/n/10 کے گرد گھوم سکتا ہے۔ $\OML/zplm/m/it/10 A$ \TU/JameelNooriN
astaleeq(0)/b/n/10 ایک ذرے کے مرکز سے گزرتی[]
 []


Underfull \hbox (badness 10000) in paragraph at lines 2040--2044
[]\TU/JameelNooriNastaleeq(0)/b/n/10 ہے۔ سلاخ $\OML/zplm/m/it/10 AB$ \TU/Jameel
NooriNastaleeq(0)/b/n/10 افقی رکھ کر جسم کو ساکن حالت سے رہا کیا جاتا ہے (شکل 1
0.64)۔ (ا) محور $\OML/zplm/m/it/10 A$ \TU/JameelNooriNastaleeq(0)/b/n/10 پر جسم
 کا گھمیری جمود کیا ہے؟ (ب) جب سلاخ $\OML/zplm/m/it/10 AB$[]
 []


Underfull \hbox (badness 10000) in paragraph at lines 2044--2050
[] \TU/JameelNooriNastaleeq(0)/b/n/10 سوال  ۱۰.۱۰۵:  چیتا کو $\OT1/ppl/m/n/10 1
14 [] h[]$ \TU/JameelNooriNastaleeq(0)/b/n/10 کی حیرت کن رفتار پر دوڑتا دیکھا گ
یا ہے۔ فرض کریں آپ چیتا کے ہمراہ گاڑی میں چلتے ہوئے چیتا کی رفتار[]
 []


Underfull \hbox (badness 10000) in paragraph at lines 2044--2050
[]\TU/JameelNooriNastaleeq(0)/b/n/10 سے مسلسل دور ہٹتے ہوئے $\OT1/ppl/m/n/10 92
 m$ \TU/JameelNooriNastaleeq(0)/b/n/10 رداسی راہ پر دوڑتا ہے۔ یوں آپ $\OT1/ppl/
m/n/10 100 m$ \TU/JameelNooriNastaleeq(0)/b/n/10 رداس کے دائرے پر گاڑی چلاتے ہی
ں۔ (ا) دائرے راہ پر چلتے ہوئے آپ[]
 []


Underfull \hbox (badness 10000) in paragraph at lines 2044--2050
[]\TU/JameelNooriNastaleeq(0)/b/n/10 کی اور چیتا کی زاوی رفتار کیا ہے؟ (ب) اس ر
اہ پر چیتا کی خطی رفتار کیا ہو گی؟ (اگر آپ دائری راہ کی لمبائیوں میں فرق حساب م
یں شامل نہ کرتے، آپ کہتے چیتا[]
 []


Underfull \hbox (badness 10000) in paragraph at lines 2050--2054
[] \TU/JameelNooriNastaleeq(0)/b/n/10 سوال  ۱۰.۱۰۶:  ایک پہیے کے چکا پر نقطے کی
 رفتار $\OT1/ppl/m/n/10 6.2 s$ \TU/JameelNooriNastaleeq(0)/b/n/10 میں $\OT1/ppl
/m/n/10 12 m s[]$ \TU/JameelNooriNastaleeq(0)/b/n/10 سے مستقل شرح سے بڑھتے ہوئے
 $\OT1/ppl/m/n/10 25 m s[]$ \TU/JameelNooriNastaleeq(0)/b/n/10 ہوتی ہے۔ پہیے کا
[]
 []

[123]
Underfull \hbox (badness 10000) in paragraph at lines 2054--2058
[] \TU/JameelNooriNastaleeq(0)/b/n/10 سوال  ۱۰.۱۰۷:  ایک جرثقیل ، جس کا قطر $\O
T1/ppl/m/n/10 8.0 []$ \TU/JameelNooriNastaleeq(0)/b/n/10 ہے،کے گرد $\OT1/ppl/m/
n/10 5.6 m$ \TU/JameelNooriNastaleeq(0)/b/n/10 ڈور لپیٹی جاتی ہے۔ ساکن حالت سے 
آغاز کر کے اس کو[]
 []


Underfull \hbox (badness 10000) in paragraph at lines 2058--2063
[] \TU/JameelNooriNastaleeq(0)/b/n/10 سوال  ۱۰.۱۰۸:  گراموفون کی تھالی $\OT1/pp
l/m/n/10 33[]$ \TU/JameelNooriNastaleeq(0)/b/n/10 چکر فی منٹ سے گھمائی جاتی ہے۔
 (ا) اس کی زاوی رفتار ریڈیئن فی سیکنڈ میں کیا ہو گی؟ تھالی کے محور گھماو سے[]
 []

) [124]
\openout2 = `./tex/RollingTorqueAndAngularMomentum.aux'.

 (./tex/RollingTorqueAndAngularMomentum.tex
باب \farsidigits{11}.

Underfull \hbox (badness 10000) in paragraph at lines 17--18
[][]
 []

LaTeX Info: Redefining \rmfamily on input line 30.
LaTeX Info: Redefining \sffamily on input line 30.
LaTeX Info: Redefining \ttfamily on input line 30.

Underfull \hbox (badness 10000) in paragraph at lines 30--31
[]\TU/JameelNooriNastaleeq(0)/b/n/10 جیسا باب [][]۱۰[][] []میں ذکر کیا گیا، گھم
او کا مطالعہ طبیعیات میں شامل ہے۔ غالباً، اس مطالعے کا اہم ترین اطلاق پہیے اور 
پہیے نما اجسام کا لڑھکاو ہے۔ یہ اطلاقی طبیعیات[]
 []


Underfull \hbox (badness 10000) in paragraph at lines 30--31
[]\TU/JameelNooriNastaleeq(0)/b/n/10 بہت عرصہ سے استعمال میں ہے۔ قدیم زمانے میں
 بھاری اجسام لٹھا پر لڑھکاتے ہوئے ایک جگہ سے دوسری جگہ منتقل کیے جاتے تھے۔آج کل
 ہم گاڑی میں[]
 []

LaTeX Info: Redefining \rmfamily on input line 32.
LaTeX Info: Redefining \sffamily on input line 32.
LaTeX Info: Redefining \ttfamily on input line 32.
[125





]
Underfull \hbox (badness 10000) in paragraph at lines 35--36
[]\TU/JameelNooriNastaleeq(0)/b/n/10 سطح پر \TU/JameelNooriNastaleeq(0)/m/n/9 ہ
مواری سے لڑھکتے  \TU/JameelNooriNastaleeq(0)/b/n/10 اجسام پر یہاں غور کیا جائے 
گا؛ یعنی جسم بغیر اچھلے یا پھسلے سطح پر حرکت کرتا ہے۔ شکل 11.2 میں ہموار لڑھکاو
 کی پیچیدگی دکھائی گئی ہے:[]
 []


Underfull \hbox (badness 2707) in paragraph at lines 35--36
[]\TU/JameelNooriNastaleeq(0)/b/n/10 اگرچہ جسم کا مرکز کمیت سیدھی لکیر پر حرکت 
کرتا ہے، چکا پر نقطہ یقیناً ایسا نہیں کرتا۔بہرحال، اس حرکت کو مرکز کمیت کی مستق
یم حرکت اور باقی جسم کا، اس مرکز[]
 []


Underfull \hbox (badness 10000) in paragraph at lines 37--38
[][]\TU/JameelNooriNastaleeq(0)/b/n/10 اسے سمجھنے کے لئے، فرض کریں آپ سڑک کے کن
ارے کھڑے ہو کر، گزرتے ہوئے سائیکل کے پہیے کا مطالعہ کرتے ہیں (شکل 11.3)۔ جیسا ش
کل میں[]
 []


Underfull \hbox (badness 10000) in paragraph at lines 37--38
[]\TU/JameelNooriNastaleeq(0)/b/n/10 دکھایا گیا ہے، پہیے کا مرکز کمیت $\OML/zpl
m/m/it/10 O$ \TU/JameelNooriNastaleeq(0)/b/n/10 مستقل رفتار $\OML/zplm/m/it/10 
v[]$ \TU/JameelNooriNastaleeq(0)/b/n/10 سے آگے بڑھتا ہے۔ نقطہ $\OML/zplm/m/it/1
0 P$ \TU/JameelNooriNastaleeq(0)/b/n/10 ، جہاں پہیا سڑک کو مس کرتا ہے، بھی $\OM
L/zplm/m/it/10 v[]$ \TU/JameelNooriNastaleeq(0)/b/n/10 رفتار سے[]
 []

LaTeX Info: Redefining \rmfamily on input line 39.
LaTeX Info: Redefining \sffamily on input line 39.
LaTeX Info: Redefining \ttfamily on input line 39.

Underfull \hbox (badness 10000) in paragraph at lines 39--41
[][]\TU/JameelNooriNastaleeq(0)/b/n/10 وقتی دورانیہ $\OML/zplm/m/it/10 t$ \TU/J
ameelNooriNastaleeq(0)/b/n/10 کے دوران، $\OML/zplm/m/it/10 O$ \TU/JameelNooriNa
staleeq(0)/b/n/10 اور $\OML/zplm/m/it/10 P$ \TU/JameelNooriNastaleeq(0)/b/n/10 
دونوں فاصلہ $\OML/zplm/m/it/10 s$ \TU/JameelNooriNastaleeq(0)/b/n/10 طے کرتے ہی
ں۔ سائیکل سوار کے نقطہ نظر سے، پہیا زاویہ $\OML/zplm/m/it/10 ^^R$ \TU/JameelNoo
riNastaleeq(0)/b/n/10 طے کرتا ہے اور جو نقطہ $\OML/zplm/m/it/10 t$ \TU/JameelNo
oriNastaleeq(0)/b/n/10 کے آغاز[]
 []

LaTeX Info: Redefining \rmfamily on input line 44.
LaTeX Info: Redefining \sffamily on input line 44.
LaTeX Info: Redefining \ttfamily on input line 44.

Underfull \hbox (badness 10000) in paragraph at lines 43--46
[]\TU/JameelNooriNastaleeq(0)/b/n/10 جہاں $\OML/zplm/m/it/10 R$ \TU/JameelNoori
Nastaleeq(0)/b/n/10 پہیے کا رداس ہے۔ پہیے کے مرکز (یکساں پہیے کا مرکز کمیت) کی 
خطی رفتار $\OML/zplm/m/it/10 v[]$ \TU/JameelNooriNastaleeq(0)/b/n/10 ہم $[] \OM
L/zplm/m/it/10 s \OT1/zplm/m/n/10 /  [] \OML/zplm/m/it/10 t$ \TU/JameelNooriNas
taleeq(0)/b/n/10 سے جان سکتے ہیں۔ پہیے کے مرکز پر پہیے کی[]
 []

LaTeX Info: Redefining \rmfamily on input line 51.
LaTeX Info: Redefining \sffamily on input line 51.
LaTeX Info: Redefining \ttfamily on input line 51.
LaTeX Info: Redefining \rmfamily on input line 51.
LaTeX Info: Redefining \sffamily on input line 51.
LaTeX Info: Redefining \ttfamily on input line 51.

Underfull \hbox (badness 10000) in paragraph at lines 50--52
[][]\TU/AASameerSagarNastaleeqBold(0)/m/n/10 دونوں کا ملاپ۔ \TU/JameelNooriNast
aleeq(0)/b/n/10 شکل 11.4 میں دکھایا گیا ہے کہ پہیے کی لڑھکنی حرکت خالص مستقیم ح
رکت اور خالص گھمیری حرکت کا مجموعہ ہے۔ شکل 11.4a[]
 []


Underfull \hbox (badness 10000) in paragraph at lines 50--52
[]\TU/JameelNooriNastaleeq(0)/b/n/10 خالص گھمیری حرکت پیش کرتی ہے (جس میں مرکز 
پر محور گھماو ساکن تصور کیا جاتا ہے): پہیے کا ہر نقطہ ، مرکز پر ، زاوی رفتار $\
OML/zplm/m/it/10 !$ \TU/JameelNooriNastaleeq(0)/b/n/10 سے گھومتا ہے۔ (ایسی حرکت
[]
 []


Underfull \hbox (badness 10000) in paragraph at lines 50--52
[]\TU/JameelNooriNastaleeq(0)/b/n/10 پر باب [][]۱۰[][] []میں غور کیا گیا۔) پہیے
 کے باہری کنارے (چکا) پر ہر نقطے کی خطی رفتار $\OML/zplm/m/it/10 v[]$ \TU/Jamee
lNooriNastaleeq(0)/b/n/10 مساوات [][]۱۱.۲[][] []دیتی ہے۔ شکل 11.4b میں خالص مست
قیم حرکت[]
 []

LaTeX Info: Redefining \rmfamily on input line 53.
LaTeX Info: Redefining \sffamily on input line 53.
LaTeX Info: Redefining \ttfamily on input line 53.

Underfull \hbox (badness 10000) in paragraph at lines 53--54
[]\TU/JameelNooriNastaleeq(0)/b/n/10 جبکہ پہیے کا بالا نقطہ ($\OML/zplm/m/it/10
 T$\TU/JameelNooriNastaleeq(0)/b/n/10 ) ، کسی بھی دوسرے نقطہ سے زیادہ تیز، $\OT
1/ppl/m/n/10 2\OML/zplm/m/it/10 v[]$ \TU/JameelNooriNastaleeq(0)/b/n/10 رفتار س
ے حرکت کرتا ہے۔ شکل 11.5 میں ان نتائج کا اثباتی مظاہرہ کیا گیا ہے،[]
 []


Underfull \hbox (badness 10000) in paragraph at lines 58--59
[]$\OML/zplm/m/it/10 v[]$ \TU/JameelNooriNastaleeq(0)/b/n/10 رفتار سے حرکت میں 
ہو گی۔ہم لڑھکاو کو ، شکل 11.4c میں نقطہ $\OML/zplm/m/it/10 P$ \TU/JameelNooriNa
staleeq(0)/b/n/10 سے گزرتی ، پہیے کو عموددار، محور پر خالص گھماو تصور کرتے ہیں۔
 یوں شکل[]
 []

[126]
LaTeX Info: Redefining \rmfamily on input line 66.
LaTeX Info: Redefining \sffamily on input line 66.
LaTeX Info: Redefining \ttfamily on input line 66.

Underfull \hbox (badness 10000) in paragraph at lines 66--67
[][]\TU/JameelNooriNastaleeq(0)/b/n/10 اس جواب کی تصدیق کرنے کی خاطر، ہم ساکن م
شاہدہ کار کے نقطہ نظر سے لڑھکنی پہیے کے فراز کی خطی رفتار تلاش کرتے ہیں۔ پہیے ک
ا رداس $\OML/zplm/m/it/10 R$ \TU/JameelNooriNastaleeq(0)/b/n/10 لیتے ہوئے،[]
 []


Underfull \hbox (badness 10000) in paragraph at lines 75--76
[][]\TU/JameelNooriNastaleeq(0)/b/n/10 ایک سائیکل کے پچھلے پہیے کا رداس اگلے پہ
یے کے رداس کا دگنا ہے۔ (ا) کیا چلنے کے دوران بڑے پہیے کے فراز کی خطی رفتار چھوٹ
ے پہیے کے فراز کی خطی رفتار[]
 []


Underfull \hbox (badness 10000) in paragraph at lines 92--93
[][]
 []


Underfull \hbox (badness 10000) in paragraph at lines 101--102
[][]\TU/JameelNooriNastaleeq(0)/b/n/10 اگر پہیا مسرع کیا جائے، اور پہیا اب بھی 
ہمواری کے ساتھ لڑھکتا ہے ، مرکز کمیت کے اسراع $[]$ اور مرکز پر زاوی اسراع $\OML
/zplm/m/it/10 ^^K$ \TU/JameelNooriNastaleeq(0)/b/n/10 کا تعلق ذیل[]
 []

[127]
LaTeX Info: Redefining \rmfamily on input line 113.
LaTeX Info: Redefining \sffamily on input line 113.
LaTeX Info: Redefining \ttfamily on input line 113.

Underfull \hbox (badness 10000) in paragraph at lines 113--115
[]\TU/JameelNooriNastaleeq(0)/b/n/10 آئیں ساکن مشاہدہ کار کے نقطہ نظر سے لڑھکنی
 پہیے کی حرکی توانائی معلوم کریں۔ اگر ہم شکل 11.6 میں نقطہ $\OML/zplm/m/it/10 P
$ \TU/JameelNooriNastaleeq(0)/b/n/10 سے گزرتی محور پر لڑھکاو کو خالص گھماو تصور
[]
 []

LaTeX Info: Redefining \rmfamily on input line 118.
LaTeX Info: Redefining \sffamily on input line 118.
LaTeX Info: Redefining \ttfamily on input line 118.
LaTeX Info: Redefining \rmfamily on input line 123.
LaTeX Info: Redefining \sffamily on input line 123.
LaTeX Info: Redefining \ttfamily on input line 123.
LaTeX Info: Redefining \rmfamily on input line 123.
LaTeX Info: Redefining \sffamily on input line 123.
LaTeX Info: Redefining \ttfamily on input line 123.

Underfull \hbox (badness 10000) in paragraph at lines 122--124
[]\TU/JameelNooriNastaleeq(0)/b/n/10 جہاں $\OML/zplm/m/it/10 M$ \TU/JameelNoori
Nastaleeq(0)/b/n/10 پہیے کی کمیت، مرکز کمیت سے گزرتی محور پر گھمیری جمود $\OML/
zplm/m/it/10 I[]$\TU/JameelNooriNastaleeq(0)/b/n/10 ، اور $\OML/zplm/m/it/10 R$
 \TU/JameelNooriNastaleeq(0)/b/n/10 (پہیے کا رداس) عموددار فاصلہ $\OML/zplm/m/i
t/10 h$ \TU/JameelNooriNastaleeq(0)/b/n/10 ہے۔ مساوات [][]۱۱.۴[][] []کو مساوات[
]
 []

LaTeX Info: Redefining \rmfamily on input line 127.
LaTeX Info: Redefining \sffamily on input line 127.
LaTeX Info: Redefining \ttfamily on input line 127.

Underfull \hbox (badness 10000) in paragraph at lines 133--134
[][]\TU/JameelNooriNastaleeq(0)/b/n/10 جزو $[]\OML/zplm/m/it/10 I[]![]$ \TU/Jam
eelNooriNastaleeq(0)/b/n/10 کو مرکز کمیت سے گزرتی محور پر پہیے کے لڑھکاو سے واب
ستہ حرکی توانائی تصور کیا جا سکتا ہے (شکل 11.4a)، اور جزو $[]\OML/zplm/m/it/10 
Mv[]$[]
 []


Underfull \hbox (badness 10000) in paragraph at lines 135--137
[]   \TU/JameelNooriNastaleeq(0)/b/n/10 لڑھکنی جسم کی دو قسم کی حرکی توانائیاں 
ہوں گی: مرکز کمیت پر گھماو کی بدولت گھمیری حرکی توانائی $\OT1/zplm/m/n/10 ([]\O
ML/zplm/m/it/10 I[]![]\OT1/zplm/m/n/10 )$ \TU/JameelNooriNastaleeq(0)/b/n/10 او
ر مرکز کمیت کی مستقیم حرکت[]
 []


Underfull \hbox (badness 10000) in paragraph at lines 143--144
[]\TU/JameelNooriNastaleeq(0)/b/n/10 اگر پہیا مستقل رفتار سے لڑھکتا ہو، جیسا شک
ل 11.3 میں دکھایا گیا ہے، نقطہ تماس $\OML/zplm/m/it/10 P$ \TU/JameelNooriNastal
eeq(0)/b/n/10 پر پہیا ہرگز نہیں پھسلتا لہٰذا اس نقطے پر رگڑ نہیں ہو گی۔ تاہم، ا
گر صافی[]
 []


Underfull \hbox (badness 10000) in paragraph at lines 143--144
[]\TU/JameelNooriNastaleeq(0)/b/n/10 قوت پہیے کو تیز یا آہستہ کرتی ہو، تب یہ صا
فی قوت مرکز کمیت کو حرکت کے رخ اسراع $[]$ بخشے گی۔ ساتھ ہی پہیا تیز یا آہستہ گھ
ومے گا، لہٰذا زاوی[]
 []

[128]
LaTeX Info: Redefining \rmfamily on input line 145.
LaTeX Info: Redefining \sffamily on input line 145.
LaTeX Info: Redefining \ttfamily on input line 145.

Underfull \hbox (badness 10000) in paragraph at lines 145--147
[][]\TU/JameelNooriNastaleeq(0)/b/n/10 اگر پہیا پھسلے نہیں، یہ قوت \TU/JameelNo
oriNastaleeq(0)/m/n/9 سکونی  \TU/JameelNooriNastaleeq(0)/b/n/10 رگڑی قوت $[]$ ہ
و گی اور حرکت ہموار لڑھکاو ہو گا۔ ایسی صورت میں، ($\OML/zplm/m/it/10 R$ \TU/Jam
eelNooriNastaleeq(0)/b/n/10 مستقل رکھ کر) وقت کے ساتھ مساوات [][]۱۱.۲[][][]
 []


Underfull \hbox (badness 10000) in paragraph at lines 145--147
[][]\TU/JameelNooriNastaleeq(0)/b/n/10 کا تفرق لے کر خطی اسراع $[]$ کی قدر اور 
زاوی اسراع کی قدر $\OML/zplm/m/it/10 ^^K$ \TU/JameelNooriNastaleeq(0)/b/n/10 کا
 تعلق حاصل کر سکتے ہیں۔ بائیں ہاتھ $[] \OML/zplm/m/it/10 v[] \OT1/zplm/m/n/10 /
  [] \OML/zplm/m/it/10 t$ \TU/JameelNooriNastaleeq(0)/b/n/10 درحقیقت $\OML/zplm
/m/it/10 a[]$[]
 []

LaTeX Info: Redefining \rmfamily on input line 151.
LaTeX Info: Redefining \sffamily on input line 151.
LaTeX Info: Redefining \ttfamily on input line 151.

Underfull \hbox (badness 10000) in paragraph at lines 151--152
[][]\TU/JameelNooriNastaleeq(0)/b/n/10 جب پہیے پر عمل پیرا صافی قوت کی بدولت پہ
یا پھسلے ، تب شکل 11.3 میں $\OML/zplm/m/it/10 P$ \TU/JameelNooriNastaleeq(0)/b/
n/10 پر \TU/JameelNooriNastaleeq(0)/m/n/9 حرکی  \TU/JameelNooriNastaleeq(0)/b/n
/10 رگڑی قوت $[]$ عمل کرے گی؛ حرکت تب ہموار لڑھکاو نہیں ہو گی،[]
 []

LaTeX Info: Redefining \rmfamily on input line 153.
LaTeX Info: Redefining \sffamily on input line 153.
LaTeX Info: Redefining \ttfamily on input line 153.

Underfull \hbox (badness 10000) in paragraph at lines 153--154
[][]\TU/JameelNooriNastaleeq(0)/b/n/10 شکل 11.7 میں، افقی سطح پر دائیں رخ لڑھکت
ے ہوئے ، سائیکل مقابلے کے آغاز کی طرح، پہیا زیادہ تیز گھمایا جاتا ہے۔ زیادہ تیز
 گھماو کی بدولت $\OML/zplm/m/it/10 P$ \TU/JameelNooriNastaleeq(0)/b/n/10 پر پہی
ا پھسل کر[]
 []


Underfull \hbox (badness 10000) in paragraph at lines 153--154
[]\TU/JameelNooriNastaleeq(0)/b/n/10 بائیں جانا چاہتا ہے۔ نقطہ $\OML/zplm/m/it/
10 P$ \TU/JameelNooriNastaleeq(0)/b/n/10 پر دائیں رخ رگڑی قوت اس رجحان کا مقابل
ہ کرتی ہے۔ اگر پہیا پھسلے نہیں، یہ قوت سکونی رگڑی قوت $[]$ ہو گی (جیسا دکھایا گ
یا[]
 []


Underfull \hbox (badness 10000) in paragraph at lines 159--160
[]\TU/JameelNooriNastaleeq(0)/b/n/10 شکل 11.8 میں گول یکساں جسم ، جس کی کمیت $\
OML/zplm/m/it/10 M$ \TU/JameelNooriNastaleeq(0)/b/n/10 اور رداس $\OML/zplm/m/it
/10 R$ \TU/JameelNooriNastaleeq(0)/b/n/10 ہے، زاویہ $\OML/zplm/m/it/10 ^^R$ \TU
/JameelNooriNastaleeq(0)/b/n/10 کے میلان پر ہمواری سے ، محور $\OML/zplm/m/it/10
 x$ \TU/JameelNooriNastaleeq(0)/b/n/10 کے ہمراہ، نیچے لڑھک رہا[]
 []


Underfull \hbox (badness 10000) in paragraph at lines 159--160
[]\TU/JameelNooriNastaleeq(0)/b/n/10 ہے۔ ہم میلان کے ہمراہ اترائی کے رخ جسم کے 
اسراع $\OML/zplm/m/it/10 a[]$ \TU/JameelNooriNastaleeq(0)/b/n/10 کا ریاضی فقرہ 
تلاش کرنا چاہتے ہیں۔ نیوٹن کے قانون دوم کی خطی صورت[]
 []


Underfull \hbox (badness 10000) in paragraph at lines 164--166
[][]\TU/JameelNooriNastaleeq(0)/b/n/10 جسم پر تجاذبی قوت $[]$ نشیب وار ہے۔ اس س
متیہ کی دم جسم کے مرکز کمیت پر رکھی جاتی ہے۔ میلان کے ہمراہ جزو $\OML/zplm/m/it
/10 F[] [] ^^R$ \TU/JameelNooriNastaleeq(0)/b/n/10 ہے جو[]
 []


Underfull \hbox (badness 10000) in paragraph at lines 166--168
[][]\TU/JameelNooriNastaleeq(0)/b/n/10 میلان کو عموددار جزو $[]$ ہے۔ یہ جزو نقط
ہ تماس $\OML/zplm/m/it/10 P$ \TU/JameelNooriNastaleeq(0)/b/n/10 پر عمل کرتا ہے،
 تاہم شکل 11.8 میں ، $[]$ کا رخ تبدیل کیے بغیر، اس کو یوں کھسکایا کیا گیا ہے[]
 []


Underfull \hbox (badness 10000) in paragraph at lines 168--169
[][]\TU/JameelNooriNastaleeq(0)/b/n/10 نقطہ تماس $\OML/zplm/m/it/10 P$ \TU/Jame
elNooriNastaleeq(0)/b/n/10 پر عمل پیرا سکونی رگڑی قوت $[]$ میلان کے ہمراہ چڑھائ
ی کے رخ ہے۔ (کیا آپ بتا سکتے ہیں، کیوں؟ اگر $\OML/zplm/m/it/10 P$ \TU/JameelNoo
riNastaleeq(0)/b/n/10 پر جسم پھسلے، وہ \TU/JameelNooriNastaleeq(0)/m/n/9 اترائی
 \TU/JameelNooriNastaleeq(0)/b/n/10 کے[]
 []

[129]
Underfull \hbox (badness 10000) in paragraph at lines 175--177
[]\TU/JameelNooriNastaleeq(0)/b/n/10 اس مساوات میں دو نامعلوم متغیرات ، $\OML/z
plm/m/it/10 f[]$ \TU/JameelNooriNastaleeq(0)/b/n/10 اور $\OML/zplm/m/it/10 a[]$
\TU/JameelNooriNastaleeq(0)/b/n/10 ، پائے جاتے ہیں۔ (ہم $\OML/zplm/m/it/10 f[]$
 \TU/JameelNooriNastaleeq(0)/b/n/10 کی قیمت، رگڑی قوت کی زیادہ سے زیادہ قیمت، $
\OML/zplm/m/it/10 f[]$ \TU/JameelNooriNastaleeq(0)/b/n/10 فرض نہیں[]
 []

LaTeX Info: Redefining \rmfamily on input line 178.
LaTeX Info: Redefining \sffamily on input line 178.
LaTeX Info: Redefining \ttfamily on input line 178.

Underfull \hbox (badness 10000) in paragraph at lines 178--181
[]\TU/JameelNooriNastaleeq(0)/b/n/10 کے لحاظ سے جسم پر قوت مروڑ لکھتے ہیں۔ رگڑی
 قوت $[]$ کے معیار اثر کا بازو $\OML/zplm/m/it/10 R$ \TU/JameelNooriNastaleeq(0
)/b/n/10 ہے، لہٰذا اس کی قوت مروڑ $\OML/zplm/m/it/10 Rf[]$ \TU/JameelNooriNasta
leeq(0)/b/n/10 ہو گی، جو اس لئے مثبت ہے کہ شکل[]
 []


Underfull \hbox (badness 10000) in paragraph at lines 178--181
[]\TU/JameelNooriNastaleeq(0)/b/n/10 11.8 میں یہ جسم کو خلاف گھڑی گھمانے کی کوش
ش کرتی ہے۔مرکز کمیت کے لحاظ سے قوت $[]$ اور $[]$ کے معیار اثر بازو صفر ہیں، لہٰ
ذا ان کی قوت مروڑ[]
 []

LaTeX Info: Redefining \rmfamily on input line 186.
LaTeX Info: Redefining \sffamily on input line 186.
LaTeX Info: Redefining \ttfamily on input line 186.
LaTeX Info: Redefining \rmfamily on input line 187.
LaTeX Info: Redefining \sffamily on input line 187.
LaTeX Info: Redefining \ttfamily on input line 187.

Underfull \hbox (badness 5490) in paragraph at lines 186--189
[][]\TU/JameelNooriNastaleeq(0)/b/n/10 جسم ہموار لڑھکتا ہے لہٰذا مساوات [][]۱۱.
۶[][] $\OT1/zplm/m/n/10 (\OML/zplm/m/it/10 a[] \OT1/zplm/m/n/10 = \OML/zplm/m/i
t/10 ^^KR\OT1/zplm/m/n/10 )$ []\TU/JameelNooriNastaleeq(0)/b/n/10 استعمال کر کے
 نامعلوم $\OML/zplm/m/it/10 a[]$ \TU/JameelNooriNastaleeq(0)/b/n/10 اور $\OML/z
plm/m/it/10 ^^K$ \TU/JameelNooriNastaleeq(0)/b/n/10 کا تعلق لکھا جا سکتا ہے۔ تا
ہم، ہمیں[]
 []


Underfull \hbox (badness 10000) in paragraph at lines 186--189
[]\TU/JameelNooriNastaleeq(0)/b/n/10 ہوشیاری سے کام لینا ہو گا، چونکہ یہاں $\OM
L/zplm/m/it/10 a[]$ \TU/JameelNooriNastaleeq(0)/b/n/10 منفی (محور $\OML/zplm/m/
it/10 x$ \TU/JameelNooriNastaleeq(0)/b/n/10 پر منفی رخ ہے) اور $\OML/zplm/m/it/
10 ^^K$ \TU/JameelNooriNastaleeq(0)/b/n/10 مثبت (خلاف گھڑی) ہے۔ یوں مساوات [][]
۱۱.۸[][] []میں $\OML/zplm/m/it/10 ^^K$ \TU/JameelNooriNastaleeq(0)/b/n/10 کی جگ
ہ[]
 []

LaTeX Info: Redefining \rmfamily on input line 192.
LaTeX Info: Redefining \sffamily on input line 192.
LaTeX Info: Redefining \ttfamily on input line 192.
LaTeX Info: Redefining \rmfamily on input line 192.
LaTeX Info: Redefining \sffamily on input line 192.
LaTeX Info: Redefining \ttfamily on input line 192.

Underfull \hbox (badness 1852) in paragraph at lines 199--200
[][]\TU/JameelNooriNastaleeq(0)/b/n/10 یاد رہے، تجاذبی قوت جسم کو میلان پر اترن
ے پر مجبور کرتی ہے، تاہم جسم کو گھومنے اور یوں لڑھکنے پر رگڑی قوت مجبور کرتی ہے
۔ اگر آپ رگڑ خارج کر دیں (مثلاً،[]
 []


Underfull \hbox (badness 10000) in paragraph at lines 199--200
[]\TU/JameelNooriNastaleeq(0)/b/n/10 میلان کو تیل سے چکنا کر کے ) یا $\OML/zplm
/m/it/10 Mg [] ^^R$ \TU/JameelNooriNastaleeq(0)/b/n/10 کو $\OML/zplm/m/it/10 f[
]$ \TU/JameelNooriNastaleeq(0)/b/n/10 سے زیادہ کر دیں، ہموار لڑھکاو خارج ہو جائ
ے گا اور جسم لڑھکنے کی بجائے میلان پر پھسل کر[]
 []


Underfull \hbox (badness 10000) in paragraph at lines 204--205
[][]\TU/JameelNooriNastaleeq(0)/b/n/10 قرص $\OML/zplm/m/it/10 A$ \TU/JameelNoor
iNastaleeq(0)/b/n/10 اور $\OML/zplm/m/it/10 B$ \TU/JameelNooriNastaleeq(0)/b/n/
10 ایک جیسے ہیں اور فرش پر ایک جتنی رفتار سے لڑھکتے ہیں۔ قرص $\OML/zplm/m/it/10
 A$ \TU/JameelNooriNastaleeq(0)/b/n/10 کے سامنے میلان آتا ہے جس پر یہ زیادہ سے 
زیادہ $\OML/zplm/m/it/10 h$ \TU/JameelNooriNastaleeq(0)/b/n/10 تک پہنچتا ہے۔[]
 []


Underfull \hbox (badness 10000) in paragraph at lines 215--216
[]\TU/JameelNooriNastaleeq(0)/b/n/10 چونکہ صرف تجاذبی قوت، جو بقائی قوت ہے، گین
د پر کام سرانجام دیتی ہے، لہٰذا میلان پر لڑھک کر اترنے کے دوران گیند و زمین نظا
م کی میکانی توانائی $\OML/zplm/m/it/10 E$ \TU/JameelNooriNastaleeq(0)/b/n/10 کی
 بقا[]
 []


Underfull \hbox (badness 10000) in paragraph at lines 215--216
[]\TU/JameelNooriNastaleeq(0)/b/n/10 ہو گی۔میلان سے گیند پر عمود دار قوت گیند ک
ی راہ کو عمودی ہونے کی وجہ سے کوئی کام سرانجام نہیں دیتی۔ گیند پھسلتا نہیں (\TU
/JameelNooriNastaleeq(0)/m/n/9 ہموار لڑھکتا \TU/JameelNooriNastaleeq(0)/b/n/10 
ہے) لہٰذا رگڑی قوت[]
 []

[130]
LaTeX Info: Redefining \rmfamily on input line 222.
LaTeX Info: Redefining \sffamily on input line 222.
LaTeX Info: Redefining \ttfamily on input line 222.

Underfull \hbox (badness 3449) in paragraph at lines 221--223
[]\TU/JameelNooriNastaleeq(0)/b/n/10 جہاں زیر نوشت $\OML/zplm/m/it/10 f$ \TU/Ja
meelNooriNastaleeq(0)/b/n/10 اور $\OML/zplm/m/it/10 i$ \TU/JameelNooriNastaleeq
(0)/b/n/10 بالترتیب (زمین پر پہنچ کر) اختتامی اور (ساکن حالت ) ابتدائی قیمتیں ظ
اہر کرتی ہیں۔تجاذبی مخفی توانائی کی ابتدائی قیمت $\OML/zplm/m/it/10 U[] \OT1/zp
lm/m/n/10 =$[]
 []


Underfull \hbox (badness 1852) in paragraph at lines 221--223
[]$\OML/zplm/m/it/10 Mgh$ \TU/JameelNooriNastaleeq(0)/b/n/10 (جہاں $\OML/zplm/m
/it/10 M$ \TU/JameelNooriNastaleeq(0)/b/n/10 گیند کی کمیت ہے) اور اختتامی قیمت 
$\OML/zplm/m/it/10 U[] \OT1/zplm/m/n/10 = \OT1/ppl/m/n/10 0$ \TU/JameelNooriNas
taleeq(0)/b/n/10 ہے۔ ابتدائی حرکی توانائی $\OML/zplm/m/it/10 K[] \OT1/zplm/m/n/
10 = \OT1/ppl/m/n/10 0$ \TU/JameelNooriNastaleeq(0)/b/n/10 ہے اختتامی حرکی توان
ائی جاننے[]
 []


Underfull \hbox (badness 2591) in paragraph at lines 221--223
[]\TU/JameelNooriNastaleeq(0)/b/n/10 کے لئے اضافی تصور درکار ہے: چونکہ گیند لڑھ
کتا ہے اس کی حرکی توانائی میں مستقیم اور گھمیری جزو شامل ہوں گے، جنہیں شامل کرن
ے کے لئے مساوات [][]۱۱.۵[][] []کا[]
 []

LaTeX Info: Redefining \rmfamily on input line 225.
LaTeX Info: Redefining \sffamily on input line 225.
LaTeX Info: Redefining \ttfamily on input line 225.

Underfull \hbox (badness 10000) in paragraph at lines 229--231
[]\TU/JameelNooriNastaleeq(0)/b/n/10 جہاں گیند کے مرکز کمیت سے گزرتی محور پر گی
ند کا گھمیری جمود $\OML/zplm/m/it/10 I[]$ \TU/JameelNooriNastaleeq(0)/b/n/10 ، 
زمین پر پہنچ کر گیند کی رفتار (جو ہم تلاش کرنا چاہتے ہیں) $\OML/zplm/m/it/10 v[
]$ \TU/JameelNooriNastaleeq(0)/b/n/10 ، اور زمین پر[]
 []

LaTeX Info: Redefining \rmfamily on input line 232.
LaTeX Info: Redefining \sffamily on input line 232.
LaTeX Info: Redefining \ttfamily on input line 232.
LaTeX Info: Redefining \rmfamily on input line 232.
LaTeX Info: Redefining \sffamily on input line 232.
LaTeX Info: Redefining \ttfamily on input line 232.

Underfull \hbox (badness 10000) in paragraph at lines 232--233
[][]\TU/JameelNooriNastaleeq(0)/b/n/10 چونکہ گیند ہموار لڑھکتا ہے، ہم مساوات []
[]۱۱.۲[][] []استعمال کر کے $\OML/zplm/m/it/10 !$ \TU/JameelNooriNastaleeq(0)/b/
n/10 کی جگہ $\OML/zplm/m/it/10 v[] \OT1/zplm/m/n/10 / \OML/zplm/m/it/10 R$ \TU/
JameelNooriNastaleeq(0)/b/n/10 پُر کر کے مساوات [][]۱۱.۱۲[][] []میں نامعلوم متغ
یرات کی تعداد کم کر سکتے[]
 []

LaTeX Info: Redefining \rmfamily on input line 242.
LaTeX Info: Redefining \sffamily on input line 242.
LaTeX Info: Redefining \ttfamily on input line 242.
LaTeX Info: Redefining \rmfamily on input line 245.
LaTeX Info: Redefining \sffamily on input line 245.
LaTeX Info: Redefining \ttfamily on input line 245.
LaTeX Info: Redefining \rmfamily on input line 245.
LaTeX Info: Redefining \sffamily on input line 245.
LaTeX Info: Redefining \ttfamily on input line 245.

Underfull \hbox (badness 10000) in paragraph at lines 250--252
[]\TU/JameelNooriNastaleeq(0)/b/n/10 یاد رہے ہمیں کمیت $\OML/zplm/m/it/10 M$ \T
U/JameelNooriNastaleeq(0)/b/n/10 درکار تھی جبکہ رداس $\OML/zplm/m/it/10 R$ \TU/
JameelNooriNastaleeq(0)/b/n/10 نہیں تھا۔ یوں، $\OT1/ppl/m/n/10 30[]$ \TU/Jameel
NooriNastaleeq(0)/b/n/10 میلان پر $\OT1/ppl/m/n/10 6.00 []$ \TU/JameelNooriNast
aleeq(0)/b/n/10 ہموار لڑھکتے گیند پر، گیند کے رداس سے قطع نظر، رگڑی[]
 []

[131]
LaTeX Info: Redefining \rmfamily on input line 261.
LaTeX Info: Redefining \sffamily on input line 261.
LaTeX Info: Redefining \ttfamily on input line 261.

Underfull \hbox (badness 10000) in paragraph at lines 277--278
[]\TU/JameelNooriNastaleeq(0)/b/n/10 ڈوری پر $\OML/zplm/m/it/10 h$ \TU/JameelNo
oriNastaleeq(0)/b/n/10 فاصلہ اتر کر ڈوری دار لٹو کی مخفی توانائی میں $\OML/zplm
/m/it/10 mgh$ \TU/JameelNooriNastaleeq(0)/b/n/10 کمی واقع ہو گی جبکہ اس کی حرکی
 توانائی کے مستقیم جزو $\OT1/zplm/m/n/10 ([]\OML/zplm/m/it/10 Mv[]\OT1/zplm/m/n
/10 )$ \TU/JameelNooriNastaleeq(0)/b/n/10 اور گھمیری جزو[]
 []


Underfull \hbox (badness 10000) in paragraph at lines 279--280
[][]\TU/JameelNooriNastaleeq(0)/b/n/10 ڈوری دار لٹو کی ایک نئی قسم میں ڈور کو د
ھرے کے ساتھ سخت باندھنے کے بجائے ڈور کو دھرے کے گرد ڈھیلا گھیرا دیا جاتا ہے۔ جب
 لٹو نیچے اترتے ہوئے[]
 []


Underfull \hbox (badness 10000) in paragraph at lines 279--280
[]\TU/JameelNooriNastaleeq(0)/b/n/10 ڈور کے پیندا کو”ٹکرا تا“ ہے، دھرے پر ڈور ا
وپر وار قوت لاگو کر کے لٹو کی نشیبی حرکت روکتی ہے۔ اس کے بعد لٹو صرف گھمیری حرک
ی توانائی کے ساتھ (دھرا[]
 []


Underfull \hbox (badness 10000) in paragraph at lines 279--280
[]\TU/JameelNooriNastaleeq(0)/b/n/10 گھیر میں چکر کاٹتا ہوا) گھومتا ہے۔ لٹو (”س
وتے ہوئے “ ) چکر کاٹتا رہتا ہے ؛ ڈور کو جھٹکا دینے پر ڈور دھرے کو پکڑتی ہے ، ”ل
ٹو بیدار ہوتا ہے“، اور اوپر چڑھنا[]
 []


Underfull \hbox (badness 10000) in paragraph at lines 279--280
[]\TU/JameelNooriNastaleeq(0)/b/n/10 شروع کرتا ہے۔ ڈور کے پیندا پر لٹو کی گھمیر
ی حرکی توانائی (اور یوں سونے کا دورانیہ) بڑھانے کی خاطر لٹو کو ساکن حالت سے روا
نا کرنے کی بجائے ابتدائی رفتار[]
 []


Underfull \hbox (badness 10000) in paragraph at lines 281--282
[][]\TU/JameelNooriNastaleeq(0)/b/n/10 ڈور پر نشیب وار اترنے کے دوران لٹو کا خط
ی اسراع $\OML/zplm/m/it/10 a[]$ \TU/JameelNooriNastaleeq(0)/b/n/10 جاننے کے لئے
 ،شکل 11.8 میں میلان پر اترتے لڑھکتے جسم کی طرح، نیوٹن کا قانون دوم[]
 []

LaTeX Info: Redefining \rmfamily on input line 291.
LaTeX Info: Redefining \sffamily on input line 291.
LaTeX Info: Redefining \ttfamily on input line 291.
LaTeX Info: Redefining \rmfamily on input line 291.
LaTeX Info: Redefining \sffamily on input line 291.
LaTeX Info: Redefining \ttfamily on input line 291.
[132]
Underfull \hbox (badness 10000) in paragraph at lines 309--311
[][]\TU/JameelNooriNastaleeq(0)/b/n/10 ذرے پر عمل پیرا قوت کی ذرے پر قوت مروڑ ،
 اکائی سمتیہ ترقیم یا قدر و زاویہ ترقیم کے روپ میں، ذرے کے تعین گر سمتیہ اور قو
ت سمتیہ کے صلیبی[]
 []


Underfull \hbox (badness 10000) in paragraph at lines 314--315
[][]
 []

LaTeX Info: Redefining \rmfamily on input line 334.
LaTeX Info: Redefining \sffamily on input line 334.
LaTeX Info: Redefining \ttfamily on input line 334.

Underfull \hbox (badness 10000) in paragraph at lines 334--335
[]\TU/JameelNooriNastaleeq(0)/b/n/10 باب [][]۱۰[][] []میں مقررہ محور کے گرد گھو
منے کے قابل استوار جسم کے لئے قوت مروڑ $\OML/zplm/m/it/10 ^^\$ \TU/JameelNooriN
astaleeq(0)/b/n/10 کی تعریف پیش کی گئی۔ ہم قوت مروڑ کی تعریف کو وسعت دے کر[]
 []


Underfull \hbox (badness 10000) in paragraph at lines 334--335
[]\TU/JameelNooriNastaleeq(0)/b/n/10 (مقررہ محور کے بجائے) مقررہ \TU/JameelNoor
iNastaleeq(0)/m/n/9 نقطے  \TU/JameelNooriNastaleeq(0)/b/n/10 کے لحاظ سے کسی بھی
 راہ پر حرکت کرتے ہوئے انفرادی ذرے کے لئے استعمال کرتے ہیں۔ راہ کا دائری ہونا ض
روری نہیں،[]
 []


Underfull \hbox (badness 10000) in paragraph at lines 334--335
[]\TU/JameelNooriNastaleeq(0)/b/n/10 اور ہم قوت مروڑ کو سمتیہ $[]$ لکھتے ہیں جس
 کا رخ کچھ بھی ہو سکتا ہے۔قوت مروڑ کی قدر کلیہ سے اور رخ صلیبی ضرب کے دایاں ہات
ھ قاعدہ سے حاصل کیا جا[]
 []


Underfull \hbox (badness 10000) in paragraph at lines 336--338
[][]\TU/JameelNooriNastaleeq(0)/b/n/10 شکل 11.10a میں ، نقطہ $\OML/zplm/m/it/10
 A$ \TU/JameelNooriNastaleeq(0)/b/n/10 پر مستوی $\OML/zplm/m/it/10 xy$ \TU/Jame
elNooriNastaleeq(0)/b/n/10 میں ایسا ایک ذرہ دکھایا گیا ہے۔ ذرے پر ، مستوی میں ق
وت، $[]$ عمل کرتی ہے، اور مبدا $\OML/zplm/m/it/10 O$ \TU/JameelNooriNastaleeq(0
)/b/n/10 کے لحاظ سے[]
 []

[133]
Underfull \hbox (badness 10000) in paragraph at lines 342--343
[][]\TU/JameelNooriNastaleeq(0)/b/n/10 قوت مروڑ $[]$ کی اس تعریف میں سمتی (صلیب
ی) ضرب کی تحسیب حصہ 3.3 کے قواعد سے کی جا سکتی ہے۔ $[]$ کا رخ جاننے کے لئے ، سم
تیہ $[]$ کو( رخ[]
 []


Underfull \hbox (badness 10000) in paragraph at lines 342--343
[]\TU/JameelNooriNastaleeq(0)/b/n/10 تبدیل کیے بغیر) کھسکا کر اس کی دم مبدا $\O
ML/zplm/m/it/10 O$ \TU/JameelNooriNastaleeq(0)/b/n/10 پر رکھی جاتی ہے؛یوں ، جیس
ا شکل 11.10b میں دکھایا گیا ہے، سمتی ضرب کے دونوں سمتیات کی دم ایک نقطے پر[]
 []


Underfull \hbox (badness 10000) in paragraph at lines 342--343
[]\TU/JameelNooriNastaleeq(0)/b/n/10 ہو گی۔ اب ہم شکل 3.19a میں پیش دایاں ہاتھ 
قاعدہ استعمال کرتے ہوئے، دائیں ہاتھ کی چار انگلیاں $[]$ پر رکھ کر (ضرب میں پہلا
 سمتیہ ہے) $[]$ کی طرف[]
 []

LaTeX Info: Redefining \rmfamily on input line 349.
LaTeX Info: Redefining \sffamily on input line 349.
LaTeX Info: Redefining \ttfamily on input line 349.

Underfull \hbox (badness 10000) in paragraph at lines 348--351
[]\TU/JameelNooriNastaleeq(0)/b/n/10 جہاں $[]$ اور $[]$ کے دم ایک نقطے پر رکھ ک
ر سمتیات کے بیچ چھوٹا زاویہ $\OML/zplm/m/it/10 ^^^$ \TU/JameelNooriNastaleeq(0)
/b/n/10 ہے۔ شکل 11.10b سے ہم دیکھ سکتے ہیں کہ مساوات [][]۱۱.۱۵[][] []ذیل لکھی ج
ا سکتی[]
 []

LaTeX Info: Redefining \rmfamily on input line 354.
LaTeX Info: Redefining \sffamily on input line 354.
LaTeX Info: Redefining \ttfamily on input line 354.

Underfull \hbox (badness 10000) in paragraph at lines 364--365
[][]\TU/JameelNooriNastaleeq(0)/b/n/10 ذرے کا تعین گر سمتیہ $[]$، مثبت محور $\O
ML/zplm/m/it/10 z$ \TU/JameelNooriNastaleeq(0)/b/n/10 کے ہمراہ پایا جاتا ہے۔ اگ
ر ذرے پر قوت مروڑ (ا) صفر ہو، (ب) محور $\OML/zplm/m/it/10 x$ \TU/JameelNooriNas
taleeq(0)/b/n/10 کے منفی رخ ہو، اور (ج) محور $\OML/zplm/m/it/10 y$ \TU/JameelNo
oriNastaleeq(0)/b/n/10 کے منفی[]
 []

LaTeX Info: Redefining \rmfamily on input line 373.
LaTeX Info: Redefining \sffamily on input line 373.
LaTeX Info: Redefining \ttfamily on input line 373.

Underfull \hbox (badness 10000) in paragraph at lines 375--377
[][]\TU/AASameerSagarNastaleeqBold(0)/m/n/10 حساب: \TU/JameelNooriNastaleeq(0)/
b/n/10 ہم مبدا $\OML/zplm/m/it/10 O$ \TU/JameelNooriNastaleeq(0)/b/n/10 کے لحاظ
 سے قوت مروڑ جاننا چاہتے ہیں لہٰذا دیا گیا تعین گر سمتیہ صلیبی ضرب میں درکار سم
تیہ $[]$ہو گا۔ قوت اور $[]$ کے بیچ زاویہ[]
 []


Underfull \hbox (badness 10000) in paragraph at lines 375--377
[]$\OML/zplm/m/it/10 ^^^$ \TU/JameelNooriNastaleeq(0)/b/n/10 جاننے کے لئے ہم شک
ل 11.11a میں دیے گئے سمتیہ قوت باری باری یوں کھسکاتے ہیں کہ ان کی دم $\OML/zplm
/m/it/10 O$ \TU/JameelNooriNastaleeq(0)/b/n/10 پر ہو۔ انتقال کے بعد قوت $[]$، $
[]$، اور[]
 []


Underfull \hbox (badness 10000) in paragraph at lines 375--377
[]$[]$ \TU/JameelNooriNastaleeq(0)/b/n/10 بالترتیب شکل 11.11b، شکل 11.11c، اور 
شکل 11.11d میں، جو مستوی $\OML/zplm/m/it/10 xz$ \TU/JameelNooriNastaleeq(0)/b/n
/10 کا نظارہ دیتی ہیں، دکھائی گئی ہیں (جن میں سمتیہ قوت اور تعین گر[]
 []

[134]
LaTeX Info: Redefining \rmfamily on input line 378.
LaTeX Info: Redefining \sffamily on input line 378.
LaTeX Info: Redefining \ttfamily on input line 378.

Underfull \hbox (badness 10000) in paragraph at lines 385--386
[][]\TU/JameelNooriNastaleeq(0)/b/n/10 اب دائیں ہاتھ قاعدہ استعمال کرتے ہوئے،دا
ئیں ہاتھ کی چار انگلیاں $[]$ کے رخ رکھ کر $[]$ کے رخ (سمتیات کے رخ کے بیچ چھوٹے
 زاویے)گھماتے ہیں۔[]
 []


Underfull \hbox (badness 10000) in paragraph at lines 385--386
[]\TU/JameelNooriNastaleeq(0)/b/n/10 دائیں ہاتھ کا انگوٹھا ، جو چار انگلیوں کو 
عمود دار رکھا گیا ہے، قوت مروڑ کا رخ دیگا۔ یوں $[]$ شکل 11.11b میں صفحے کے اندر
 جانے کے رخ ہو گا؛ $[]$ شکل[]
 []


Underfull \hbox (badness 10000) in paragraph at lines 385--386
[]\TU/JameelNooriNastaleeq(0)/b/n/10 11.11c میں صفحہ سے باہر نکلنے کے رخ ہو گا؛
 اور $[]$ کا رخ شکل 11.11d میں دکھایا گیا ہے۔ تینوں قوت مروڑ سمتیات شکل 11.11e 
میں پیش ہیں۔[]
 []


Underfull \hbox (badness 10000) in paragraph at lines 400--402
[][]\TU/JameelNooriNastaleeq(0)/b/n/10 اکائی سمتیہ ترقیم یا قدر و زاویہ ترقیم م
یں، ذرے کے تعین گر سمتیہ اور معیار حرکت سمتیہ کا صلیبی ضرب لے کر ذرے کا زاوی مع
یار حرکت تعین کر پائیں[]
 []


Underfull \hbox (badness 10000) in paragraph at lines 405--406
[][]
 []


Underfull \hbox (badness 10000) in paragraph at lines 408--409
[][]\TU/JameelNooriNastaleeq(0)/b/n/10 ایک ذرہ، جس کا خطی معیار حرکت $[]$ ، کمی
ت $\OML/zplm/m/it/10 m$\TU/JameelNooriNastaleeq(0)/b/n/10 ، اور خطی سمتی رفتار 
$[]$ ہو، کا مقررہ نقطے کے لحاظ سے (جو عموماً مبدا ہو گا) زاوی معیار حرکت $[]$[]

 []

[135]
Underfull \hbox (badness 10000) in paragraph at lines 422--423
[][]\TU/JameelNooriNastaleeq(0)/b/n/10 دایاں ہاتھ قاعدہ $[]$ کا رخ دیگا: دائیں 
ہاتھ کی چار انگلیاں $[]$ کے رخ پر (ابتدائی طور) رکھ کر انہیں گھما کر $[]$ کے رخ
 پر رکھیں۔دائیں ہاتھ کا سیدھا[]
 []


Underfull \hbox (badness 10000) in paragraph at lines 427--428
[]\TU/JameelNooriNastaleeq(0)/b/n/10 یاد کریں، خطی معیار حرکت $[]$ اور خطی معیا
ر حرکت کی بقا کا اصول انتہائی طاقتور اوزار ہیں۔انہیں استعمال کر کے نتائج کی ، م
ثلاً دو گاڑیوں کے تصادم کی تفصیل[]
 []


Underfull \hbox (badness 10000) in paragraph at lines 427--428
[]\TU/JameelNooriNastaleeq(0)/b/n/10 جانے بغیر تصادم کی ، پیشنگوئی کی جا سکتی ہ
ے۔یہاں ہم $[]$ کے زاوی مدمقابل پر تبصرہ شروع کرتے ہیں جس کا اختتام حصہ 11.8 میں
 بقائی اصول کے مدمقابل[]
 []

LaTeX Info: Redefining \rmfamily on input line 429.
LaTeX Info: Redefining \sffamily on input line 429.
LaTeX Info: Redefining \ttfamily on input line 429.
LaTeX Info: Redefining \rmfamily on input line 434.
LaTeX Info: Redefining \sffamily on input line 434.
LaTeX Info: Redefining \ttfamily on input line 434.
LaTeX Info: Redefining \rmfamily on input line 434.
LaTeX Info: Redefining \sffamily on input line 434.
LaTeX Info: Redefining \ttfamily on input line 434.

Underfull \hbox (badness 2753) in paragraph at lines 433--435
[]\TU/JameelNooriNastaleeq(0)/b/n/10 جہاں $\OML/zplm/m/it/10 O$ \TU/JameelNoori
Nastaleeq(0)/b/n/10 کے لحاظ سے ذرے کا تعین گر سمتیہ $[]$ ہے۔مبدا $\OML/zplm/m/i
t/10 O$ \TU/JameelNooriNastaleeq(0)/b/n/10 کے لحاظ سے جب ذرہ معیار حرکت $[]$ $\
OT1/zplm/m/n/10 (\OML/zplm/m/it/10 m[] \OT1/zplm/m/n/10 =)$ \TU/JameelNooriNast
aleeq(0)/b/n/10 کے رخ کرتا ہے، اس کا تعین گر[]
 []


Underfull \hbox (badness 10000) in paragraph at lines 433--435
[]\TU/JameelNooriNastaleeq(0)/b/n/10 سمتیہ $[]$ مبدا $\OML/zplm/m/it/10 O$ \TU/
JameelNooriNastaleeq(0)/b/n/10 کے گرد گھمیری حرکت کرتا ہے۔ غور کریں، $\OML/zplm
/m/it/10 O$ \TU/JameelNooriNastaleeq(0)/b/n/10 پر زاوی معیار حرکت کے لئے ضروری 
نہیں کہ ذرہ خود $\OML/zplm/m/it/10 O$ \TU/JameelNooriNastaleeq(0)/b/n/10 کے گرد
 گھومتا ہو۔ مساوت[]
 []


Underfull \hbox (badness 10000) in paragraph at lines 433--435
[][][]\TU/JameelNooriNastaleeq(0)/b/n/10 ۱۱.۱۴[][] []اور مساوات [][]۱۱.۱۸[][] [
]کا موازنہ کرنے سے معلوم ہو گا کہ زاوی معیار حرکت اور خطی معیار حرکت کا آپس میں
 وہی رشتہ ہے جو قوت مروڑ کا قوت کے ساتھ[]
 []


Underfull \hbox (badness 10000) in paragraph at lines 436--438
[][]\TU/AASameerSagarNastaleeqBold(0)/m/n/10 رخ۔ \TU/JameelNooriNastaleeq(0)/b/
n/10 شکل 11.12 میں زاوی معیار حرکت سمتیہ $[]$ کا رخ جاننے کے لئے، ہم سمتیہ $[]$
 کو کھسکا کر کے اس کی دم مبدا $\OML/zplm/m/it/10 O$ \TU/JameelNooriNastaleeq(0)
/b/n/10 پر رکھتے ہیں۔اس کے بعد[]
 []


Underfull \hbox (badness 10000) in paragraph at lines 436--438
[]\TU/JameelNooriNastaleeq(0)/b/n/10 صلیبی ضرب کا دایاں ہاتھ قاعدہ استعمال کر ک
ے انگلیوں کو $[]$ سے $[]$ لپیٹتے ہیں۔ سیدھا کھڑا انگوٹھا $[]$ کا رخ ، شکل 11.12
 میں ، محور $\OML/zplm/m/it/10 z$ \TU/JameelNooriNastaleeq(0)/b/n/10 کا مثبت رخ
 دیتا ہے۔[]
 []


Underfull \hbox (badness 10000) in paragraph at lines 436--438
[]\TU/JameelNooriNastaleeq(0)/b/n/10 یہ مثبت رخ، محور $\OML/zplm/m/it/10 z$ \TU
/JameelNooriNastaleeq(0)/b/n/10 پر تعین گر سمتیہ $[]$ کے خلاف گھڑی گھماو کے عین
 مطابق ہے، جو ذرے کی حرکت سے پیدا ہوتی ہے۔ ($[]$ کی منفی قیمت محور $\OML/zplm/m
/it/10 z$ \TU/JameelNooriNastaleeq(0)/b/n/10 پر[]
 []

LaTeX Info: Redefining \rmfamily on input line 445.
LaTeX Info: Redefining \sffamily on input line 445.
LaTeX Info: Redefining \ttfamily on input line 445.
LaTeX Info: Redefining \rmfamily on input line 450.
LaTeX Info: Redefining \sffamily on input line 450.
LaTeX Info: Redefining \ttfamily on input line 450.
[136]
Underfull \hbox (badness 10000) in paragraph at lines 457--459
[][]\TU/AASameerSagarNastaleeqBold(0)/m/n/10 اہم۔ \TU/JameelNooriNastaleeq(0)/b
/n/10 دو پہلو پر غور کریں: (1) زاوی معیار حرکت صرف کسی مخصوص مبدا کے لحاظ سے مع
نی خیز ہے اور (2) اس کا رخ ہر صورت اس مستوی کو عمودی ہو[]
 []


Underfull \hbox (badness 10000) in paragraph at lines 463--464
[][]\TU/JameelNooriNastaleeq(0)/b/n/10 شکل ؟؟ ا میں ذرہ $\OT1/ppl/m/n/10 1$ \TU
/JameelNooriNastaleeq(0)/b/n/10 اور $\OT1/ppl/m/n/10 2$ \TU/JameelNooriNastalee
q(0)/b/n/10 نقطہ $\OML/zplm/m/it/10 O$ \TU/JameelNooriNastaleeq(0)/b/n/10 کے گر
 بالترتیب د رداس $\OT1/ppl/m/n/10 2 m$ \TU/JameelNooriNastaleeq(0)/b/n/10 اور $
\OT1/ppl/m/n/10 4 m$ \TU/JameelNooriNastaleeq(0)/b/n/10 کے دائروں پر حرکت کرتے 
ہیں۔ شکل ب میں ذرہ $\OT1/ppl/m/n/10 3$ \TU/JameelNooriNastaleeq(0)/b/n/10 اور $
\OT1/ppl/m/n/10 4$ \TU/JameelNooriNastaleeq(0)/b/n/10 نقطہ $\OML/zplm/m/it/10 O
$[]
 []


Underfull \hbox (badness 10000) in paragraph at lines 463--464
[]\TU/JameelNooriNastaleeq(0)/b/n/10 سے بالترتیب $\OT1/ppl/m/n/10 4 m$ \TU/Jame
elNooriNastaleeq(0)/b/n/10 اور $\OT1/ppl/m/n/10 2 m$ \TU/JameelNooriNastaleeq(0
)/b/n/10 عمود دار فاصلوں پر خط مستقیم پر حرکت کرتے ہیں۔ ذرہ $\OT1/ppl/m/n/10 5$
 \TU/JameelNooriNastaleeq(0)/b/n/10 نقطہ $\OML/zplm/m/it/10 O$ \TU/JameelNooriN
astaleeq(0)/b/n/10 سے باہری رخ حرکت کرتا ہے۔ تمام ذروں کی کمیت[]
 []


Underfull \hbox (badness 10000) in paragraph at lines 463--464
[]\TU/JameelNooriNastaleeq(0)/b/n/10 اور رفتار برابر ہیں۔ (ا) نقطہ $\OML/zplm/m
/it/10 O$ \TU/JameelNooriNastaleeq(0)/b/n/10 پر زاوی معیار حرکت کے لحاظ سے ، اع
ظم اول رکھ کر، ذروں کی درجہ بندی کریں۔ (ب) نقطہ $\OML/zplm/m/it/10 O$ \TU/Jamee
lNooriNastaleeq(0)/b/n/10 پر کن ذروں کا زاوی معیار[]
 []


Underfull \hbox (badness 10000) in paragraph at lines 468--471
[]\TU/JameelNooriNastaleeq(0)/b/n/10 افقی راہوں پر دو ذرے مستقل معیار حرکت کے س
اتھ حرکت کرتے ہیں ۔شکل 11.13 میں ان کا فضائی جائزہ پیش ہے۔ ذرہ $\OT1/ppl/m/n/10
 1$ \TU/JameelNooriNastaleeq(0)/b/n/10 ، جس کے معیار حرکت کی[]
 []

LaTeX Info: Redefining \rmfamily on input line 473.
LaTeX Info: Redefining \sffamily on input line 473.
LaTeX Info: Redefining \ttfamily on input line 473.
LaTeX Info: Redefining \rmfamily on input line 473.
LaTeX Info: Redefining \sffamily on input line 473.
LaTeX Info: Redefining \ttfamily on input line 473.
LaTeX Info: Redefining \rmfamily on input line 474.
LaTeX Info: Redefining \sffamily on input line 474.
LaTeX Info: Redefining \ttfamily on input line 474.

Underfull \hbox (badness 10000) in paragraph at lines 473--475
[]\TU/JameelNooriNastaleeq(0)/b/n/10 انفرادی زاوی معیار حرکت $[]$ اور $[]$ معلو
م کر نے کے بعد جمع کر کے ہم صافی معیار حرکت $[]$ تلاش کر سکتے ہیں۔ ان کی قدریں 
مساوات [][]۱۱.۱۸[][] []تا[]
 []

LaTeX Info: Redefining \rmfamily on input line 477.
LaTeX Info: Redefining \sffamily on input line 477.
LaTeX Info: Redefining \ttfamily on input line 477.
LaTeX Info: Redefining \rmfamily on input line 482.
LaTeX Info: Redefining \sffamily on input line 482.
LaTeX Info: Redefining \ttfamily on input line 482.

Underfull \hbox (badness 10000) in paragraph at lines 481--483
[]\TU/JameelNooriNastaleeq(0)/b/n/10 سمتیہ $[]$ کا رخ مساوات [][]۱۱.۱۸[][] []او
ر سمتیات کے صلیبی ضرب کا دایاں ہاتھ قاعدہ دے گا۔ صلیبی ضرب $[] \OMS/zplm/m/n/10
 ^^B []$ \TU/JameelNooriNastaleeq(0)/b/n/10 صفحہ سے باہر نکلنے کے رخ، شکل[]
 []


Underfull \hbox (badness 10000) in paragraph at lines 481--483
[]\TU/JameelNooriNastaleeq(0)/b/n/10 11.13 کے مستوی کو عمود دار ہو گا۔یہ مثبت ر
خ ہے، جو ذرے کی حرکت کے دوران ذرے کے تعین گر سمتیہ $[]$ کا نقطہ $\OML/zplm/m/it
/10 O$ \TU/JameelNooriNastaleeq(0)/b/n/10 کے گرد خلاف گھڑی گھماو[]
 []

[137]
Underfull \hbox (badness 10000) in paragraph at lines 513--514
[][]
 []

LaTeX Info: Redefining \rmfamily on input line 531.
LaTeX Info: Redefining \sffamily on input line 531.
LaTeX Info: Redefining \ttfamily on input line 531.

Underfull \hbox (badness 10000) in paragraph at lines 530--533
[]\TU/JameelNooriNastaleeq(0)/b/n/10 واحد ذرے کے لئے، قوت اور خطی معیار حرکت کے
 بیچ قریبی رشتہ اجاگر کرتا ہے۔ ہم خطی اور زاوی مقادیر کی متوازیت دیکھ چکے ہیں ا
ور توقع کر سکتے ہیں کہ[]
 []

[138]
LaTeX Info: Redefining \rmfamily on input line 536.
LaTeX Info: Redefining \sffamily on input line 536.
LaTeX Info: Redefining \ttfamily on input line 536.
LaTeX Info: Redefining \rmfamily on input line 544.
LaTeX Info: Redefining \sffamily on input line 544.
LaTeX Info: Redefining \ttfamily on input line 544.
LaTeX Info: Redefining \rmfamily on input line 547.
LaTeX Info: Redefining \sffamily on input line 547.
LaTeX Info: Redefining \ttfamily on input line 547.
LaTeX Info: Redefining \rmfamily on input line 548.
LaTeX Info: Redefining \sffamily on input line 548.
LaTeX Info: Redefining \ttfamily on input line 548.
LaTeX Info: Redefining \rmfamily on input line 557.
LaTeX Info: Redefining \sffamily on input line 557.
LaTeX Info: Redefining \ttfamily on input line 557.
LaTeX Info: Redefining \rmfamily on input line 570.
LaTeX Info: Redefining \sffamily on input line 570.
LaTeX Info: Redefining \ttfamily on input line 570.
LaTeX Info: Redefining \rmfamily on input line 570.
LaTeX Info: Redefining \sffamily on input line 570.
LaTeX Info: Redefining \ttfamily on input line 570.
 [139]
LaTeX Info: Redefining \rmfamily on input line 574.
LaTeX Info: Redefining \sffamily on input line 574.
LaTeX Info: Redefining \ttfamily on input line 574.

Underfull \hbox (badness 10000) in paragraph at lines 579--580
[][]\TU/JameelNooriNastaleeq(0)/b/n/10 کل ؟؟ میں کسی ایک لمحے پر ذرے کا تعین گر
 سمتیہ $[]$، اور ذرے کو مسرع کرنے والی قوتوں کے چار ممکنہ رخ دیے گئے ہیں۔ تمام 
قوت سطح $\OML/zplm/m/it/10 xy$ \TU/JameelNooriNastaleeq(0)/b/n/10 میں ہیں۔ (ا)[
]
 []


Underfull \hbox (badness 10000) in paragraph at lines 579--580
[]\TU/JameelNooriNastaleeq(0)/b/n/10 نقطہ $\OML/zplm/m/it/10 O$ \TU/JameelNoori
Nastaleeq(0)/b/n/10 پر ذرے کے زاوی معیار حرکت میں تبدیلی $\OT1/zplm/m/n/10 ([] 
[] /  [] \OML/zplm/m/it/10 t\OT1/zplm/m/n/10 )$ \TU/JameelNooriNastaleeq(0)/b/n
/10 کی قدر کے لحاظ سے، اعظم قیمت اول رکھ کر، قوتوں کی درجہ بندی کریں۔ (ب) نقطہ[
]
 []


Underfull \hbox (badness 5403) in paragraph at lines 588--590
[]\TU/JameelNooriNastaleeq(0)/b/n/10 جہاں $[]$ میٹر میں اور $\OML/zplm/m/it/10 
t$ \TU/JameelNooriNastaleeq(0)/b/n/10 سیکنڈ میں ہے، اور آغاز $\OML/zplm/m/it/10
 t \OT1/zplm/m/n/10 = \OT1/ppl/m/n/10 0$ \TU/JameelNooriNastaleeq(0)/b/n/10 پر 
ہوتا ہے۔ تعین گر سمتیہ مبدا سے ذرے کے مرکز کی نشاندہی کرتا ہے۔ اکائی سمتیہ ترقی
م[]
 []

LaTeX Info: Redefining \rmfamily on input line 592.
LaTeX Info: Redefining \sffamily on input line 592.
LaTeX Info: Redefining \ttfamily on input line 592.
LaTeX Info: Redefining \rmfamily on input line 592.
LaTeX Info: Redefining \sffamily on input line 592.
LaTeX Info: Redefining \ttfamily on input line 592.

Underfull \hbox (badness 1237) in paragraph at lines 592--594
[]$[] \OT1/zplm/m/n/10 = \OML/zplm/m/it/10 m\OT1/zplm/m/n/10 ([] \OMS/zplm/m/n/
10 ^^B []\OT1/zplm/m/n/10 ))$ []\TU/JameelNooriNastaleeq(0)/b/n/10 ذرے کا زاوی 
معیار حرکت $[]$ دیتی ہے۔ (3) ذرے کے زاوی معیار حرکت سے وابستہ علامت ($\OT1/zplm
/m/n/10 +$ \TU/JameelNooriNastaleeq(0)/b/n/10 یا $\OMS/zplm/m/n/10 ^^@$\TU/Jame
elNooriNastaleeq(0)/b/n/10 ) ، ذرے کی[]
 []


Underfull \hbox (badness 7522) in paragraph at lines 592--594
[]\TU/JameelNooriNastaleeq(0)/b/n/10 حرکت کے دوران ذرے کے تعین گر سمتیہ کے (محو
ر گھماو کے گرد) گھماو کی سمت دیتی ہے:گھڑی وار منفی اور خلاف گھڑی مثبت ہو گا۔ (4
) اگر ذرے پر قوت[]
 []

LaTeX Info: Redefining \rmfamily on input line 596.
LaTeX Info: Redefining \sffamily on input line 596.
LaTeX Info: Redefining \ttfamily on input line 596.

Underfull \hbox (badness 10000) in paragraph at lines 595--597
[][]\TU/AASameerSagarNastaleeqBold(0)/m/n/10 حساب: \TU/JameelNooriNastaleeq(0)/
b/n/10 مساوات [][]۱۱.۱۸[][] []استعمال کر کے مبدا پر زاوی معیار حرکت تلاش کرنے ک
ے لئے ضروری ہے کہ پہلے تعین گر سمتیہ کا وقتی تفرق لے کر ذرے کی[]
 []

[140]
Underfull \hbox (badness 10000) in paragraph at lines 606--608
[]\TU/JameelNooriNastaleeq(0)/b/n/10 یہاں $[]$ کو عمومی سمتیہ $[]$ اور $[]$ کو 
عمومی سمتیہ $[]$ ظاہر کرتا ہے۔ چونکہ، ہم ضرورت سے زیادہ کام نہیں کرنا چاہتے، آئ
یں عمومی صلیبی ضرب میں پُر کردہ[]
 []


Underfull \hbox (badness 10000) in paragraph at lines 606--608
[]\TU/JameelNooriNastaleeq(0)/b/n/10 بدل پر غور کرتے ہیں۔ چونکہ $[]$ میں $\OML/
zplm/m/it/10 z$ \TU/JameelNooriNastaleeq(0)/b/n/10 جزو اور $[]$ میں $\OML/zplm/
m/it/10 y$ \TU/JameelNooriNastaleeq(0)/b/n/10 اور $\OML/zplm/m/it/10 z$ \TU/Jam
eelNooriNastaleeq(0)/b/n/10 اجزاء نہیں پائے جاتے، اس عمومی صلیبی ضرب کا صرف آخر
ی جزو $\OT1/zplm/m/n/10 (\OMS/zplm/m/n/10 ^^@\OML/zplm/m/it/10 b[]a[]\OT1/zplm/
m/n/10 )[]$[]
 []

LaTeX Info: Redefining \rmfamily on input line 613.
LaTeX Info: Redefining \sffamily on input line 613.
LaTeX Info: Redefining \ttfamily on input line 613.
LaTeX Info: Redefining \rmfamily on input line 618.
LaTeX Info: Redefining \sffamily on input line 618.
LaTeX Info: Redefining \ttfamily on input line 618.

Underfull \hbox (badness 10000) in paragraph at lines 625--626
[][]\TU/JameelNooriNastaleeq(0)/b/n/10 ہمارا $[]$ کا نتیجہ کہتا ہے زاوی معیار ح
رکت محور $\OML/zplm/m/it/10 z$ \TU/JameelNooriNastaleeq(0)/b/n/10 کے مثبت رخ ہے
۔ تعین گر سمتیہ کے گھماو کی صورت میں ”مثبت “ نتیجے کا مطلب سمجھنے کے لئے اس سمت
یہ[]
 []


Underfull \hbox (badness 10000) in paragraph at lines 630--632
[]\TU/JameelNooriNastaleeq(0)/b/n/10 یہ نتائج شکل 11.14b میں پیش ہیں؛ ہم دیکھتے
 ہیں کہ ذرے کے ساتھ ساتھ چلنے کے لئے $[]$ خلاف گھڑی گھومتا ہے۔ یہی گھماو کا مثب
ت رخ ہے۔ یوں، اگرچہ[]
 []


Underfull \hbox (badness 10000) in paragraph at lines 633--634
[][]\TU/JameelNooriNastaleeq(0)/b/n/10 ہم $[]$ کے رخ کا مطلب ، صلیبی ضرب ( یہاں
 $[] \OMS/zplm/m/n/10 ^^B []$ \TU/JameelNooriNastaleeq(0)/b/n/10 یا آپ چاہیں $\
OML/zplm/m/it/10 m[] \OMS/zplm/m/n/10 ^^B []$ \TU/JameelNooriNastaleeq(0)/b/n/1
0 ، جو ایک رخ دیتے ہیں) کا دایاں ہاتھ قاعدہ استعمال کر کے سمجھ[]
 []


Underfull \hbox (badness 10000) in paragraph at lines 633--634
[]\TU/JameelNooriNastaleeq(0)/b/n/10 سکتے ہیں۔ذرے کی حرکت کے دوران کسی بھی معیا
ر اثر کے لئے، دائیں ہاتھ کی چار انگلیاں صلیبی ضرب کے اول سمتیہ $[]$ کے رخ رکھی 
جاتی ہیں (شکل[]
 []


Underfull \hbox (badness 10000) in paragraph at lines 633--634
[]\TU/JameelNooriNastaleeq(0)/b/n/10 11.14c)۔ ہاتھ یوں سمت بند کیا جاتا ہے کہ ہ
تھیلی کے گرد انگلیاں باآسانی گھما کر صلیبی ضرب کے دوسرے سمتیہ $[]$ کے رخ کی جائ
یں (شکل[]
 []


Underfull \hbox (badness 10000) in paragraph at lines 633--634
[]\TU/JameelNooriNastaleeq(0)/b/n/10 11.14d)۔ اس پورے عمل کے دوران انگوٹھے کو چ
ار انگلیوں کے لحاظ سے عمود دار رکھا جاتا ہے۔انگوٹھا صلیبی ضرب کے نتیجے کا رخ دی
گا۔ جیسا شکل[]
 []


Underfull \hbox (badness 10000) in paragraph at lines 633--634
[]\TU/JameelNooriNastaleeq(0)/b/n/10 11.14e میں دکھایا گیا ہے، ماحصل سمتیہ محور
 $\OML/zplm/m/it/10 z$ \TU/JameelNooriNastaleeq(0)/b/n/10 کے مثبت رخ (جو شکل کے
 مستوی سے سیدھا باہر نکلتا ہے) اور گزشتہ نتیجے کے عین مطابق ہے۔ شکل[]
 []

[141]
Underfull \hbox (badness 10000) in paragraph at lines 643--645
[][]\TU/JameelNooriNastaleeq(0)/b/n/10 ذروں پر مشتمل نظام کے لئے، نیوٹن کا قانو
ن دوم زاوی روپ میں استعمال کر کے نظام پر صافی قوت مروڑ اور نظام کے زاوی معیار ح
رکت میں پیدا تبدیلی[]
 []


Underfull \hbox (badness 10000) in paragraph at lines 650--651
[][]
 []


Underfull \hbox (badness 10000) in paragraph at lines 658--659
[][]\TU/JameelNooriNastaleeq(0)/b/n/10 اس زاوی معیار حرکت کی تبدیلی کی شرح نظام
 پر صافی بیرونی قوت مروڑ کے برابر ہو گی (جو نظام کے اندرونی ذروں اور نظام کے با
ہر ذروں کے باہم[]
 []


Underfull \hbox (badness 10000) in paragraph at lines 672--674
[]\TU/JameelNooriNastaleeq(0)/b/n/10 مبدا کے لحاظ سے ذروں پر مشتمل نظام کے زاوی
 معیار حرکت پر غور کرتے ہیں۔ نظام کا کل زاوی معیار حرکت $[]$ انفرادی ذروں کے زا
وی معیار حرکت $[]$ کا[]
 []

LaTeX Info: Redefining \rmfamily on input line 679.
LaTeX Info: Redefining \sffamily on input line 679.
LaTeX Info: Redefining \ttfamily on input line 679.

Underfull \hbox (badness 10000) in paragraph at lines 679--681
[][]\TU/JameelNooriNastaleeq(0)/b/n/10 دیگر ذروں کے ساتھ یا نظام کے بیرون کے سا
تھ باہم عمل کی بنا انفرادی ذرے کا زاوی معیار حرکت وقت کے ساتھ تبدیل ہو سکتا ہے۔
 ہم $[]$ میں پیدا تبدیلی[]
 []

[142]
LaTeX Info: Redefining \rmfamily on input line 684.
LaTeX Info: Redefining \sffamily on input line 684.
LaTeX Info: Redefining \ttfamily on input line 684.
LaTeX Info: Redefining \rmfamily on input line 684.
LaTeX Info: Redefining \sffamily on input line 684.
LaTeX Info: Redefining \ttfamily on input line 684.

Underfull \hbox (badness 10000) in paragraph at lines 688--690
[]\TU/JameelNooriNastaleeq(0)/b/n/10 یعنی، نظام کے زاوی معیار حرکت $[]$ کی تبدی
لی کی شرح انفرادی ذروں پر قوت مروڑ کے سمتی مجموعہ کے برابر ہو گا۔ ان قوت مروڑ م
یں (ذروں کے بیچ قوتوں[]
 []


Underfull \hbox (badness 10000) in paragraph at lines 688--690
[]\TU/JameelNooriNastaleeq(0)/b/n/10 کی بنا) \TU/JameelNooriNastaleeq(0)/m/n/9 
اندرونی قوت مروڑ \TU/JameelNooriNastaleeq(0)/b/n/10 اور (ذروں پر نظام سے باہر ا
جسام کی قوت کی بنا) \TU/JameelNooriNastaleeq(0)/m/n/9 بیرونی قوت مروڑ  \TU/Jame
elNooriNastaleeq(0)/b/n/10 شامل ہیں۔ تاہم، ذروں کے بیچ قوت (نیوٹن کے قانون سوم 
کی بنا)[]
 []


Underfull \hbox (badness 10000) in paragraph at lines 688--690
[]\TU/JameelNooriNastaleeq(0)/b/n/10 جوڑیوں کے روپ میں ہو گی لہٰذا ان کی مجموعی
 قوت مروڑ صفر ہو گی۔ یوں، نظام کے کل زاوی معیار حرکت $[]$ کو صرف نظام پر عمل پی
را بیرونی قوت مروڑ[]
 []

LaTeX Info: Redefining \rmfamily on input line 692.
LaTeX Info: Redefining \sffamily on input line 692.
LaTeX Info: Redefining \ttfamily on input line 692.
LaTeX Info: Redefining \rmfamily on input line 705.
LaTeX Info: Redefining \sffamily on input line 705.
LaTeX Info: Redefining \ttfamily on input line 705.
LaTeX Info: Redefining \rmfamily on input line 705.
LaTeX Info: Redefining \sffamily on input line 705.
LaTeX Info: Redefining \ttfamily on input line 705.

Underfull \hbox (badness 10000) in paragraph at lines 705--707
[]\TU/JameelNooriNastaleeq(0)/b/n/10 ایک مبدا کے لحاظ سے ناپنا لازمی ہے۔ اگر ان
درونی جمودی چھوکٹ کے لحاظ سے نظام کا مرکز کمیت مسرع نہ ہو، مبدا کسی بھی نقطے پر
 ہو سکتا ہے؛ اگر مسرع ہو،[]
 []


Underfull \hbox (badness 10000) in paragraph at lines 705--707
[]\TU/JameelNooriNastaleeq(0)/b/n/10 تب \TU/JameelNooriNastaleeq(0)/m/n/9 لازم 
\TU/JameelNooriNastaleeq(0)/b/n/10 ہے کہ مبدا مرکز کمیت پر ہو۔ مثال کے طور پر، 
پہیے کو ذروں پر مشتمل نظام تصور کریں۔ اگر زمین کے لحاظ سے ساکن محور پر پہیا گھو
متا ہو، تب مساوات[]
 []


Underfull \hbox (badness 10000) in paragraph at lines 705--707
[][][]\TU/JameelNooriNastaleeq(0)/b/n/10 ۱۱.۲۹[][] []استعمال کرتے وقت زمین کے ل
حاظ سے کوئی بھی ساکن نقطہ بطور مبدا تسلیم کیا جا سکتا ہے۔البتہ، اگر پہیا مسرع م
حور کے گرد گھومتا ہو (جیسے جب پہیا میلان[]
 []


Underfull \hbox (badness 10000) in paragraph at lines 710--711
[]\TU/JameelNooriNastaleeq(0)/b/n/10 ذروں پر مشتمل نظام (ذروی نظام) جو ایک استو
ار جسم دیتا ہے کا زاوی معیار حرکت تلاش کرتے ہیں۔ شکل 11.15a میں ایسا ایک جسم دک
ھایا گیا ہے۔ محور $\OML/zplm/m/it/10 z$[]
 []


Underfull \hbox (badness 10000) in paragraph at lines 712--713
[][]\TU/JameelNooriNastaleeq(0)/b/n/10 ہم جسم کے تمام کمیتی ٹکڑوں کا انفرادی زا
وی معیار حرکت معلوم کر کے ان کے $\OML/zplm/m/it/10 z$ \TU/JameelNooriNastaleeq(
0)/b/n/10 جزو کا مجموعہ لے کر ایسا کر سکتے ہیں۔ شکل 11.5a میں کمیت $\OT1/zplm/m
/n/10 ^^A\OML/zplm/m/it/10 m[]$ \TU/JameelNooriNastaleeq(0)/b/n/10 کا[]
 []


Underfull \hbox (badness 10000) in paragraph at lines 712--713
[]\TU/JameelNooriNastaleeq(0)/b/n/10 کمیتی ٹکڑا محور $\OML/zplm/m/it/10 z$ \TU/
JameelNooriNastaleeq(0)/b/n/10 کے گرد دائری راہ پر حرکت کرے گا۔ مبدا $\OML/zplm
/m/it/10 O$ \TU/JameelNooriNastaleeq(0)/b/n/10 کے لحاظ سے اس کمیتی ٹکڑے کا مقام
 تعین گر سمتیہ $[]$ دیگا۔ اس ٹکڑے کے دائری راہ کا[]
 []

[143]
LaTeX Info: Redefining \rmfamily on input line 714.
LaTeX Info: Redefining \sffamily on input line 714.
LaTeX Info: Redefining \ttfamily on input line 714.

Underfull \hbox (badness 10000) in paragraph at lines 724--728
[]\TU/JameelNooriNastaleeq(0)/b/n/10 پورے جسم کے زاوی معیار حرکت کا $\OML/zplm/
m/it/10 z$ \TU/JameelNooriNastaleeq(0)/b/n/10 جزو معلوم کرنے کے لئے جسم کے تمام
 کمیتی ٹکڑوں کے زاوی معیار حرکت کے $\OML/zplm/m/it/10 z$ \TU/JameelNooriNastale
eq(0)/b/n/10 جزو کا مجموعہ لینا ہو گا۔ چونکہ[]
 []

LaTeX Info: Redefining \rmfamily on input line 736.
LaTeX Info: Redefining \sffamily on input line 736.
LaTeX Info: Redefining \ttfamily on input line 736.
LaTeX Info: Redefining \rmfamily on input line 736.
LaTeX Info: Redefining \sffamily on input line 736.
LaTeX Info: Redefining \ttfamily on input line 736.
LaTeX Info: Redefining \rmfamily on input line 736.
LaTeX Info: Redefining \sffamily on input line 736.
LaTeX Info: Redefining \ttfamily on input line 736.

Underfull \hbox (badness 10000) in paragraph at lines 736--738
[][]\TU/JameelNooriNastaleeq(0)/b/n/10 مساوات [][]۱۱.۳۰[][] []میں $[] \OT1/zplm
/m/n/10 ^^A\OML/zplm/m/it/10 m[]r[]$ \TU/JameelNooriNastaleeq(0)/b/n/10 مقررہ م
حور کے گرد جسم کا گھمیری جمود $\OML/zplm/m/it/10 I$ \TU/JameelNooriNastaleeq(0)
/b/n/10 ہے (مساوات [][]۱۰.۳۳[][] []دیکھیں)۔ یوں مساوات [][]۱۱.۳۰[][] []ذیل روپ 
اختیار[]
 []

LaTeX Info: Redefining \rmfamily on input line 742.
LaTeX Info: Redefining \sffamily on input line 742.
LaTeX Info: Redefining \ttfamily on input line 742.

Underfull \hbox (badness 10000) in paragraph at lines 742--743
[][]\TU/JameelNooriNastaleeq(0)/b/n/10 ہم نے زیرنوشت $\OML/zplm/m/it/10 z$ \TU/
JameelNooriNastaleeq(0)/b/n/10 نہیں لکھا ، تاہم آپ نے یاد رکھنا ہو گا کہ مساوات
 [][]۱۱.۳۱[][] []میں زاوی معیار حرکت محور گھماو پر زاوی معیار حرکت ہو گا۔ (ہم ن
ے کوئی محور[]
 []


Underfull \hbox (badness 10000) in paragraph at lines 742--743
[]\TU/JameelNooriNastaleeq(0)/b/n/10 گھماو لینی تھی۔یہاں محور $\OML/zplm/m/it/1
0 z$ \TU/JameelNooriNastaleeq(0)/b/n/10 لی گئی۔لہٰذا زاوی معیار حرکت اس محور گھ
ماو کے لحاظ سے ہو گا جس پر اسے حاصل کیا گیا ہو۔) ساتھ ہی اس مساوات میں $\OML/zp
lm/m/it/10 I$ \TU/JameelNooriNastaleeq(0)/b/n/10 بھی[]
 []

LaTeX Info: Redefining \rmfamily on input line 744.
LaTeX Info: Redefining \sffamily on input line 744.
LaTeX Info: Redefining \ttfamily on input line 744.
LaTeX Info: Redefining \rmfamily on input line 744.
LaTeX Info: Redefining \sffamily on input line 744.
LaTeX Info: Redefining \ttfamily on input line 744.

Underfull \hbox (badness 10000) in paragraph at lines 770--771
[][]\TU/JameelNooriNastaleeq(0)/b/n/10 قرص، گھیرا، اور کرہ کو ، لٹو کی طرح دھاگ
ا لپیٹ کر ، مقررہ وسطی محور پر گھمایا جاتا ہے (شکل ؟؟)۔ دھاگا تینوں جسم پر ایک 
جتنی مستقل مماسی قوت $[]$ لاگو کرتا[]
 []


Underfull \hbox (badness 10000) in paragraph at lines 770--771
[]\TU/JameelNooriNastaleeq(0)/b/n/10 ہے۔ تینوں جسم ابتدائی طور ساکن ہیں، ان کی 
کمیت اور رداس ایک برابر ہیں۔ گھومتے اجسام کی درجہ بندی (ا) وسطی محور پر زاوی مع
یار حرکت اور (ب) زاوی[]
 []

[144]
Underfull \hbox (badness 10000) in paragraph at lines 780--781
[][]\TU/JameelNooriNastaleeq(0)/b/n/10 کسی مخصوص محور کے ہمراہ نظام پر بیرونی ص
افی قوت مروڑ کی عدم موجودگی میں، زاوی معیار حرکت کی بقا استعمال کر کے محور پر ا
بتدائی زاوی معیار حرکت[]
 []


Underfull \hbox (badness 10000) in paragraph at lines 783--784
[][]
 []

LaTeX Info: Redefining \rmfamily on input line 797.
LaTeX Info: Redefining \sffamily on input line 797.
LaTeX Info: Redefining \ttfamily on input line 797.

Underfull \hbox (badness 10000) in paragraph at lines 797--799
[]\TU/JameelNooriNastaleeq(0)/b/n/10 ہم توانائی کی بقا اور خطی معیار حرکت کی بق
ا کی بات کر چکے، جو طاقتور قوانین بقا ہیں۔اب زاوی معیار حرکت کی بقا کی بات کرتے
 ہیں، جو تیسرا قانون بقا ہے۔ ہم[]
 []

LaTeX Info: Redefining \rmfamily on input line 802.
LaTeX Info: Redefining \sffamily on input line 802.
LaTeX Info: Redefining \ttfamily on input line 802.
[145]
LaTeX Info: Redefining \rmfamily on input line 812.
LaTeX Info: Redefining \sffamily on input line 812.
LaTeX Info: Redefining \ttfamily on input line 812.
LaTeX Info: Redefining \rmfamily on input line 812.
LaTeX Info: Redefining \sffamily on input line 812.
LaTeX Info: Redefining \ttfamily on input line 812.

Underfull \hbox (badness 10000) in paragraph at lines 815--817
[]   \TU/JameelNooriNastaleeq(0)/b/n/10 نظام پر صافی بیرونی قوت مروڑ صفر ہونے ک
ی صورت میں، اس سے قطع نظر کہ نظام کے اندر کیا تبدیلیاں رونما ہوں، نظام کا زاوی 
معیار حرکت $[]$ برقرار[]
 []

LaTeX Info: Redefining \rmfamily on input line 820.
LaTeX Info: Redefining \sffamily on input line 820.
LaTeX Info: Redefining \ttfamily on input line 820.
LaTeX Info: Redefining \rmfamily on input line 820.
LaTeX Info: Redefining \sffamily on input line 820.
LaTeX Info: Redefining \ttfamily on input line 820.

Underfull \hbox (badness 10000) in paragraph at lines 820--821
[][]\TU/JameelNooriNastaleeq(0)/b/n/10 مساوات [][]۱۱.۳۲[][] []اور مساوات [][]۱۱
.۳۳[][] []سمتیہ مساوات ہیں: جو تین آپس میں عمود دار رخ پر زاوی معیار حرکت کی بق
ا کی تین جزوی مساوات دیں گی۔نظام پر بیرونی[]
 []


Underfull \hbox (badness 10000) in paragraph at lines 820--821
[]\TU/JameelNooriNastaleeq(0)/b/n/10 صافی قوت مروڑ موجود ہونے کی صورت میں ، قوت
 مروڑ پر منحصر ہو گا ، آیا زاوی معیار حرکت کی بقا صرف ایک یا دو رخ ہو ، تاہم ، 
تینوں رخ زاوی معیار حرکت[]
 []


Underfull \hbox (badness 10000) in paragraph at lines 823--825
[]   \TU/JameelNooriNastaleeq(0)/b/n/10 اگر کسی محور کے ہمراہ نظام پر صافی بیرو
نی قوت مروڑ کا جزو صفر ہو، تب اس سے قطع نظر کہ نظام میں کیا تبدیلیاں رونما ہوں،
 اس محور کے ہمراہ نظام کے[]
 []

LaTeX Info: Redefining \rmfamily on input line 830.
LaTeX Info: Redefining \sffamily on input line 830.
LaTeX Info: Redefining \ttfamily on input line 830.
LaTeX Info: Redefining \rmfamily on input line 830.
LaTeX Info: Redefining \sffamily on input line 830.
LaTeX Info: Redefining \ttfamily on input line 830.
LaTeX Info: Redefining \rmfamily on input line 830.
LaTeX Info: Redefining \sffamily on input line 830.
LaTeX Info: Redefining \ttfamily on input line 830.
LaTeX Info: Redefining \rmfamily on input line 830.
LaTeX Info: Redefining \sffamily on input line 830.
LaTeX Info: Redefining \ttfamily on input line 830.

Underfull \hbox (badness 10000) in paragraph at lines 830--832
[][]\TU/JameelNooriNastaleeq(0)/b/n/10 اس قاعدے کا اطلاق شکل 11.15 میں پیش جدا 
جسم پر ، جو محور $\OML/zplm/m/it/10 z$ \TU/JameelNooriNastaleeq(0)/b/n/10 کے گر
د گھومتا ہے، کیا جا سکتا ہے۔ فرض کریں کسی طرح جسم، محور گھماو کے لحاظ سے کمیت[]

 []


Underfull \hbox (badness 10000) in paragraph at lines 830--832
[]\TU/JameelNooriNastaleeq(0)/b/n/10 کی تقسیم نو کر کے ، محور گھماو پر اپنا گھم
یری جمود تبدیل کر تا ہے۔ مساوات [][]۱۱.۳۲[][] []اور مساوات [][]۱۱.۳۳[][] []کہتی
 ہیں جسم کا زاوی معیار حرکت تبدیل نہیں ہو سکتا۔[]
 []

LaTeX Info: Redefining \rmfamily on input line 837.
LaTeX Info: Redefining \sffamily on input line 837.
LaTeX Info: Redefining \ttfamily on input line 837.
LaTeX Info: Redefining \rmfamily on input line 837.
LaTeX Info: Redefining \sffamily on input line 837.
LaTeX Info: Redefining \ttfamily on input line 837.

Underfull \hbox (badness 10000) in paragraph at lines 837--838
[]\TU/JameelNooriNastaleeq(0)/b/n/10 ذروں پر بھی ہو گا جو روشنی کی رفتار کے قری
ب رفتار پر حرکت میں ہوں (جہاں نیوٹنی میکانیات کارآمد نہیں رہتی اور جہاں خصوصی ن
ظریہ اضافت استعمال کرنا[]
 []


Underfull \hbox (badness 10000) in paragraph at lines 837--838
[]\TU/JameelNooriNastaleeq(0)/b/n/10 ہو گا)، اور ان کا اطلاق زیر جوہر ذروں پر ب
ھی ہو گا (جہاں کوانٹم میکانیات کا راج چلتا ہے)۔ آج تک ایسی کوئی مثال نہیں دیکھی
 گئی جو زاوی معیار حرکت کی بقا کے[]
 []


Underfull \hbox (badness 10000) in paragraph at lines 843--845
[][]\TU/AASameerSagarNastaleeqBold(0)/m/n/10 چکر کھاتا رضاکار \TU/JameelNooriNa
staleeq(0)/b/n/10 شکل 11.16 میں ایک طالب علم تپائی پر ، جو انتصابی محور پر گھوم
 سکتی ہے، بیٹھا دکھایا گیا ہے۔ پھیلے ہاتھوں میں وزن تھامے طالب[]
 []

LaTeX Info: Redefining \rmfamily on input line 847.
LaTeX Info: Redefining \sffamily on input line 847.
LaTeX Info: Redefining \ttfamily on input line 847.

Underfull \hbox (badness 10000) in paragraph at lines 846--849
[][]\TU/JameelNooriNastaleeq(0)/b/n/10 طالب علم ہاتھ جسم کے قریب کرتا ہے؛ کمیت 
محور گھماو کے قریب کرنے سے طالب علم کا گھمیری جمود $\OML/zplm/m/it/10 I[]$ \TU/
JameelNooriNastaleeq(0)/b/n/10 سے گھٹ کر $\OML/zplm/m/it/10 I[]$ \TU/JameelNoor
iNastaleeq(0)/b/n/10 ہو گا ، اور اس کے گھومنے[]
 []


Underfull \hbox (badness 10000) in paragraph at lines 846--849
[]\TU/JameelNooriNastaleeq(0)/b/n/10 کی شرح $\OML/zplm/m/it/10 ![]$ \TU/JameelN
ooriNastaleeq(0)/b/n/10 سے بڑھ کر $\OML/zplm/m/it/10 ![]$ \TU/JameelNooriNastal
eeq(0)/b/n/10 ہو گی۔ ہاتھ پھیلا کر (وزن دور کر کے) طالب علم اپنی رفتار دوبارہ گ
ھٹاتا ہے۔ طالب علم ، تپائی، اور وزن پر مشتمل[]
 []


Underfull \hbox (badness 10000) in paragraph at lines 846--849
[]\TU/JameelNooriNastaleeq(0)/b/n/10 نظام پر کوئی صافی بیرونی قوت مروڑ عمل نہیں
 کرتی۔ یوں،اس سے قطع نظر کہ طالب علم اپنے ہاتھ کہاں رکھتا ہے، محور گھماو پر نظا
م کا زاوی معیار حرکت[]
 []


Underfull \hbox (badness 10000) in paragraph at lines 846--849
[]\TU/JameelNooriNastaleeq(0)/b/n/10 تبدیل نہیں ہو گا۔ شکل 11.16a میں طالب علم 
کا زاوی رفتار $\OML/zplm/m/it/10 ![]$ \TU/JameelNooriNastaleeq(0)/b/n/10 کافی ک
م ہے اور اس کا گھمیری جمود $\OML/zplm/m/it/10 I[]$ \TU/JameelNooriNastaleeq(0)/
b/n/10 نسبتاً زیادہ۔ مساوات [][]۱۱.۳۴[][] []کے تحت شکل[]
 []

[146]
LaTeX Info: Redefining \rmfamily on input line 850.
LaTeX Info: Redefining \sffamily on input line 850.
LaTeX Info: Redefining \ttfamily on input line 850.

Underfull \hbox (badness 2426) in paragraph at lines 849--852
[][]\TU/AASameerSagarNastaleeqBold(0)/m/n/10 غوطہ باز \TU/JameelNooriNastaleeq(
0)/b/n/10 شکل 11.17 میں کمانی دار تختے سے غوطہ باز ڈیڑھ کلابازیاں کھاتا دکھایا 
گیا ہے۔ جیسا آپ توقع کر سکتے ہیں، اس کا مرکز کمیت قطع مکافی راہ پر[]
 []


Underfull \hbox (badness 10000) in paragraph at lines 849--852
[]\TU/JameelNooriNastaleeq(0)/b/n/10 چلتا ہے۔ کمانی دار تختے سے ، کلاباز اپنے م
رکز کمیت سے گزرتی محور پر ، غیر مبہم زاوی معیار حرکت $[]$ کے ساتھ روانا ہوتا ہے
، جو شکل 11.17 میں صفحہ[]
 []


Underfull \hbox (badness 10000) in paragraph at lines 849--852
[]\TU/JameelNooriNastaleeq(0)/b/n/10 کو عمود دار ہو گا۔ پرواز کے دوران کلاباز پ
ر کوئی صافی بیرونی قوت مروڑ عمل نہیں کرتی، لہٰذا محور گھماو پر اس کا زاوی معیار
 حرکت تبدیل نہیں ہو سکتا۔ ہاتھ[]
 []


Underfull \hbox (badness 10000) in paragraph at lines 849--852
[]\TU/JameelNooriNastaleeq(0)/b/n/10 اور پیر جسم کے قریب کرنے پر اسی محور کے لح
اظ سے، اس کے گھمیری جمود میں کمی رونما ہو گی، اور یوں مساوات [][]۱۱.۳۴[][] []کے
 تحت اس کے زاوی رفتار میں[]
 []


Underfull \hbox (badness 10000) in paragraph at lines 852--855
[]\TU/JameelNooriNastaleeq(0)/b/n/10 ہے۔ ایسا گھماو کھلاڑی کو زمین پر صحیح طریق
ے سے اترنے نہیں دیتا۔زمین پر پہنچ کر کھلاڑی کی ٹانگیں اکٹھی اور اس زاویے پر آگے
 ہونی چاہیے کہ ریت میں[]
 []


Underfull \hbox (badness 10000) in paragraph at lines 852--855
[]\TU/JameelNooriNastaleeq(0)/b/n/10 ایڑیوں کا نشان زیادہ سے زیادہ فاصلے پر بنے
۔ اڑان کے بعد کوئی بیرونی قوت مروڑ عمل کرتی ہے لہٰذا زاوی معیار حرکت (کی بقا کی
 بدولت) تبدیل نہیں ہو[]
 []


Underfull \hbox (badness 10000) in paragraph at lines 852--855
[]\TU/JameelNooriNastaleeq(0)/b/n/10 گا۔ البتہ، کھلاڑی بازووں کو چکر دے کر زاوی
 معیار حرکت کا بیشتر حصہ بازووں کو منتقل کر سکتا ہے (شکل 11.18)۔یوں جسم سیدھا ر
ہ کر اتار کے دوران[]
 []


Underfull \hbox (badness 10000) in paragraph at lines 855--856
[][]\TU/JameelNooriNastaleeq(0)/b/n/10 بازیگر ایک پاوں پر کھڑا ہو کر دوسرے ٹانگ
 کو جسم کے ساتھ $\OT1/ppl/m/n/10 90[]$ \TU/JameelNooriNastaleeq(0)/b/n/10 زاویے
 پر رکھ کر نہایت کم زاوی رفتار سے گھومتا ہے (شکل 11.19a)۔ اس کی[]
 []


Underfull \hbox (badness 10000) in paragraph at lines 855--856
[]\TU/JameelNooriNastaleeq(0)/b/n/10 زاوی رفتار بمشکل نظر آتی ہے۔ وہ تیزی سے ٹا
نگ نیچے کر کے اچھلتا ہے؛ یوں جسم اور ٹانگوں کے بیچ زاویہ $\OML/zplm/m/it/10 ^^R
$ \TU/JameelNooriNastaleeq(0)/b/n/10 ہو گا (شکل 11.19b)۔ عمود دار ٹانگ[]
 []


Underfull \hbox (badness 10000) in paragraph at lines 855--856
[]\TU/JameelNooriNastaleeq(0)/b/n/10 کا زاویہ کم کرنے سے اس کا گھمیری جمود کم ہ
و گا۔ بازیگر کے جسم پر کوئی بیرونی صافی قوت مروڑ عمل نہیں کرتی لہٰذا اس کا زاوی
 معیار حرکت تبدیل نہیں[]
 []


Underfull \hbox (badness 10000) in paragraph at lines 855--856
[]\TU/JameelNooriNastaleeq(0)/b/n/10 ہو سکتا۔ یوں گھمیری جمود کم ہونے کی وجہ سے
 اس کی زاوی رفتار بڑھے گی۔تماشائی کو یکدم تیز گھومنا حیران کرتا ہے۔ واپس زمین ک
و پہنچنے سے قبل بازیگر[]
 []


Underfull \hbox (badness 10000) in paragraph at lines 860--861
[][]\TU/JameelNooriNastaleeq(0)/b/n/10 ایک چھوٹا قرص ، جس کے چکا پر بھونرا بیٹھ
ا ہے، انتصابی محور کے گرد گھوم رہا ہے۔ اگر بھونرا قرص کے وسط کی جانب کلبلائے ، 
کیا بھونرا و قرص نظام کا (ا) گھمیری[]
 []


Underfull \hbox (badness 10000) in paragraph at lines 865--866
[][]
 []


Underfull \hbox (badness 10000) in paragraph at lines 867--868
[][]\TU/JameelNooriNastaleeq(0)/b/n/10 شکل 11.20a میں ایک طالب علم تپائی پر بیٹ
ھا دکھایا گیا ہے۔ تپائی انتصابی محور پر گھوم سکتی ہے۔ طالب علم، جو ابتدائی طور 
ساکن ہے، سائیکل کا پہیا پکڑے[]
 []

[147]
Underfull \hbox (badness 10000) in paragraph at lines 869--870
[][]\TU/JameelNooriNastaleeq(0)/b/n/10 پہیے کا زاوی رفتار $\OT1/ppl/m/n/10 3.9$
 \TU/JameelNooriNastaleeq(0)/b/n/10 چکر فی سیکنڈ ہے اور فضا سے نیچے دیکھ کر اس 
کا رخ خلاف گھڑی ہے۔ پہیے کا دھرا انتصابی ہے، اور اس کے زاوی معیار حرکت $[]$ کا[
]
 []


Underfull \hbox (badness 10000) in paragraph at lines 871--873
[][]\TU/JameelNooriNastaleeq(0)/b/n/10 طالب علم پہیے کو الٹ کرتا ہے (شکل 11.20b
) لہٰذا اب فضا سے نیچے دیکھتے ہوئے پہیا گھڑی وار گھومتا ہے۔ اس کا زاوی معیار حر
کت اب $\OMS/zplm/m/n/10 ^^@[]$ \TU/JameelNooriNastaleeq(0)/b/n/10 ہو گا۔[]
 []


Underfull \hbox (badness 10000) in paragraph at lines 871--873
[]\TU/JameelNooriNastaleeq(0)/b/n/10 ساتھ گھومتے ہیں۔ ( پہیا اپنے وسطی محور کے 
گرد گھومتا ہے، تاہم اس سے مرکب جسم کا کمیتی تقسیم اثر انداز نہیں ہوتا؛ یوں $\OM
L/zplm/m/it/10 I[]$ \TU/JameelNooriNastaleeq(0)/b/n/10 کی قیمت وہی ہو گی چاہے پ
ہیا[]
 []

LaTeX Info: Redefining \rmfamily on input line 878.
LaTeX Info: Redefining \sffamily on input line 878.
LaTeX Info: Redefining \ttfamily on input line 878.

Underfull \hbox (badness 10000) in paragraph at lines 877--880
[][]\TU/JameelNooriNastaleeq(0)/b/n/10 زاوی رفتار $\OML/zplm/m/it/10 ![]$ \TU/J
ameelNooriNastaleeq(0)/b/n/10 کا ، جو ہم جاننا چاہتے ہیں، تپائی کے محور گھماو پ
ر ، مرکب جسم کے اختتامی زاوی معیار حرکت $[]$ کے ساتھ تعلق مساوات [][]۱۱.۳۱[][] 
[]دیتی[]
 []


Underfull \hbox (badness 10000) in paragraph at lines 884--885
[][]\TU/JameelNooriNastaleeq(0)/b/n/10 پہیا الٹ کرنے کے دوران نظام پر کوئی صافی
 \TU/JameelNooriNastaleeq(0)/m/n/9 بیرونی  \TU/JameelNooriNastaleeq(0)/b/n/10 ق
وت مروڑ عمل نہیں کرتی جو کسی انتصابی محور پر $[]$ تبدیل کر سکتی تھی۔ (پہیا الٹ 
کرتے وقت،[]
 []


Underfull \hbox (badness 10000) in paragraph at lines 884--885
[]\TU/JameelNooriNastaleeq(0)/b/n/10 طالب علم اور پہیے پر قوتوں سے پیدا قوت مرو
ڑ نظام کی اندرونی ہیں۔) یوں ،بشمول تپائی کا محور گھماو، کسی بھی انتصابی محور پر
 نظام کے کل زاوی معیار حرکت[]
 []

LaTeX Info: Redefining \rmfamily on input line 892.
LaTeX Info: Redefining \sffamily on input line 892.
LaTeX Info: Redefining \ttfamily on input line 892.

Underfull \hbox (badness 10000) in paragraph at lines 891--893
[]\TU/JameelNooriNastaleeq(0)/b/n/10 جہاں $\OML/zplm/m/it/10 i$ \TU/JameelNoori
Nastaleeq(0)/b/n/10 اور $\OML/zplm/m/it/10 f$ \TU/JameelNooriNastaleeq(0)/b/n/1
0 بالترتیب (پہیا الٹ کرنے سے قبل) ابتدائی حال اور (پہیا الٹ کرنے کے بعد) اختتام
ی حال ظاہر کرتی ہیں۔ پہیا الٹ کرنے سے پہیے کا[]
 []

LaTeX Info: Redefining \rmfamily on input line 896.
LaTeX Info: Redefining \sffamily on input line 896.
LaTeX Info: Redefining \ttfamily on input line 896.

Underfull \hbox (badness 10000) in paragraph at lines 895--897
[]\TU/JameelNooriNastaleeq(0)/b/n/10 مساوات [][]۱۱.۳۱[][] []استعمال کرتے ہوئے، 
ہم اب $\OML/zplm/m/it/10 I[]$ \TU/JameelNooriNastaleeq(0)/b/n/10 کی جگہ $\OML/z
plm/m/it/10 I[]![]$ \TU/JameelNooriNastaleeq(0)/b/n/10 اور $\OML/zplm/m/it/10 L
[]$ \TU/JameelNooriNastaleeq(0)/b/n/10 کی جگہ $\OML/zplm/m/it/10 I[]![]$ \TU/Ja
meelNooriNastaleeq(0)/b/n/10 ڈال کر $\OML/zplm/m/it/10 ![]$ \TU/JameelNooriNast
aleeq(0)/b/n/10 کے لئے حل کر کے ذیل حاصل[]
 []


Underfull \hbox (badness 10000) in paragraph at lines 900--902
[]\TU/JameelNooriNastaleeq(0)/b/n/10 مثبت جواب کہتی ، فضا سے دیکھتے ہوئے، تپائی
 کے محور پر طالب علم خلاف گھڑی گھومتا ہے۔ اگر طالب علم رکھنا چاہے، اس کو پہیا و
اپس اصل حالت میں لانا[]
 []

[148]
LaTeX Info: Redefining \rmfamily on input line 911.
LaTeX Info: Redefining \sffamily on input line 911.
LaTeX Info: Redefining \ttfamily on input line 911.

Underfull \hbox (badness 10000) in paragraph at lines 911--912
[]\TU/JameelNooriNastaleeq(0)/b/n/10 (1) بھونرا کے کلبلانے سے بھونرا و قرص نظام
 کی کمیتی تقسیم (لہٰذا گھمیری جمود) تبدیل ہوتی ہے۔ (2) بیرونی قوت مروڑ کی عدم م
وجودگی میں نظام کی زاوی[]
 []


Underfull \hbox (badness 10000) in paragraph at lines 913--915
[][]\TU/AASameerSagarNastaleeqBold(0)/m/n/10 حساب: \TU/JameelNooriNastaleeq(0)/
b/n/10 ہم اختتامی زاوی رفتار جاننا چاہتے ہیں۔ہم اختتامی زاوی معیار حرکت $\OML/z
plm/m/it/10 L[]$ \TU/JameelNooriNastaleeq(0)/b/n/10 کو ابتدائی زاوی معیار حرکت 
$\OML/zplm/m/it/10 L[]$ \TU/JameelNooriNastaleeq(0)/b/n/10 کے برابر رکھتے ہیں (
چونکہ دونوں[]
 []


Underfull \hbox (badness 10000) in paragraph at lines 913--915
[]\TU/JameelNooriNastaleeq(0)/b/n/10 میں زاوی رفتار شامل ہے)۔ ان میں گھمیری جمو
د بھی شامل ہے۔لہٰذا کلبلانے سے قبل اور کلبلانے کے بد بھونرا و قرص نظام کے گھمیر
ی جمود کی تلاش سے آغاز[]
 []


Underfull \hbox (badness 10000) in paragraph at lines 916--918
[][]\TU/JameelNooriNastaleeq(0)/b/n/10 وسطی محور پر گھومتے قرص کا گھمیری جمود ج
دول 10.2c کے تحت $[]\OML/zplm/m/it/10 MR[]$ \TU/JameelNooriNastaleeq(0)/b/n/10 
ہے۔ کمیت $\OML/zplm/m/it/10 M$ \TU/JameelNooriNastaleeq(0)/b/n/10 کی جگہ $\OT1/
ppl/m/n/10 6.00\OML/zplm/m/it/10 m$ \TU/JameelNooriNastaleeq(0)/b/n/10 ڈال کر ق
رص کا (ذیل) گھمیری جمود[]
 []

LaTeX Info: Redefining \rmfamily on input line 923.
LaTeX Info: Redefining \sffamily on input line 923.
LaTeX Info: Redefining \ttfamily on input line 923.
Missing character: There is no ِ ("650) in font zplmr7m!
LaTeX Info: Redefining \rmfamily on input line 944.
LaTeX Info: Redefining \sffamily on input line 944.
LaTeX Info: Redefining \ttfamily on input line 944.
[149]
Underfull \hbox (badness 10000) in paragraph at lines 947--949
[]\TU/JameelNooriNastaleeq(0)/b/n/10 آپ دیکھ سکتے ہیں، چکا کی طرف بھونرا کے کلب
لانے سے کچھ کمیت محور گھماو سے دور منتقل ہوتی ہے ، لہٰذا نظام کا گھمیری جمود بڑ
ھتا ہے، جو $\OML/zplm/m/it/10 !$ \TU/JameelNooriNastaleeq(0)/b/n/10 گھٹنے کا سب
ب بنتا[]
 []

LaTeX Info: Redefining \rmfamily on input line 958.
LaTeX Info: Redefining \sffamily on input line 958.
LaTeX Info: Redefining \ttfamily on input line 958.

Underfull \hbox (badness 3240) in paragraph at lines 958--960
[][]\TU/JameelNooriNastaleeq(0)/b/n/10 جان پائیں گے کہ چکر کھاتے \TU/AASameerSa
garNastaleeqBold(0)/m/n/10 مسکن چرخی [][] \TU/JameelNooriNastaleeq(0)/b/n/10 پر
 تجاذبی قوت عمل کر کے اس کے چکری زاوی معیار حرکت سمتیہ کو (لہٰذا مسکن چرخی کو) 
انتصابی محور کے[]
 []

LaTeX Info: Redefining \rmfamily on input line 979.
LaTeX Info: Redefining \sffamily on input line 979.
LaTeX Info: Redefining \ttfamily on input line 979.

Underfull \hbox (badness 10000) in paragraph at lines 979--981
[]\TU/JameelNooriNastaleeq(0)/b/n/10 دھرے پر نسب پہیا جو دھرے پر چکر کاٹ سکتا ہ
و ، سادہ مسکن چرخی دیگا۔اگر ساکن مسکن چرخی کے دھرے کا ایک سر تیک پر رکھ کر (شکل
 11.22a) مسکن[]
 []


Underfull \hbox (badness 10000) in paragraph at lines 979--981
[]\TU/JameelNooriNastaleeq(0)/b/n/10 چرخی چوڑی جائے، وہ دھرے کے نچلے سر پر گھوم
 کر نیچے گرے گی۔ چونکہ گرنے میں گھوما شامل ہے، اس پر نیوٹن کا قانون دوم لاگو ہو
 گا، جو (ذیل) مساوات[]
 []


Underfull \hbox (badness 10000) in paragraph at lines 983--986
[]\TU/JameelNooriNastaleeq(0)/b/n/10 یہ مساوات کہتی ہے کہ نشیب وار گھماو ( مسکن
 چرخی گرنے کا عمل) پیدا کرنے والی قوت مروڑ مسکن چرخی کے زاوی معیار حرکت $[]$ کو
 ابتدائی قیمت[]
 []


Underfull \hbox (badness 10000) in paragraph at lines 983--986
[]\TU/JameelNooriNastaleeq(0)/b/n/10 (صفر)سے تبدیل کرے گی۔ مسکن چرخی کے مرکز کم
یت پر، جس کو ہم پہیے کا مرکز تسلیم کرتے ہیں، عمل پیرا تجاذبی قوت $\OML/zplm/m/i
t/10 M[]$ \TU/JameelNooriNastaleeq(0)/b/n/10 قوت مروڑ $[]$ پیدا کرتی[]
 []

[150]
LaTeX Info: Redefining \rmfamily on input line 992.
LaTeX Info: Redefining \sffamily on input line 992.
LaTeX Info: Redefining \ttfamily on input line 992.

Underfull \hbox (badness 10000) in paragraph at lines 991--993
[][]\TU/JameelNooriNastaleeq(0)/b/n/10 تیز چکر کھاتی مسکن چرخی کا رویہ مختلف ہو
 گا۔ فرض کریں دھرا افق سے اوپر وار زاویے پر رکھ کر مسکن چرخی رہا کی جاتی ہے۔ابت
دا میں مسکن چرخی معمولی نیچے[]
 []


Underfull \hbox (badness 10000) in paragraph at lines 991--993
[]\TU/JameelNooriNastaleeq(0)/b/n/10 (گرتے ہوئے) گھومتی ہے، لیکن اس کے بعد دھرے
 پر چکر کاٹتے ہوئے، نقطہ تیک $\OML/zplm/m/it/10 O$ \TU/JameelNooriNastaleeq(0)/
b/n/10 سے گزرتی انتصابی محور کے گرد افقی گھومنا شروع کرتی ہے، جو[]
 []


Underfull \hbox (badness 10000) in paragraph at lines 994--996
[]\TU/JameelNooriNastaleeq(0)/b/n/10 کرتی ہے، تاہم $\OML/zplm/m/it/10 M[]$ \TU/
JameelNooriNastaleeq(0)/b/n/10 کی پیدا کردہ قوت مروڑ ابتدائی زاوی معیار حرکت کو
 صفر قیمت سے تبدیل نہیں کرتی، بلکہ چکر سے پیدا غیر صفر قیمت سے تبدیل کرتی[]
 []

LaTeX Info: Redefining \rmfamily on input line 997.
LaTeX Info: Redefining \sffamily on input line 997.
LaTeX Info: Redefining \ttfamily on input line 997.

Underfull \hbox (badness 10000) in paragraph at lines 997--999
[][]\TU/JameelNooriNastaleeq(0)/b/n/10 یہ سمجھنے کے لئے کہ ابتدائی غیر صفر زاوی
 معیار حرکت کیسے مسکن چرخی کو استقبالی حرکت پر مجبور کرتا ہے، ہمیں چکر سے پیدا 
مسکن چرخی کے زاوی معیار حرکت[]
 []


Underfull \hbox (badness 10000) in paragraph at lines 997--999
[]$[]$ \TU/JameelNooriNastaleeq(0)/b/n/10 پر غور کرنا ہو گا۔ صورت حال آسان بنان
ے کی خاطر، ہم فرض کرتے ہیں کہ $[]$ کے لحاظ سے استقبالی حرکت سے پیدا زاوی معیار 
حرکت قابل نظر انداز[]
 []


Underfull \hbox (badness 10000) in paragraph at lines 997--999
[]\TU/JameelNooriNastaleeq(0)/b/n/10 ہے۔ساتھ ہی ، جیسا شکل aa.22b میں دکھایا گی
ا ہے، ہم فرض کرتے ہیں کہ جس لمحے استقبال حرکت شروع ہوتی ہے ، دھرا افقی ہے۔ مساو
ات [][]۱۱.۳۱[][] []سے[]
 []


Underfull \hbox (badness 5787) in paragraph at lines 1001--1003
[]\TU/JameelNooriNastaleeq(0)/b/n/10 جہاں دھرے کے لحاظ سے $\OML/zplm/m/it/10 I$
 \TU/JameelNooriNastaleeq(0)/b/n/10 مسکن چرخی کا گھمیری جمود اور دھرے پر چکر کا
ٹنے کی پہیے کی زاوی رفتار $\OML/zplm/m/it/10 !$ \TU/JameelNooriNastaleeq(0)/b/n
/10 ہے۔ جیسا شکل 11.22b میں دکھایا گیا ہے سمتیہ[]
 []

LaTeX Info: Redefining \rmfamily on input line 1004.
LaTeX Info: Redefining \sffamily on input line 1004.
LaTeX Info: Redefining \ttfamily on input line 1004.
LaTeX Info: Redefining \rmfamily on input line 1009.
LaTeX Info: Redefining \sffamily on input line 1009.
LaTeX Info: Redefining \ttfamily on input line 1009.
LaTeX Info: Redefining \rmfamily on input line 1011.
LaTeX Info: Redefining \sffamily on input line 1011.
LaTeX Info: Redefining \ttfamily on input line 1011.

Underfull \hbox (badness 10000) in paragraph at lines 1011--1012
[][]\TU/JameelNooriNastaleeq(0)/b/n/10 مساوات [][]۱۱.۴۴[][] []کے تحت $[] []$ کا
 رخ $[]$ کے رخ ، $[]$ کو عمود دار ہو گا۔ زاوی معیار حرکت کی قدر $\OML/zplm/m/it
/10 L$ \TU/JameelNooriNastaleeq(0)/b/n/10 تبدیل کیے بغیر، $[]$ کے رخ میں $[]$ ت
بدیل کرنے[]
 []


Underfull \hbox (badness 10000) in paragraph at lines 1011--1012
[]\TU/JameelNooriNastaleeq(0)/b/n/10 کا واحد طریقہ، جیسا شکل 11.22c میں دکھایا 
گیا ہے، محور $\OML/zplm/m/it/10 z$ \TU/JameelNooriNastaleeq(0)/b/n/10 کے گرد $[
]$ گھمانا ہے۔ $[]$ کی قدر برقرار رہتی ہے،سمتیہ $[]$ کا سر دائری راہ پر چلتا ہے،
 اور[]
 []


Underfull \hbox (badness 10000) in paragraph at lines 1011--1012
[]$[]$ \TU/JameelNooriNastaleeq(0)/b/n/10 ہمیشہ اس راہ کو مماسی رہتا ہے۔ چونکہ 
$[]$ لازماً اس دھرے کے رخ ہو گا، دھرے کو محور $\OML/zplm/m/it/10 z$ \TU/JameelN
ooriNastaleeq(0)/b/n/10 کے گرد $[]$ کے رخ گھومنا ہو گا۔یوں استقبالی حرکت پیدا ہ
و[]
 []


Underfull \hbox (badness 10000) in paragraph at lines 1011--1012
[]\TU/JameelNooriNastaleeq(0)/b/n/10 گی۔ ابتدائی زاوی معیار حرکت میں تبدیلی کے 
ردعمل کے دوران چکر کاٹتی مسکن چرخی کو نیوٹن کے قانون دوم (کے زاوی روپ )پر پورا 
اترنا ہو گا؛ یوں گرنے[]
 []

LaTeX Info: Redefining \rmfamily on input line 1014.
LaTeX Info: Redefining \sffamily on input line 1014.
LaTeX Info: Redefining \ttfamily on input line 1014.
LaTeX Info: Redefining \rmfamily on input line 1014.
LaTeX Info: Redefining \sffamily on input line 1014.
LaTeX Info: Redefining \ttfamily on input line 1014.
[151]
LaTeX Info: Redefining \rmfamily on input line 1019.
LaTeX Info: Redefining \sffamily on input line 1019.
LaTeX Info: Redefining \ttfamily on input line 1019.
LaTeX Info: Redefining \rmfamily on input line 1019.
LaTeX Info: Redefining \sffamily on input line 1019.
LaTeX Info: Redefining \ttfamily on input line 1019.
LaTeX Info: Redefining \rmfamily on input line 1019.
LaTeX Info: Redefining \sffamily on input line 1019.
LaTeX Info: Redefining \ttfamily on input line 1019.

Underfull \hbox (badness 10000) in paragraph at lines 1018--1020
[]\TU/JameelNooriNastaleeq(0)/b/n/10 حرکت کرتے ہوئے چھوٹے زاویہ $[] \OML/zplm/m
/it/10 ^^^$ \TU/JameelNooriNastaleeq(0)/b/n/10 سے گزرتے ہیں۔ (شکل 11.22c میں زا
ویہ $[] \OML/zplm/m/it/10 ^^^$ \TU/JameelNooriNastaleeq(0)/b/n/10 بڑھا چڑھا کر 
پیش کیا گیا ہے، تاکہ اس کی وضاحت ہو۔)[]
 []

LaTeX Info: Redefining \rmfamily on input line 1028.
LaTeX Info: Redefining \sffamily on input line 1028.
LaTeX Info: Redefining \ttfamily on input line 1028.

Underfull \hbox (badness 10000) in paragraph at lines 1027--1029
[]\TU/JameelNooriNastaleeq(0)/b/n/10 یہ نتیجہ اس مفروضے کے تحت درست ہو گا کہ چک
ر کاٹنے کی شرح $\OML/zplm/m/it/10 !$ \TU/JameelNooriNastaleeq(0)/b/n/10 زیادہ ہ
و۔ یاد رہے، $\OML/zplm/m/it/10 !$ \TU/JameelNooriNastaleeq(0)/b/n/10 بڑھانے سے 
$\OT1/zplm/m/n/10 
$ \TU/JameelNooriNastaleeq(0)/b/n/10 گھٹتا ہے۔ساتھ ہی یاد رکھیں، اگر تجاذبی[]
 []


Underfull \hbox (badness 6493) in paragraph at lines 1027--1029
[]\TU/JameelNooriNastaleeq(0)/b/n/10 قوت $\OML/zplm/m/it/10 M[]$ \TU/JameelNoor
iNastaleeq(0)/b/n/10 مسکن چرخی پر عمل نہ کرتی استقبالی حرکت نہ ہوتی، تاہم $\OML
/zplm/m/it/10 I$ \TU/JameelNooriNastaleeq(0)/b/n/10 کمیت $\OML/zplm/m/it/10 M$ 
\TU/JameelNooriNastaleeq(0)/b/n/10 کا تفاعل ہے لہٰذا مساوات [][]۱۱.۴۶[][] []میں
 کمیت کٹ جائے گا اور $\OT1/zplm/m/n/10 
$ \TU/JameelNooriNastaleeq(0)/b/n/10 کمیت پر[]
 []

LaTeX Info: Redefining \rmfamily on input line 1030.
LaTeX Info: Redefining \sffamily on input line 1030.
LaTeX Info: Redefining \ttfamily on input line 1030.

Underfull \hbox (badness 10000) in paragraph at lines 1030--1031
[][]\TU/JameelNooriNastaleeq(0)/b/n/10 مساوات [][]۱۱.۴۶[][][]کا اطلاق اس چکر کا
ٹتے مسکن چرخی پر بھی ہو گا جس کا دھرا افق کے ساتھ زاویے پر ہو۔ اس کا اطلاق چکر 
کاٹتے لٹو پر بھی ہو گا، چونکہ لٹو درحقیقت[]
 []

LaTeX Info: Redefining \rmfamily on input line 1039.
LaTeX Info: Redefining \sffamily on input line 1039.
LaTeX Info: Redefining \ttfamily on input line 1039.
LaTeX Info: Redefining \rmfamily on input line 1039.
LaTeX Info: Redefining \sffamily on input line 1039.
LaTeX Info: Redefining \ttfamily on input line 1039.

Underfull \hbox (badness 10000) in paragraph at lines 1039--1041
[]\TU/JameelNooriNastaleeq(0)/b/n/10 جہاں پہیے کے مرکز کمیت کی خطی رفتار $\OML/
zplm/m/it/10 v[]$ \TU/JameelNooriNastaleeq(0)/b/n/10 اور وسط کے گرد پہیے کی زاو
ی رفتار $\OML/zplm/m/it/10 !$ \TU/JameelNooriNastaleeq(0)/b/n/10 ہے۔ پہیے کو”سڑ
ک “کے نقطہ $\OML/zplm/m/it/10 P$ \TU/JameelNooriNastaleeq(0)/b/n/10 کے، جہاں پہ
یا سڑک سے[]
 []


Underfull \hbox (badness 4595) in paragraph at lines 1039--1041
[]\TU/JameelNooriNastaleeq(0)/b/n/10 تماس میں ہے، گرد لمحاتی گھومتا تصور کیا جا
 سکتا ہے۔اس نقطہ پر پہیے کی زاوی رفتار پہیے کے وسط پر پہیے کی زاوی رفتار کے برا
بر ہو گی۔لڑھکاتے پہیے کی حرکی توانائی[]
 []

LaTeX Info: Redefining \rmfamily on input line 1043.
LaTeX Info: Redefining \sffamily on input line 1043.
LaTeX Info: Redefining \ttfamily on input line 1043.
LaTeX Info: Redefining \rmfamily on input line 1043.
LaTeX Info: Redefining \sffamily on input line 1043.
LaTeX Info: Redefining \ttfamily on input line 1043.

Underfull \hbox (badness 10000) in paragraph at lines 1043--1045
[]\TU/JameelNooriNastaleeq(0)/b/n/10 جہاں مرکز کمیت پر پہیے کا گھمیری جمود $\OM
L/zplm/m/it/10 I[]$ \TU/JameelNooriNastaleeq(0)/b/n/10 ہے اور پہیے کی کمیت $\OM
L/zplm/m/it/10 M$ \TU/JameelNooriNastaleeq(0)/b/n/10 ہے۔ اگر پہیا مسرع کیا جائے
 اور ہموار لڑھکنی ہو، مرکز کمیت کا اسراع $[]$[]
 []

LaTeX Info: Redefining \rmfamily on input line 1047.
LaTeX Info: Redefining \sffamily on input line 1047.
LaTeX Info: Redefining \ttfamily on input line 1047.
LaTeX Info: Redefining \rmfamily on input line 1047.
LaTeX Info: Redefining \sffamily on input line 1047.
LaTeX Info: Redefining \ttfamily on input line 1047.
LaTeX Info: Redefining \rmfamily on input line 1051.
LaTeX Info: Redefining \sffamily on input line 1051.
LaTeX Info: Redefining \ttfamily on input line 1051.
LaTeX Info: Redefining \rmfamily on input line 1051.
LaTeX Info: Redefining \sffamily on input line 1051.
LaTeX Info: Redefining \ttfamily on input line 1051.
[152]
LaTeX Info: Redefining \rmfamily on input line 1056.
LaTeX Info: Redefining \sffamily on input line 1056.
LaTeX Info: Redefining \ttfamily on input line 1056.
LaTeX Info: Redefining \rmfamily on input line 1056.
LaTeX Info: Redefining \sffamily on input line 1056.
LaTeX Info: Redefining \ttfamily on input line 1056.
LaTeX Info: Redefining \rmfamily on input line 1064.
LaTeX Info: Redefining \sffamily on input line 1064.
LaTeX Info: Redefining \ttfamily on input line 1064.
LaTeX Info: Redefining \rmfamily on input line 1064.
LaTeX Info: Redefining \sffamily on input line 1064.
LaTeX Info: Redefining \ttfamily on input line 1064.
LaTeX Info: Redefining \rmfamily on input line 1064.
LaTeX Info: Redefining \sffamily on input line 1064.
LaTeX Info: Redefining \ttfamily on input line 1064.
LaTeX Info: Redefining \rmfamily on input line 1064.
LaTeX Info: Redefining \sffamily on input line 1064.
LaTeX Info: Redefining \ttfamily on input line 1064.
LaTeX Info: Redefining \rmfamily on input line 1064.
LaTeX Info: Redefining \sffamily on input line 1064.
LaTeX Info: Redefining \ttfamily on input line 1064.
LaTeX Info: Redefining \rmfamily on input line 1064.
LaTeX Info: Redefining \sffamily on input line 1064.
LaTeX Info: Redefining \ttfamily on input line 1064.

Underfull \hbox (badness 10000) in paragraph at lines 1067--1069
[][]\TU/AASameerSagarNastaleeqBold(0)/m/n/10 ذرے کا زاوی معیار حرکت \TU/JameelN
ooriNastaleeq(0)/b/n/10 ایک ذرے جس کی کمیت $\OML/zplm/m/it/10 m$\TU/JameelNoori
Nastaleeq(0)/b/n/10 ، خطی معیار حرکت $[]$، اور خطی سمتی رفتار $[]$ ہو کا \TU/Ja
meelNooriNastaleeq(0)/m/n/9 زاوی معیار حرکت $[]$ \TU/JameelNooriNastaleeq(0)/b/
n/10 ایک سمتیہ[]
 []

LaTeX Info: Redefining \rmfamily on input line 1071.
LaTeX Info: Redefining \sffamily on input line 1071.
LaTeX Info: Redefining \ttfamily on input line 1071.
LaTeX Info: Redefining \rmfamily on input line 1071.
LaTeX Info: Redefining \sffamily on input line 1071.
LaTeX Info: Redefining \ttfamily on input line 1071.
LaTeX Info: Redefining \rmfamily on input line 1077.
LaTeX Info: Redefining \sffamily on input line 1077.
LaTeX Info: Redefining \ttfamily on input line 1077.
LaTeX Info: Redefining \rmfamily on input line 1077.
LaTeX Info: Redefining \sffamily on input line 1077.
LaTeX Info: Redefining \ttfamily on input line 1077.
LaTeX Info: Redefining \rmfamily on input line 1077.
LaTeX Info: Redefining \sffamily on input line 1077.
LaTeX Info: Redefining \ttfamily on input line 1077.
LaTeX Info: Redefining \rmfamily on input line 1077.
LaTeX Info: Redefining \sffamily on input line 1077.
LaTeX Info: Redefining \ttfamily on input line 1077.
LaTeX Info: Redefining \rmfamily on input line 1077.
LaTeX Info: Redefining \sffamily on input line 1077.
LaTeX Info: Redefining \ttfamily on input line 1077.
LaTeX Info: Redefining \rmfamily on input line 1077.
LaTeX Info: Redefining \sffamily on input line 1077.
LaTeX Info: Redefining \ttfamily on input line 1077.

Underfull \hbox (badness 10000) in paragraph at lines 1077--1079
[]\TU/JameelNooriNastaleeq(0)/b/n/10 جہاں $[]$ اور $[]$ کے بیچ زاویہ $\OML/zplm
/m/it/10 ^^^$ \TU/JameelNooriNastaleeq(0)/b/n/10 ہے، $[]$ کو عمود دار $[]$ اور 
$[]$ کے جزو $\OML/zplm/m/it/10 p[]$ \TU/JameelNooriNastaleeq(0)/b/n/10 اور $\OM
L/zplm/m/it/10 v[]$ \TU/JameelNooriNastaleeq(0)/b/n/10 ہیں، اور اٹل نقطے کا مبس
وط $[]$ سے عمود دار فاصلہ $\OML/zplm/m/it/10 r[]$ \TU/JameelNooriNastaleeq(0)/b
/n/10 ہے۔[]
 []

LaTeX Info: Redefining \rmfamily on input line 1084.
LaTeX Info: Redefining \sffamily on input line 1084.
LaTeX Info: Redefining \ttfamily on input line 1084.
LaTeX Info: Redefining \rmfamily on input line 1084.
LaTeX Info: Redefining \sffamily on input line 1084.
LaTeX Info: Redefining \ttfamily on input line 1084.
LaTeX Info: Redefining \rmfamily on input line 1091.
LaTeX Info: Redefining \sffamily on input line 1091.
LaTeX Info: Redefining \ttfamily on input line 1091.
LaTeX Info: Redefining \rmfamily on input line 1091.
LaTeX Info: Redefining \sffamily on input line 1091.
LaTeX Info: Redefining \ttfamily on input line 1091.

Underfull \hbox (badness 10000) in paragraph at lines 1091--1093
[]\TU/JameelNooriNastaleeq(0)/b/n/10 اس زاوی معیار حرکت کا وقتی تفرق نظام پر صا
فی بیرونی قوت مروڑ (نظام سے باہر ذروں کے ساتھ باہم عمل سے پیدا قوت مروڑ کے سمتی
 مجموعہ) کے برابر ہو[]
 []

[153]
LaTeX Info: Redefining \rmfamily on input line 1095.
LaTeX Info: Redefining \sffamily on input line 1095.
LaTeX Info: Redefining \ttfamily on input line 1095.
LaTeX Info: Redefining \rmfamily on input line 1095.
LaTeX Info: Redefining \sffamily on input line 1095.
LaTeX Info: Redefining \ttfamily on input line 1095.
LaTeX Info: Redefining \rmfamily on input line 1101.
LaTeX Info: Redefining \sffamily on input line 1101.
LaTeX Info: Redefining \ttfamily on input line 1101.
LaTeX Info: Redefining \rmfamily on input line 1101.
LaTeX Info: Redefining \sffamily on input line 1101.
LaTeX Info: Redefining \ttfamily on input line 1101.
LaTeX Info: Redefining \rmfamily on input line 1108.
LaTeX Info: Redefining \sffamily on input line 1108.
LaTeX Info: Redefining \ttfamily on input line 1108.
LaTeX Info: Redefining \rmfamily on input line 1108.
LaTeX Info: Redefining \sffamily on input line 1108.
LaTeX Info: Redefining \ttfamily on input line 1108.
LaTeX Info: Redefining \rmfamily on input line 1108.
LaTeX Info: Redefining \sffamily on input line 1108.
LaTeX Info: Redefining \ttfamily on input line 1108.
LaTeX Info: Redefining \rmfamily on input line 1108.
LaTeX Info: Redefining \sffamily on input line 1108.
LaTeX Info: Redefining \ttfamily on input line 1108.
LaTeX Info: Redefining \rmfamily on input line 1115.
LaTeX Info: Redefining \sffamily on input line 1115.
LaTeX Info: Redefining \ttfamily on input line 1115.
LaTeX Info: Redefining \rmfamily on input line 1115.
LaTeX Info: Redefining \sffamily on input line 1115.
LaTeX Info: Redefining \ttfamily on input line 1115.

Underfull \hbox (badness 10000) in paragraph at lines 1125--1127
[]\TU/JameelNooriNastaleeq(0)/b/n/10 سوال  ۱۱.۱:  ایک کمیت اور ایک مستقل رفتار 
پر چلتے ہوئے تین ذروں کے سمتی رفتار سمتیات شکل 11.23 میں دکھائے گئے ہیں۔ نقاط $
\OML/zplm/m/it/10 a$\TU/JameelNooriNastaleeq(0)/b/n/10 ، $\OML/zplm/m/it/10 b$\
TU/JameelNooriNastaleeq(0)/b/n/10 ، $\OML/zplm/m/it/10 c$\TU/JameelNooriNastale
eq(0)/b/n/10 ، اور[]
 []


Underfull \hbox (badness 1052) in paragraph at lines 1127--1131
[] \TU/JameelNooriNastaleeq(0)/b/n/10 سوال  ۱۱.۲:  ذرہ $\OML/zplm/m/it/10 A$ \T
U/JameelNooriNastaleeq(0)/b/n/10 اور ذرہ $\OML/zplm/m/it/10 B$ \TU/JameelNooriN
astaleeq(0)/b/n/10 کا $\OML/zplm/m/it/10 xyz$ \TU/JameelNooriNastaleeq(0)/b/n/1
0 محدد $\OT1/zplm/m/n/10 (\OT1/ppl/m/n/10 1 m, 1 m, 0\OT1/zplm/m/n/10 )$ \TU/Ja
meelNooriNastaleeq(0)/b/n/10 اور $\OT1/zplm/m/n/10 (\OT1/ppl/m/n/10 1 m, 0, 1 m
\OT1/zplm/m/n/10 )$ \TU/JameelNooriNastaleeq(0)/b/n/10 ہے (شکل 11.24)۔ہر ایک ذر
ے پر تین گنتی[]
 []


Underfull \hbox (badness 10000) in paragraph at lines 1127--1131
[]\TU/JameelNooriNastaleeq(0)/b/n/10 دار قوت عمل کرتی ہیں، جن کی قدر ایک برابر 
اور رخ ایک ایک محددی محور کے رخ ہے۔ (ا) کون سی قوت مبدا پر محور $\OML/zplm/m/it
/10 y$ \TU/JameelNooriNastaleeq(0)/b/n/10 کے متوازی قوت مروڑ پیدا کرتی[]
 []


Underfull \hbox (badness 10000) in paragraph at lines 1131--1136
[] \TU/JameelNooriNastaleeq(0)/b/n/10 سوال  ۱۱.۳:  ڈوری دار لٹو کا دھاگہ (ا) قو
ت $[]$ سے (جس کا خط عمل میز پر نقطہ تماس سے گزرتا ہے)، (ب) قوت $[]$ (جس کا خط ع
مل نقطہ تماس سے[]
 []


Underfull \hbox (badness 10000) in paragraph at lines 1136--1140
[] \TU/JameelNooriNastaleeq(0)/b/n/10 سوال  ۱۱.۴:  کسی مقررہ نقطہ کے لحاظ سے ذر
ے کے تعین گر سمتیہ $[]$ کی قدر $\OT1/ppl/m/n/10 3 m$ \TU/JameelNooriNastaleeq(0
)/b/n/10 ، اور ذرے پر قوت $[]$ کی قدر $\OT1/ppl/m/n/10 4 N$ \TU/JameelNooriNast
aleeq(0)/b/n/10 ہے۔ اگر وابستہ قوت مروڑ[]
 []

[154]
Underfull \hbox (badness 10000) in paragraph at lines 1140--1145
[] \TU/JameelNooriNastaleeq(0)/b/n/10 سوال  ۱۱.۵:  مبدا پر رکھے ذرے پر ایک قدر 
کی تین قوت عمل کرتے ہیں (شکل 11.26)۔ ($[]$ سیدھا صفحے کے اندر رخ عمل کرتی ہے۔) 
قوتوں کی[]
 []


Underfull \hbox (badness 6396) in paragraph at lines 1149--1154
[] \TU/JameelNooriNastaleeq(0)/b/n/10 سوال  ۱۱.۷:  انتصابی محور پر خلاف گھڑی گھ
ومتے قرص کے چکا پر بھونرا بیٹھا ہے۔ بھونرا گھومنے کے رخ چکا پر چلنا شروع کرتا ہ
ے۔ کیا ذیل مقادیر کی (محور گھماو[]
 []


Underfull \hbox (badness 10000) in paragraph at lines 1154--1159
[] \TU/JameelNooriNastaleeq(0)/b/n/10 سوال  ۱۱.۸:  مستطیل سل جو وسطی نقطہ $\OML
/zplm/m/it/10 O$\TU/JameelNooriNastaleeq(0)/b/n/10 سے گزرتی انتصابی محور کے گرد
 گھوم سکتی ہے کا فضائی نظارہ شکل 11.27 میں پیش ہے۔ سات مقامات سے[]
 []


Underfull \hbox (badness 10000) in paragraph at lines 1154--1159
[]\TU/JameelNooriNastaleeq(0)/b/n/10 ہوائی بندوق سے چھرا سل پر مارا جا سکتا ہے،
 جو سل میں دھنس جاتا ہے۔ چھروں کی کمیت ایک جیسی اور رفتار ایک برابر ہے۔ (ا) مقا
مات کی درجہ بندی، اعظم[]
 []


Underfull \hbox (badness 10000) in paragraph at lines 1154--1159
[]\TU/JameelNooriNastaleeq(0)/b/n/10 قیمت اول رکھ کر، چھرا لگنے کے بعد سل (اور 
چھرا) کی زاوی رفتار کے لحاظ سے کریں۔ (ب) فضا سے دیکھتے ہوئے کن راہ کے لئے سل (ا
ور چھرا) کی $\OML/zplm/m/it/10 O$ \TU/JameelNooriNastaleeq(0)/b/n/10 پر[]
 []


Underfull \hbox (badness 10000) in paragraph at lines 1159--1163
[] \TU/JameelNooriNastaleeq(0)/b/n/10 سوال  ۱۱.۹:  شکل 11.28 میں پہیے کے زاوی م
عیار حرکت کی قدر $\OML/zplm/m/it/10 L$ \TU/JameelNooriNastaleeq(0)/b/n/10 بالمق
ابل وقت $\OML/zplm/m/it/10 t$ \TU/JameelNooriNastaleeq(0)/b/n/10 پیش ہے۔ چار حر
ف دار وقتی دورانیوں کی درجہ بندی پہیے پر عمل[]
 []


Underfull \hbox (badness 1314) in paragraph at lines 1163--1168
[] \TU/JameelNooriNastaleeq(0)/b/n/10 سوال  ۱۱.۱۰:  مستقل سمتی رفتار $[]$ پر چل
تا ہوا ذرہ اور پانچ نقطے بمع $\OML/zplm/m/it/10 xy$ \TU/JameelNooriNastaleeq(0)
/b/n/10 محدد شکل 11.29 میں دکھائے گئے ہیں۔ نقطہ پر ذرے کے زاوی معیار حرکت کی[]
 []


Underfull \hbox (badness 10000) in paragraph at lines 1168--1172
[] \TU/JameelNooriNastaleeq(0)/b/n/10 سوال  ۱۱.۱۱:  توپ کا گولا اور کنچا ساکن ح
الت سے میلان پر نشیب وار لڑھکتے ہیں۔ کیا توپ کے گولے کا کنچے سے (ا) زمین تک پہن
چنے کا دورانیہ اور (ب) زمین[]
 []


Underfull \hbox (badness 10000) in paragraph at lines 1172--1176
[] \TU/JameelNooriNastaleeq(0)/b/n/10 سوال  ۱۱.۱۲:  پیتل کے ٹھوس بیلن اور لکڑی 
کے ٹھوس بیلن کی کمیت اور رداس ایک ہیں (لکڑی کا بیلن زیادہ لمبا ہے)۔ ایک ساتھ رہ
ائی کے بعد دونوں[]
 []


Underfull \hbox (badness 10000) in paragraph at lines 1172--1176
[]\TU/JameelNooriNastaleeq(0)/b/n/10 میلان پر لڑھکتے اترتے ہیں۔ (ا) کونسا بیلن 
زمین پر پہلے پہنچے گا، یا کیا دونوں ایک ساتھ پہنچتے ہیں؟ (ب) لکڑی کے بیلن کا سر
 کاٹ کر بیلن کو پیتل کے بیلن جتنا[]
 []


Underfull \hbox (badness 10000) in paragraph at lines 1172--1176
[]\TU/JameelNooriNastaleeq(0)/b/n/10 بنایا جاتا ہے، اور پیتل کے بیلن کی وسطی لم
بی محور میں سوراخ کر کے کمیت گھٹا کر دونوں بیلن کی کمیت برابر کی جاتی ہے۔ اب کو
نسا بیلن مقابلے میں برتری[]
 []


Underfull \hbox (badness 10000) in paragraph at lines 1186--1188
[]\TU/JameelNooriNastaleeq(0)/b/n/10 سوال  ۱۱.۱:  ایک گاڑی $\OT1/ppl/m/n/10 80 
[] h[]$ \TU/JameelNooriNastaleeq(0)/b/n/10 رفتار سے استوا سڑک پر محور $\OML/zpl
m/m/it/10 x$ \TU/JameelNooriNastaleeq(0)/b/n/10 کے مثبت رخ چل رہی ہے۔اس کے پہیو
ں کا قطر $\OT1/ppl/m/n/10 66 []$ \TU/JameelNooriNastaleeq(0)/b/n/10 ہے۔ گاڑی[]
 []


Underfull \hbox (badness 7047) in paragraph at lines 1186--1188
[]\TU/JameelNooriNastaleeq(0)/b/n/10 میں سوار شخص کے لحاظ سے ، اکائی سمتیہ ترقی
م میں ، پہیے کے (ا) وسط، (ب) بالا سر، اور (ج) نچلے سر کی سمتی رفتار $[]$ کیا ہو
 گی، اور پہیے کے (د) وسط ، (ہ) بالا سر،[]
 []


Underfull \hbox (badness 6477) in paragraph at lines 1186--1188
[]\TU/JameelNooriNastaleeq(0)/b/n/10 اور (و) نچلے سر کے اسراع کی قدر $\OML/zplm
/m/it/10 a$ \TU/JameelNooriNastaleeq(0)/b/n/10 کیا ہو گی؟ سڑک کے کنارے شخص کے ل
حاظ سے ، اکائی سمتیہ ترقیم میں، پہیے کے (ز) وسط، (ح) بالا سر، اور (ط) نچلے سر ک
ی[]
 []

[155]
Underfull \hbox (badness 10000) in paragraph at lines 1188--1192
[] \TU/JameelNooriNastaleeq(0)/b/n/10 سوال  ۱۱.۲:  ایک گاڑی ، جس کے پہیوں کا قط
ر $\OT1/ppl/m/n/10 75.0 []$ \TU/JameelNooriNastaleeq(0)/b/n/10 ہے، $\OT1/ppl/m/
n/10 80 [] h[]$ \TU/JameelNooriNastaleeq(0)/b/n/10 سے حرکت میں ہے ۔ (ا) پہیے کے
 دھرے کے لحاظ سے پہیے کا[]
 []


Underfull \hbox (badness 10000) in paragraph at lines 1188--1192
[]\TU/JameelNooriNastaleeq(0)/b/n/10 زاوی رفتار کیا ہو گا؟ (ب) پہیے کے $\OT1/pp
l/m/n/10 30.0$ \TU/JameelNooriNastaleeq(0)/b/n/10 مکمل چکر میں (بغیر پھسلے) گاڑ
ی روکی جاتی ہے۔ پہیے کے زاوی اسراع کی قدر کیا ہو گی؟ (ج) رکنے کے دوران[]
 []


Underfull \hbox (badness 10000) in paragraph at lines 1198--1200
[]\TU/JameelNooriNastaleeq(0)/b/n/10 سوال  ۱۱.۳:  افقی زمین پر $\OT1/ppl/m/n/10
 140 []$ \TU/JameelNooriNastaleeq(0)/b/n/10 کا گھیرا لڑھکتا ہے۔ گھیرے کا مرکز ک
میت $\OT1/ppl/m/n/10 0.150 m s[]$ \TU/JameelNooriNastaleeq(0)/b/n/10 رفتار سے ح
رکت کرتا ہے۔ گھیرا روکنے کے لئے[]
 []


Underfull \hbox (badness 10000) in paragraph at lines 1200--1204
[] \TU/JameelNooriNastaleeq(0)/b/n/10 سوال  ۱۱.۴:  ٹھوس یکساں کرہ میلان پر لڑھک
تا اترتا ہے۔ (ا) کرہ کے مرکز کمیت کے زاوی اسراع کی قدر $\OT1/ppl/m/n/10 0.10\OM
L/zplm/m/it/10 g$ \TU/JameelNooriNastaleeq(0)/b/n/10 ہونے کے لئے زاویہ میلان کی
ا ہو گا؟[]
 []


Underfull \hbox (badness 10000) in paragraph at lines 1204--1209
[] \TU/JameelNooriNastaleeq(0)/b/n/10 سوال  ۱۱.۵:  ایک گاڑی ، جس کی کمیت $\OT1/
ppl/m/n/10 1000 []$ \TU/JameelNooriNastaleeq(0)/b/n/10 ہے، کا پہیا $\OT1/ppl/m/
n/10 10 []$ \TU/JameelNooriNastaleeq(0)/b/n/10 ہے۔ چلتی گاڑی کے کل حرکی توانائی
 کا کتنا حصہ (چار) پہیوں کے دھرے پر[]
 []


Underfull \hbox (badness 10000) in paragraph at lines 1209--1213
[] \TU/JameelNooriNastaleeq(0)/b/n/10 سوال  ۱۱.۶:  شکل 11.30 میں، $\OT1/ppl/m/n
/10 30[]$ \TU/JameelNooriNastaleeq(0)/b/n/10 میلان پر $\OT1/ppl/m/n/10 0.500 []
$ \TU/JameelNooriNastaleeq(0)/b/n/10 کمیت اور $\OT1/ppl/m/n/10 6.00 []$ \TU/Jam
eelNooriNastaleeq(0)/b/n/10 رداس کی لڑھکنی جسم کی رفتار $\OML/zplm/m/it/10 v$ \
TU/JameelNooriNastaleeq(0)/b/n/10 بالمقابل وقت $\OML/zplm/m/it/10 t$ \TU/Jameel
NooriNastaleeq(0)/b/n/10 ترسیم[]
 []


Underfull \hbox (badness 5345) in paragraph at lines 1213--1218
[] \TU/JameelNooriNastaleeq(0)/b/n/10 سوال  ۱۱.۷:  ٹھوس بیلن ، جس کا رداس $\OT1
/ppl/m/n/10 10 []$ \TU/JameelNooriNastaleeq(0)/b/n/10 اور کمیت $\OT1/ppl/m/n/10
 12 []$ \TU/JameelNooriNastaleeq(0)/b/n/10 ہے،ساکن حالت سے آغاز کر کے $\OML/zpl
m/m/it/10 ^^R \OT1/zplm/m/n/10 = \OT1/ppl/m/n/10 30[]$ \TU/JameelNooriNastaleeq
(0)/b/n/10 زاویے کی چھت پر[]
 []


Underfull \hbox (badness 10000) in paragraph at lines 1218--1223
[] \TU/JameelNooriNastaleeq(0)/b/n/10 سوال  ۱۱.۸:  شکل 11.32 میں $\OT1/ppl/m/n/
10 0.400 []$ \TU/JameelNooriNastaleeq(0)/b/n/10 کمیت کے ٹھوس یکساں گیند کی، جو 
محور $\OML/zplm/m/it/10 x$ \TU/JameelNooriNastaleeq(0)/b/n/10 پر ہموار لڑھک سکت
ا ہے، مخفی توانائی $\OML/zplm/m/it/10 U\OT1/zplm/m/n/10 (\OML/zplm/m/it/10 x\OT
1/zplm/m/n/10 )$ \TU/JameelNooriNastaleeq(0)/b/n/10 ترسیم کی گئی[]
 []


Underfull \hbox (badness 1668) in paragraph at lines 1218--1223
[]\TU/JameelNooriNastaleeq(0)/b/n/10 (ا) اگر گیند $\OML/zplm/m/it/10 x \OT1/zpl
m/m/n/10 = \OT1/ppl/m/n/10 0 m$ \TU/JameelNooriNastaleeq(0)/b/n/10 تک پہنچ سکتا
 ہو، اس کی رفتار وہاں پہنچ کر کیا ہو گا، اور اگر وہاں تک پہنچنے کے قابل نہ ہو، 
تب واپس ہونے کا نقطہ کیا ہو گا؟ اب[]
 []


Underfull \hbox (badness 1264) in paragraph at lines 1227--1232
[] \TU/JameelNooriNastaleeq(0)/b/n/10 سوال  ۱۱.۱۰:  ایک کھوکھلا کرہ جس کا رداس 
$\OT1/ppl/m/n/10 0.15 m$ \TU/JameelNooriNastaleeq(0)/b/n/10 اور مرکز کمیت سے گز
رتی محور پر گھمیری جمود $\OML/zplm/m/it/10 I \OT1/zplm/m/n/10 = \OT1/ppl/m/n/10
 0.040 [] m[]$ \TU/JameelNooriNastaleeq(0)/b/n/10 ہے، افق سے[]
 []


Underfull \hbox (badness 10000) in paragraph at lines 1227--1232
[]$\OT1/ppl/m/n/10 30[]$ \TU/JameelNooriNastaleeq(0)/b/n/10 زاویہ کے میلان پر ہ
موار لڑھک کر اوپر وار حرکت کرتا ہے۔ ابتدائی نقطہ پر کرہ کی کل حرکی توانائی $\OT
1/ppl/m/n/10 20 J$ \TU/JameelNooriNastaleeq(0)/b/n/10 ہے۔ (ا) ابتدائی حرکی توان
ائی ک کتنا حصہ[]
 []


Underfull \hbox (badness 10000) in paragraph at lines 1227--1232
[]\TU/JameelNooriNastaleeq(0)/b/n/10 گھمیری ہے؟ (ب) ابتدائی نقطہ پر کرہ کے مرکز
 کمیت کی رفتار کیا ہے؟ ابتدائی نقطہ سے میلان کے ہمراہ اوپر وار $\OT1/ppl/m/n/10
 1.0 m$ \TU/JameelNooriNastaleeq(0)/b/n/10 فاصلہ طے کرنے کے بعد، اس کی[]
 []

[156]
Underfull \hbox (badness 10000) in paragraph at lines 1232--1236
[] \TU/JameelNooriNastaleeq(0)/b/n/10 سوال  ۱۱.۱۱:  رداس $\OT1/ppl/m/n/10 0.30 
m$ \TU/JameelNooriNastaleeq(0)/b/n/10 اور کمیت $\OT1/ppl/m/n/10 10 []$ \TU/Jame
elNooriNastaleeq(0)/b/n/10 پہیے پر $\OT1/ppl/m/n/10 10 N$ \TU/JameelNooriNastal
eeq(0)/b/n/10 قدر کی مستقل افقی قوت $[]$ لاگو کی جاتی ہے (شکل11.34)۔ پہیا افقی 
سطح[]
 []


Underfull \hbox (badness 10000) in paragraph at lines 1232--1236
[]\TU/JameelNooriNastaleeq(0)/b/n/10 پر ہموار لڑھکتا ہے، اور اس کے مرکز کمیت کے
 اسراع کی قدر $\OT1/ppl/m/n/10 0.60 m s[]$ \TU/JameelNooriNastaleeq(0)/b/n/10 ہ
ے۔ (ا) اکائی سمتیہ ترقیم میں پہیے پر رگڑی قوت کیا ہے؟ (ب) مرکز کمیت[]
 []


Underfull \hbox (badness 10000) in paragraph at lines 1236--1241
[] \TU/JameelNooriNastaleeq(0)/b/n/10 سوال  ۱۱.۱۲:  پیتل کا ٹھوس گیند، جس کی کم
یت $\OT1/ppl/m/n/10 0.280 []$ \TU/JameelNooriNastaleeq(0)/b/n/10 ہے، گھیر در گھ
یر راہ کے سیدھے حصے پر رہا کرنے سے راہ کے ہمراہ ہموار لڑھک سکتا ہے[]
 []


Underfull \hbox (badness 10000) in paragraph at lines 1241--1245
[] \TU/JameelNooriNastaleeq(0)/b/n/10 سوال  ۱۱.۱۳:  \TU/JameelNooriNastaleeq(0)
/m/n/9 غیر یکساں گیند۔ \TU/JameelNooriNastaleeq(0)/b/n/10 ایک گیند ، جس کا رداس
 $\OML/zplm/m/it/10 R$ \TU/JameelNooriNastaleeq(0)/b/n/10 اور کمیت $\OML/zplm/m
/it/10 M$ \TU/JameelNooriNastaleeq(0)/b/n/10 ہے، ساکن حالت سے میلان پر ہموار لڑ
ھک کر اترنے کے بعد رداس[]
 []


Underfull \hbox (badness 2781) in paragraph at lines 1241--1245
[]\TU/JameelNooriNastaleeq(0)/b/n/10 قدر $\OT1/ppl/m/n/10 2.00\OML/zplm/m/it/10
 Mg$ \TU/JameelNooriNastaleeq(0)/b/n/10 ہے۔ اندرونی کرہ (جو یکساں کثافت مادے سے
 بنا ہے) کے اوپر کروی خول (جو کسی دوسرے یکساں کثافت کے مادے سے بنا ہے) چڑھا کر[
]
 []


Underfull \hbox (badness 10000) in paragraph at lines 1245--1250
[] \TU/JameelNooriNastaleeq(0)/b/n/10 سوال  ۱۱.۱۴:  ایک چھوٹا، ٹھوس، یکساں گیند
 نقطہ $\OML/zplm/m/it/10 P$ \TU/JameelNooriNastaleeq(0)/b/n/10 سے پھینکا جاتا ہ
ے تا کہ گیند افقی راہ پر ہموار لڑھک کر، میلان پر چڑھ کر، سطح مرتفع پہنچے (شکل[]

 []


Underfull \hbox (badness 6641) in paragraph at lines 1245--1250
[]\TU/JameelNooriNastaleeq(0)/b/n/10 11.37)۔ سطح مرتفع کے کنارے سے افقی فاصلہ $
\OML/zplm/m/it/10 d$ \TU/JameelNooriNastaleeq(0)/b/n/10 دور گیند دوسری ( نچلی )
سطح مرتفع پر گرتا ہے۔ انتصابی بلندیاں $\OML/zplm/m/it/10 h[] \OT1/zplm/m/n/10 =
 \OT1/ppl/m/n/10 5.00 []$ \TU/JameelNooriNastaleeq(0)/b/n/10 اور[]
 []


Underfull \hbox (badness 10000) in paragraph at lines 1250--1255
[]\TU/JameelNooriNastaleeq(0)/b/n/10 پر عمل پیرا ہو کر گیند کو خطی مسرع کرتی ہے
 اور ساتھ ہی قوت مروڑ پیدا کرتی ہے ، جو گیند کو زاوی مسرع کرتی ہے۔ خطی رفتار $\
OML/zplm/m/it/10 v[]$ \TU/JameelNooriNastaleeq(0)/b/n/10 کافی گھٹنے اور زاوی[]
 []


Underfull \hbox (badness 10000) in paragraph at lines 1250--1255
[]\TU/JameelNooriNastaleeq(0)/b/n/10 رفتار $\OML/zplm/m/it/10 !$ \TU/JameelNoor
iNastaleeq(0)/b/n/10 کافی بڑھنے کے بعد گیند گھسٹنا بند کرتا ہے اور ہموار لڑھکنا
 شروع کرتا ہے۔ (ا) اس لمحے پر $\OML/zplm/m/it/10 !$ \TU/JameelNooriNastaleeq(0)
/b/n/10 کی صورت میں $\OML/zplm/m/it/10 v[]$ \TU/JameelNooriNastaleeq(0)/b/n/10 
کیا ہو گا؟ گھساٹ کے[]
 []


Underfull \hbox (badness 10000) in paragraph at lines 1250--1255
[]\TU/JameelNooriNastaleeq(0)/b/n/10 دوران گیند کا (ب) خطی اسراع اور (ج) زاوی ا
سراع کیا ہوں گے؟ (د) گیند کتنی دیر گھسٹتا ہے؟ (ہ) گیند کتنے فاصلہ گھسٹتا ہے؟ (و
) جس لمحے گیند ہموار لڑھکنا[]
 []


Underfull \hbox (badness 10000) in paragraph at lines 1255--1260
[] \TU/JameelNooriNastaleeq(0)/b/n/10 سوال  ۱۱.۱۶:  \TU/JameelNooriNastaleeq(0)
/m/n/9 غیر یکساں بیلنی جسم۔ \TU/JameelNooriNastaleeq(0)/b/n/10 شکل 11.39 میں کم
یت $\OML/zplm/m/it/10 M$ \TU/JameelNooriNastaleeq(0)/b/n/10 اور رداس $\OML/zplm
/m/it/10 R$ \TU/JameelNooriNastaleeq(0)/b/n/10 کا بیلنی جسم ہموار لڑھک کر میلان
 سے اتر کر افقی حصے پر پہنچتا ہے۔ یہاں[]
 []


Underfull \hbox (badness 10000) in paragraph at lines 1265--1267
[]\TU/JameelNooriNastaleeq(0)/b/n/10 سوال  ۱۱.۱۷: []ڈوری دار لٹو کا گھمیری جمود
 $\OT1/ppl/m/n/10 980 g [][]$ \TU/JameelNooriNastaleeq(0)/b/n/10 اور کمیت $\OT1
/ppl/m/n/10 120 g$ \TU/JameelNooriNastaleeq(0)/b/n/10 ہے۔ اس کے دھرے کا رداس $\
OT1/ppl/m/n/10 3.2 []$\TU/JameelNooriNastaleeq(0)/b/n/10 ، اور ڈور کی لمبائی[]
 []

[157]
Underfull \hbox (badness 10000) in paragraph at lines 1267--1271
[] \TU/JameelNooriNastaleeq(0)/b/n/10 سوال  ۱۱.۱۸:  ایک بڑا ڈوری دار لٹو کرین س
ے رہا کیا جاتا ہے۔ لٹو کی کمیت $\OT1/ppl/m/n/10 116 []$ \TU/JameelNooriNastalee
q(0)/b/n/10 ہے جو $\OT1/ppl/m/n/10 32 []$ \TU/JameelNooriNastaleeq(0)/b/n/10 رد
اس کے دو قرص $\OT1/ppl/m/n/10 3.2 []$ \TU/JameelNooriNastaleeq(0)/b/n/10 رداس ک
ے[]
 []


Underfull \hbox (badness 10000) in paragraph at lines 1267--1271
[]\TU/JameelNooriNastaleeq(0)/b/n/10 دھرے کے ساتھ جوڑ کر بنایا گیا ہے۔ (ا) اترن
ے اور (ب) چڑھنے کے دوران لٹو کے اسراع کی قدر کیا ہے؟ (ج)لڑھکاو کے دوران ڈور کا 
تناو کیا ہے؟ (د) کیا یہ[]
 []


Underfull \hbox (badness 2126) in paragraph at lines 1284--1290
[] \TU/JameelNooriNastaleeq(0)/b/n/10 سوال  ۱۱.۲۱:  ایک ذرے پر، جو $\OT1/zplm/m
/n/10 (\OT1/ppl/m/n/10 0, \OMS/zplm/m/n/10 ^^@\OT1/ppl/m/n/10 4.0 m, 3.0 m\OT1/
zplm/m/n/10 )$ \TU/JameelNooriNastaleeq(0)/b/n/10 پر واقع ہے، ذیل قوت عمل کرتی 
ہے: (ا) $[]$ جہاں $\OML/zplm/m/it/10 F[] \OT1/zplm/m/n/10 = \OT1/ppl/m/n/10 2.0
 N$\TU/JameelNooriNastaleeq(0)/b/n/10 ،[]
 []


Underfull \hbox (badness 10000) in paragraph at lines 1290--1301
[] \TU/JameelNooriNastaleeq(0)/b/n/10 سوال  ۱۱.۲۲:  ایک ذرے پر ، جو $\OML/zplm/
m/it/10 xyz$ \TU/JameelNooriNastaleeq(0)/b/n/10 محددی نظام میں حرکت کرتا ہے، قو
ت عمل کرتی ہے۔ جب مبدا کے لحاظ سے ذرے کا مقام[]
 []


Underfull \hbox (badness 10000) in paragraph at lines 1312--1326
[] \TU/JameelNooriNastaleeq(0)/b/n/10 سوال  ۱۱.۲۴:  کالی مرچ کی بوتل مبدا کے لح
اظ سے $\OT1/zplm/m/n/10 (\OT1/ppl/m/n/10 3.0 m, \OMS/zplm/m/n/10 ^^@\OT1/ppl/m/
n/10 2.0 m, 4.0 m\OT1/zplm/m/n/10 )$ \TU/JameelNooriNastaleeq(0)/b/n/10 محدد پر
 پڑی ہے۔ بوتل پر ذیل قوت عمل کرتی ہے (ا)[]
 []


Underfull \hbox (badness 10000) in paragraph at lines 1312--1326
[]\TU/JameelNooriNastaleeq(0)/b/n/10 (ج) $[]$ اور $[]$ کا مجموعہ ۔ مبدا کے لحاظ
 سے بوتل پر قوت مروڑ اکائی سمتیہ ترقیم میں کیا ہو گی؟ (د) نقطہ $\OT1/zplm/m/n/1
0 (\OT1/ppl/m/n/10 3.0 m, 2.0 m, 4.0 m\OT1/zplm/m/n/10 )$ \TU/JameelNooriNastal
eeq(0)/b/n/10 کے لحاظ[]
 []

[158]
Underfull \hbox (badness 10000) in paragraph at lines 1341--1343
[]\TU/JameelNooriNastaleeq(0)/b/n/10 سوال  ۱۱.۲۶:  شکل 11.40 میں دکھائے لمحے پر
 ذرہ $\OML/zplm/m/it/10 P$\TU/JameelNooriNastaleeq(0)/b/n/10 ، جس کی کمیت $\OT1
/ppl/m/n/10 2.0 []$ \TU/JameelNooriNastaleeq(0)/b/n/10 ہے، کا تعین گر سمتیہ $[]
$ ہے جس کی قدر $\OT1/ppl/m/n/10 3.0 m$ \TU/JameelNooriNastaleeq(0)/b/n/10 اور ز
اویہ[]
 []


Underfull \hbox (badness 1158) in paragraph at lines 1341--1343
[]$\OML/zplm/m/it/10 ^^R[] \OT1/zplm/m/n/10 = \OT1/ppl/m/n/10 45[]$ \TU/JameelN
ooriNastaleeq(0)/b/n/10 ہے، اور سمتی رفتار $[]$ ہے جس کی قدر $\OT1/ppl/m/n/10 4
.0 m$ \TU/JameelNooriNastaleeq(0)/b/n/10 اور زاویہ $\OML/zplm/m/it/10 ^^R[] \OT
1/zplm/m/n/10 = \OT1/ppl/m/n/10 30[]$ \TU/JameelNooriNastaleeq(0)/b/n/10 ہے۔ قو
ت $[]$ جس کی قدر $\OT1/ppl/m/n/10 2.0 N$ \TU/JameelNooriNastaleeq(0)/b/n/10 اور
 زاویہ[]
 []


Underfull \hbox (badness 1297) in paragraph at lines 1343--1355
[]$\OT1/ppl/m/n/10 5.0[]\OT1/zplm/m/n/10 ) \OT1/ppl/m/n/10 m s[]$ \TU/JameelNoo
riNastaleeq(0)/b/n/10 ہے، پر قوت $[] \OT1/zplm/m/n/10 = \OT1/ppl/m/n/10 4.0[] N
$ \TU/JameelNooriNastaleeq(0)/b/n/10 لمحاتی عمل کرتی ہے۔ مبدا کے لحاظ سے اور اک
ائی سمتیہ ترقیم میں (ا) جسم کا زاوی معیار حرکت اور[]
 []


Underfull \hbox (badness 10000) in paragraph at lines 1355--1364
[] \TU/JameelNooriNastaleeq(0)/b/n/10 سوال  ۱۱.۲۸:  نقطہ $\OT1/zplm/m/n/10 (\OM
L/zplm/m/it/10 x\OT1/ppl/m/n/10 , \OML/zplm/m/it/10 y\OT1/zplm/m/n/10 )$ \TU/Ja
meelNooriNastaleeq(0)/b/n/10 سے، جس کے محدد $\OT1/zplm/m/n/10 (\OT1/ppl/m/n/10 
3.0, \OMS/zplm/m/n/10 ^^@\OT1/ppl/m/n/10 4.0\OT1/zplm/m/n/10 ) \OT1/ppl/m/n/10 
m$ \TU/JameelNooriNastaleeq(0)/b/n/10 ہیں، کمیت $\OT1/ppl/m/n/10 2.0 []$ \TU/Ja
meelNooriNastaleeq(0)/b/n/10 کا ذرہ نما جسم مستوی میں سمتی رفتار سے حرکت[]
 []


Underfull \hbox (badness 1297) in paragraph at lines 1368--1379
[]\TU/JameelNooriNastaleeq(0)/b/n/10 اس کی سمتی رفتار $[] \OT1/zplm/m/n/10 = \O
MS/zplm/m/n/10 ^^@\OT1/zplm/m/n/10 (\OT1/ppl/m/n/10 6.00 m s[]\OT1/zplm/m/n/10 
)[] + (\OT1/ppl/m/n/10 3.00 m s[]\OT1/zplm/m/n/10 )[] + (\OT1/ppl/m/n/10 3.00 m
 s[]\OT1/zplm/m/n/10 )[]$ \TU/JameelNooriNastaleeq(0)/b/n/10 ہے اور اس پر قوت $
[] \OT1/zplm/m/n/10 =$[]
 []


Underfull \hbox (badness 3364) in paragraph at lines 1368--1379
[]$\OT1/zplm/m/n/10 (\OT1/ppl/m/n/10 6.00 N\OT1/zplm/m/n/10 )[] \OMS/zplm/m/n/1
0 ^^@ \OT1/zplm/m/n/10 (\OT1/ppl/m/n/10 8.00 N\OT1/zplm/m/n/10 )[] + (\OT1/ppl/
m/n/10 4.00 N\OT1/zplm/m/n/10 )[]$ \TU/JameelNooriNastaleeq(0)/b/n/10 عمل کرتی 
ہے۔ (ا) جسم کا اسراع، (ب) مبدا کے لحاظ سے جسم کا زاوی معیار حرکت، (ج)[]
 []


Underfull \hbox (badness 10000) in paragraph at lines 1379--1383
[] \TU/JameelNooriNastaleeq(0)/b/n/10 سوال  ۱۱.۳۱:  ایک گیند جس کی کمیت $\OT1/p
pl/m/n/10 0.400 []$ \TU/JameelNooriNastaleeq(0)/b/n/10 ہے $\OT1/ppl/m/n/10 40.0
 m s[]$ \TU/JameelNooriNastaleeq(0)/b/n/10 ابتدائی رفتار سے سیدھا اوپر وار پھین
کا جاتا ہے (شکل 11.42)۔ نقطہ رہائی[]
 []


Underfull \hbox (badness 10000) in paragraph at lines 1379--1383
[]\TU/JameelNooriNastaleeq(0)/b/n/10 سے $\OT1/ppl/m/n/10 2.00 m$ \TU/JameelNoor
iNastaleeq(0)/b/n/10 افقی فاصلے پر واقع نقطہ $\OML/zplm/m/it/10 P$ \TU/JameelNo
oriNastaleeq(0)/b/n/10 کے لحاظ سے ، جب گیند (ا) بلند ترین نقطے پر ہو اور جب (ب)
 واپس گرتے ہوئے نصف بلندی پر ہو، گیند کا زاوی[]
 []


Underfull \hbox (badness 10000) in paragraph at lines 1379--1383
[]\TU/JameelNooriNastaleeq(0)/b/n/10 معیار حرکت کیا ہو گا؟ گیند پر تجاذبی قوت ک
ی قوت مروڑ $\OML/zplm/m/it/10 P$ \TU/JameelNooriNastaleeq(0)/b/n/10 کے لحاظ سے 
اس وقت کیا ہو گی جب گیند (ج) بلند ترین نقطے پر ہو اور جب گیند (د) واپس گرتے[]
 []


Underfull \hbox (badness 10000) in paragraph at lines 1389--1391
[]\TU/JameelNooriNastaleeq(0)/b/n/10 سوال  ۱۱.۳۲:  مبدا کے لحاظ سے ذرے پر دو قو
ت عمل کرتی ہیں: $[]$ کی قدر $\OT1/ppl/m/n/10 2.0 N m$ \TU/JameelNooriNastaleeq(
0)/b/n/10 اور اس کا رخ محور $\OML/zplm/m/it/10 x$ \TU/JameelNooriNastaleeq(0)/b
/n/10 کے مثبت رخ ہے، اور $[]$ جس کی[]
 []


Underfull \hbox (badness 10000) in paragraph at lines 1389--1391
[]\TU/JameelNooriNastaleeq(0)/b/n/10 قدر $\OT1/ppl/m/n/10 4.0 N m$ \TU/JameelNo
oriNastaleeq(0)/b/n/10 اور رخ محور $\OML/zplm/m/it/10 y$ \TU/JameelNooriNastale
eq(0)/b/n/10 کے منفی رخ ہے۔ اکائی سمتیہ ترقیم میں $[] [] \OT1/zplm/m/n/10 /  []
 \OML/zplm/m/it/10 t$ \TU/JameelNooriNastaleeq(0)/b/n/10 تلاش کریں، جہاں مبدا ک
ے لحاظ سے ذرے کا زاوی معیار حرکت $[]$[]
 []


Underfull \hbox (badness 10000) in paragraph at lines 1397--1406
[] \TU/JameelNooriNastaleeq(0)/b/n/10 سوال  ۱۱.۳۴:  محور $\OML/zplm/m/it/10 z$ 
\TU/JameelNooriNastaleeq(0)/b/n/10 کے مثبت جانب سے دیکھتے ہوئے ذرہ مستوی $\OML/
zplm/m/it/10 xy$ \TU/JameelNooriNastaleeq(0)/b/n/10 میں مبدا کے گرد گھڑی وار حر
کت کرتا ہے۔ اگر مبدا کے لحاظ سے ذرے[]
 []


Underfull \hbox (badness 10000) in paragraph at lines 1397--1406
[]\TU/JameelNooriNastaleeq(0)/b/n/10 کے زاوی معیار حرکت کی قدر (ا) $\OT1/ppl/m/
n/10 4.0 [] m[] s[]$\TU/JameelNooriNastaleeq(0)/b/n/10 ، (ب) $\OT1/ppl/m/n/10 4
.0\OML/zplm/m/it/10 t[] [] \OT1/ppl/m/n/10 m[] s[]$\TU/JameelNooriNastaleeq(0)/
b/n/10 ، (ج) $\OT1/ppl/m/n/10 4.0[] [] m[] s[]$\TU/JameelNooriNastaleeq(0)/b/n/
10 ، اور (د)[]
 []

[159]
Underfull \hbox (badness 10000) in paragraph at lines 1406--1413
[]\TU/JameelNooriNastaleeq(0)/b/n/10 مقام دیتا ہے (جہاں $[]$ میٹر میں اور $\OML
/zplm/m/it/10 t$ \TU/JameelNooriNastaleeq(0)/b/n/10 سیکنڈ میں ہے)۔ (ا) مبدا کے 
لحاظ سے ذرے پر عمل پیرا قوت مروڑ کا ریاضی فقرہ تلاش کریں۔ (ب) کیا مبدا کے لحاظ[
]
 []


Underfull \hbox (badness 10000) in paragraph at lines 1419--1421
[]\TU/JameelNooriNastaleeq(0)/b/n/10 سوال  ۱۱.۳۶:  تین گھومتے قرص کو دو پٹے ملا
تے ہیں ( شکل 11.43 )۔ ایک پٹہ قرص $\OML/zplm/m/it/10 A$ \TU/JameelNooriNastalee
q(0)/b/n/10 اور $\OML/zplm/m/it/10 C$ \TU/JameelNooriNastaleeq(0)/b/n/10 کے چکا
 پر لپٹا ہے۔ دوسرا پٹہ قرص $\OML/zplm/m/it/10 A$ \TU/JameelNooriNastaleeq(0)/b/
n/10 کے[]
 []


Underfull \hbox (badness 10000) in paragraph at lines 1419--1421
[]\TU/JameelNooriNastaleeq(0)/b/n/10 وسطی نابھ اور قرص $\OML/zplm/m/it/10 B$ \T
U/JameelNooriNastaleeq(0)/b/n/10 کے چکا پر لپٹا ہے۔ پٹے ہمواری سے بغیر پھسلے چک
ا اور نابھ پر حرکت کرتے ہیں۔ قرص $\OML/zplm/m/it/10 A$ \TU/JameelNooriNastaleeq
(0)/b/n/10 کا رداس $\OML/zplm/m/it/10 R$\TU/JameelNooriNastaleeq(0)/b/n/10 ؛ اس
 کے نابھ کا رداس[]
 []


Underfull \hbox (badness 10000) in paragraph at lines 1419--1421
[]$\OT1/ppl/m/n/10 0.500\OML/zplm/m/it/10 R$\TU/JameelNooriNastaleeq(0)/b/n/10 
؛ قرص $\OML/zplm/m/it/10 B$ \TU/JameelNooriNastaleeq(0)/b/n/10 کا رداس $\OT1/pp
l/m/n/10 0.2500\OML/zplm/m/it/10 R$\TU/JameelNooriNastaleeq(0)/b/n/10 ؛ اور قرص
 $\OML/zplm/m/it/10 C$ \TU/JameelNooriNastaleeq(0)/b/n/10 کا رداس $\OT1/ppl/m/n
/10 2.000\OML/zplm/m/it/10 R$ \TU/JameelNooriNastaleeq(0)/b/n/10 ہے۔ قرص $\OML/
zplm/m/it/10 B$ \TU/JameelNooriNastaleeq(0)/b/n/10 اور $\OML/zplm/m/it/10 C$ \T
U/JameelNooriNastaleeq(0)/b/n/10 کی کثافت (کمیت فی اکائی حجم) اور[]
 []


Underfull \hbox (badness 4647) in paragraph at lines 1425--1431
[] \TU/JameelNooriNastaleeq(0)/b/n/10 سوال  ۱۱.۳۸:  ریگ مال کا قرص ، جس کا گھمی
ری جمود $\OT1/ppl/m/n/10 1.2 \OMS/zplm/m/n/10 ^^B \OT1/ppl/m/n/10 10[] [] m[]$ 
\TU/JameelNooriNastaleeq(0)/b/n/10 ہے، برقی برما سے جوڑا گیا ہے جس کی موٹر قرص 
کے وسطی محور پر[]
 []


Underfull \hbox (badness 10000) in paragraph at lines 1425--1431
[]$\OT1/ppl/m/n/10 16 N m$ \TU/JameelNooriNastaleeq(0)/b/n/10 قدر کی قوت مروڑ پ
یدا کرتی ہے۔ اگر قوت مروڑ $\OT1/ppl/m/n/10 33 []$ \TU/JameelNooriNastaleeq(0)/b
/n/10 کے لئے فراہم کی جائے،اس محور پر قرص (ا) کے زاوی معیار حرکت اور (ب)[]
 []


Underfull \hbox (badness 10000) in paragraph at lines 1431--1436
[] \TU/JameelNooriNastaleeq(0)/b/n/10 سوال  ۱۱.۳۹:  وسطی محور پر اڑن پہیے کا گھ
میری جمود $\OT1/ppl/m/n/10 0.140 [] m[]$ \TU/JameelNooriNastaleeq(0)/b/n/10 ہے۔
 اس کا زاوی معیار حرکت $\OT1/ppl/m/n/10 1.5 s$ \TU/JameelNooriNastaleeq(0)/b/n/
10 میں $\OT1/ppl/m/n/10 3.00 [] m[] s[]$[]
 []


Underfull \hbox (badness 10000) in paragraph at lines 1431--1436
[]\TU/JameelNooriNastaleeq(0)/b/n/10 سے گھٹ کر $\OT1/ppl/m/n/10 0.800 [] m[] s[
]$ \TU/JameelNooriNastaleeq(0)/b/n/10 ہو جاتا ہے۔ (ا) اس دورانیے میں اڑن پہیے پ
ر ، وسطی محور کے لحاظ سے، اوسط قوت مروڑ کی قدر کیا ہے؟ (ب)[]
 []


Underfull \hbox (badness 10000) in paragraph at lines 1441--1445
[] \TU/JameelNooriNastaleeq(0)/b/n/10 سوال  ۱۱.۴۱:  دائری گھیرا اور چوکور سے اس
توار جسم بنایا گیا ہے (شکل 11.45)۔ گھیرا کا رداس $\OML/zplm/m/it/10 R$ \TU/Jame
elNooriNastaleeq(0)/b/n/10 اور کمیت $\OML/zplm/m/it/10 m$ \TU/JameelNooriNastal
eeq(0)/b/n/10 ہے۔ چوکور چار پتلی یکساں سلاخوں سے[]
 []


Underfull \hbox (badness 10000) in paragraph at lines 1441--1445
[]\TU/JameelNooriNastaleeq(0)/b/n/10 بنایا گیا ہے جہاں ایک سلاخ کی کمیت $\OML/z
plm/m/it/10 m$ \TU/JameelNooriNastaleeq(0)/b/n/10 اور لمبائی $\OML/zplm/m/it/10
 R$ \TU/JameelNooriNastaleeq(0)/b/n/10 ہے۔ انتصابی محور پر استوار جسم $\OT1/ppl
/m/n/10 2.5 s$ \TU/JameelNooriNastaleeq(0)/b/n/10 دوری عرصہ کی مستقل رفتار سے گ
ھومتا ہے۔ فرض کریں[]
 []


Underfull \hbox (badness 10000) in paragraph at lines 1445--1450
[] \TU/JameelNooriNastaleeq(0)/b/n/10 سوال  ۱۱.۴۲:  ابتدائی ساکن قرص پر ، شکل 1
1.46 میں پیش، قوت مروڑ $\OML/zplm/m/it/10 ^^\$ \TU/JameelNooriNastaleeq(0)/b/n/
10 عمل کرتی ہے۔ قرص وسطی انتصابی محور پر گھوم سکتا ہے۔ محور $\OML/zplm/m/it/10 
^^\$ \TU/JameelNooriNastaleeq(0)/b/n/10 کا پیمانہ[]
 []

LaTeX Info: Redefining \rmfamily on input line 1457.
LaTeX Info: Redefining \sffamily on input line 1457.
LaTeX Info: Redefining \ttfamily on input line 1457.
LaTeX Info: Redefining \rmfamily on input line 1457.
LaTeX Info: Redefining \sffamily on input line 1457.
LaTeX Info: Redefining \ttfamily on input line 1457.

Underfull \hbox (badness 1377) in paragraph at lines 1456--1458
[]\TU/JameelNooriNastaleeq(0)/b/n/10 سوال  ۱۱.۴۳:  دو \TU/AASameerSagarNastalee
qBold(0)/m/n/10 پھسلن باز [][] \TU/JameelNooriNastaleeq(0)/b/n/10 ، جن کی کمیتی
ں $\OT1/ppl/m/n/10 50 []$ \TU/JameelNooriNastaleeq(0)/b/n/10 ہیں، متوازی راہوں 
پر ، جن کے بیچ $\OT1/ppl/m/n/10 3.0 m$ \TU/JameelNooriNastaleeq(0)/b/n/10 فاصلہ
 ہے،ایک دوسرے کی طرف پھسل کر[]
 []


Underfull \hbox (badness 10000) in paragraph at lines 1456--1458
[]\TU/JameelNooriNastaleeq(0)/b/n/10 حرکت میں ہیں ( شکل 11.47 )۔ ان کی آپس میں 
مخالف سمتی رفتار $\OT1/ppl/m/n/10 1.4 m s[]$ \TU/JameelNooriNastaleeq(0)/b/n/10
 ہے۔ ایک پھسلن باز بلا کمیت لمبا ڈنڈا، ایک سر سے پکڑ کر ، اٹھائے ہوا[]
 []


Underfull \hbox (badness 10000) in paragraph at lines 1456--1458
[]\TU/JameelNooriNastaleeq(0)/b/n/10 برف کے بیچ رگڑ قابل نظر انداز ہے۔ (ا) حرکت
 کے دائرے کا رداس ، (ب) پھسلن باز کی زاوی رفتار، اور (ج) دو پھسلن باز نظام کی ح
رکی توانائی کیا ہے؟ اس[]
 []


Underfull \hbox (badness 10000) in paragraph at lines 1456--1458
[]\TU/JameelNooriNastaleeq(0)/b/n/10 کے بعد، پھسلن باز ڈنڈے کو کھینچ کر قریب آت
ے ہیں، حتٰی کہ ان کے بیچ فاصل $\OT1/ppl/m/n/10 1.0 m$ \TU/JameelNooriNastaleeq(
0)/b/n/10 رہ جاتا ہے۔ (د)ان کی زاوی رفتار اور (ہ) نظام کی حرکی توانائی کیا ہو[]

 []

[160]
Underfull \hbox (badness 10000) in paragraph at lines 1458--1463
[] \TU/JameelNooriNastaleeq(0)/b/n/10 سوال  ۱۱.۴۴:  ایک چوہا ، جس کی کمیت $\OT1
/ppl/m/n/10 0.17 []$ \TU/JameelNooriNastaleeq(0)/b/n/10 ہے،انتصابی محور پر نسب 
رداس $\OT1/ppl/m/n/10 15 []$ \TU/JameelNooriNastaleeq(0)/b/n/10 قرص کے چکا پر خ
لاف گھڑی حرکت میں ہے۔ قرص کا[]
 []


Underfull \hbox (badness 10000) in paragraph at lines 1458--1463
[]\TU/JameelNooriNastaleeq(0)/b/n/10 گھمیری جمود $\OT1/ppl/m/n/10 5.0 \OMS/zplm
/m/n/10 ^^B \OT1/ppl/m/n/10 10[] [] m[]$ \TU/JameelNooriNastaleeq(0)/b/n/10 ، ا
ور دھرا بلا رگڑ ہے۔زمین کے لحاظ سے چوہے کی رفتار $\OT1/ppl/m/n/10 2.0 m s[]$ \T
U/JameelNooriNastaleeq(0)/b/n/10 ہے، اور قرص کی گھڑی وار زاوی[]
 []


Underfull \hbox (badness 10000) in paragraph at lines 1463--1467
[] \TU/JameelNooriNastaleeq(0)/b/n/10 سوال  ۱۱.۴۵:  ایک شخص چبوترا پر کھڑا ہے۔ 
چبوترا (بلا رگڑ) $\OT1/ppl/m/n/10 1.2$ \TU/JameelNooriNastaleeq(0)/b/n/10 چکر ف
ی منٹ کی زاوی رفتار سے گھوم رہا ہے۔ شخص کے ہاتھ باہر کو پھیلے ہوئے ہیں اور[]
 []


Underfull \hbox (badness 10000) in paragraph at lines 1463--1467
[]\TU/JameelNooriNastaleeq(0)/b/n/10 اس کے دونوں ہاتھوں میں ایک ایک اینٹ ہے۔ وس
طی انتصابی محور پر شخص، اینٹیں، اور چبوترا پر مشتمل نظام کا گھمیری جمود $\OT1/p
pl/m/n/10 6.0 [] m[]$ \TU/JameelNooriNastaleeq(0)/b/n/10 ہے۔دونوں ہاتھ[]
 []


Underfull \hbox (badness 10000) in paragraph at lines 1463--1467
[]\TU/JameelNooriNastaleeq(0)/b/n/10 قریب کر نے سے نظام کا گھمیری جمود گھٹ کر $
\OT1/ppl/m/n/10 2.0 [] m[]$ \TU/JameelNooriNastaleeq(0)/b/n/10 ہو جا تا ہے۔ (ا)
 چبوترے کی نئی زاوی رفتار کیا ہو گی اور (ب) نظام کی نئی حرکی توانائی اور پرانی[
]
 []


Underfull \hbox (badness 10000) in paragraph at lines 1467--1472
[] \TU/JameelNooriNastaleeq(0)/b/n/10 سوال  ۱۱.۴۶:  انہدام پذیر چکر دار ستارے ک
ے گھمیری جمود کی قیمت ابتدائی قیمت کی $[]$ ہے۔ نئی گھمیری حرکی توانائی اور ابتد
ائی گھمیری حرکی توانائی کی[]
 []


Underfull \hbox (badness 10000) in paragraph at lines 1472--1477
[] \TU/JameelNooriNastaleeq(0)/b/n/10 سوال  ۱۱.۴۷:  ایک بڑے پہیے پر ، جو انتصاب
ی محور کے گرد بلا رگڑ گھوم سکتا ہے، پٹری نسب ہے (شکل 11.48)۔ ساکن پٹری پر کمیت 
$\OML/zplm/m/it/10 m$ \TU/JameelNooriNastaleeq(0)/b/n/10 کی کھلونا ریل[]
 []


Underfull \hbox (badness 10000) in paragraph at lines 1472--1477
[]\TU/JameelNooriNastaleeq(0)/b/n/10 گاڑی رکھ کر ریل گاڑی کو برقی طاقت فراہم کی
 جاتی ہے۔ پٹری کے لحاظ سے ریل گاڑی $\OT1/ppl/m/n/10 0.15 m s[]$ \TU/JameelNoori
Nastaleeq(0)/b/n/10 رفتار کو پہنچتی ہے۔ اگر پہیے کی کمیت $\OT1/ppl/m/n/10 1.1\O
ML/zplm/m/it/10 m$ \TU/JameelNooriNastaleeq(0)/b/n/10 اور[]
 []


Underfull \hbox (badness 10000) in paragraph at lines 1477--1481
[] \TU/JameelNooriNastaleeq(0)/b/n/10 سوال  ۱۱.۴۸:  ایک چوہا رداس $\OML/zplm/m/
it/10 R$ \TU/JameelNooriNastaleeq(0)/b/n/10 دائری قرص کے مرکز سے چکا کی طرف چلت
ا ہے۔ قرص انتصابی محور پر، بیرونی قوت مروڑ کی عدم موجودگی میں ، گھوم رہا[]
 []


Underfull \hbox (badness 10000) in paragraph at lines 1481--1486
[] \TU/JameelNooriNastaleeq(0)/b/n/10 سوال  ۱۱.۴۹:  دو قرص کم رگڑی انتصابی دھرے
 پر یوں نصب کیے گئے ہیں کہ انہیں مزدوج کر کے ایک جسم کی طرح گھمایا جا سکے۔ پہلے
 قرص کا گھمیری جمود[]
 []


Underfull \hbox (badness 10000) in paragraph at lines 1481--1486
[]\TU/JameelNooriNastaleeq(0)/b/n/10 ، محور گھماو پر، $\OT1/ppl/m/n/10 3.30 [] 
m[]$ \TU/JameelNooriNastaleeq(0)/b/n/10 ہے اور یہ خلاف گھڑی $\OT1/ppl/m/n/10 45
0$ \TU/JameelNooriNastaleeq(0)/b/n/10 چکر فی منٹ گھوم رہا ہے۔ دوسرا قرص، جس کا 
محور گھماو پر گھمیری جمود $\OT1/ppl/m/n/10 6.60 [] m[]$[]
 []


Underfull \hbox (badness 10000) in paragraph at lines 1481--1486
[]\TU/JameelNooriNastaleeq(0)/b/n/10 ہے، خلاف گھڑی $\OT1/ppl/m/n/10 900$ \TU/Ja
meelNooriNastaleeq(0)/b/n/10 چکر فی منٹ سے گھوم رہا ہے۔ انہیں مزدوج کیا جاتا ہے
۔ (ا) ان کا زاوی رفتار اب کیا ہو گا؟ اس کے برعکس اگر ابتدائی طور پر دوسرا[]
 []

[161]
Underfull \hbox (badness 10000) in paragraph at lines 1495--1500
[] \TU/JameelNooriNastaleeq(0)/b/n/10 سوال  ۱۱.۵۲:  ایک بھونرا جس کی کمیت $\OML
/zplm/m/it/10 m$ \TU/JameelNooriNastaleeq(0)/b/n/10 ہے ایک قرص کے چکا پر بیٹھا 
ہے۔قرص کی کمیت $\OT1/ppl/m/n/10 4.00\OML/zplm/m/it/10 m$ \TU/JameelNooriNastale
eq(0)/b/n/10 ہے اور یہ انتصابی محور پر آزادانہ گھوم سکتا ہے۔[]
 []


Underfull \hbox (badness 10000) in paragraph at lines 1495--1500
[]\TU/JameelNooriNastaleeq(0)/b/n/10 قرص اور بھونرا کی ابتدائی زاوی سمتی رفتار 
$\OT1/ppl/m/n/10 0.260 [] s[]$ \TU/JameelNooriNastaleeq(0)/b/n/10 ہے۔اس کے بعد 
بھونرا نصف رداسی فاصلہ طے کر کے دھرے کے قریب آتا ہے۔ (ا)[]
 []


Underfull \hbox (badness 10000) in paragraph at lines 1495--1500
[]\TU/JameelNooriNastaleeq(0)/b/n/10 بھونرا و قرص نظام کا زاوی سمتی رفتار کیا ہ
و گا؟ (ب) نظام کی نئی حرکی توانائی $\OML/zplm/m/it/10 K$ \TU/JameelNooriNastale
eq(0)/b/n/10 اور ابتدائی حرکی توانائی $\OML/zplm/m/it/10 K[]$ \TU/JameelNooriNa
staleeq(0)/b/n/10 کی نسبت $\OML/zplm/m/it/10 K \OT1/zplm/m/n/10 / \OML/zplm/m/i
t/10 K[]$ \TU/JameelNooriNastaleeq(0)/b/n/10 کیا ہو گی؟ (ج) حرکی توانائی[]
 []


Underfull \hbox (badness 10000) in paragraph at lines 1500--1505
[] \TU/JameelNooriNastaleeq(0)/b/n/10 سوال  ۱۱.۵۳:  ایک یکساں پتلی سلاخ وسطی نق
طہ $\OML/zplm/m/it/10 O$ \TU/JameelNooriNastaleeq(0)/b/n/10 پر واقع انتصابی محو
ر کے گرد گھوم سکتی ہے۔ سلاخ کی لمبائی $\OT1/ppl/m/n/10 0.500 m$ \TU/JameelNoori
Nastaleeq(0)/b/n/10 اور کمیت[]
 []


Underfull \hbox (badness 10000) in paragraph at lines 1500--1505
[]$\OT1/ppl/m/n/10 4.00 []$ \TU/JameelNooriNastaleeq(0)/b/n/10 ہے (شکل 11.50)۔ 
ساکن سلاخ کے ایک سر پر $\OT1/ppl/m/n/10 3.00 g$ \TU/JameelNooriNastaleeq(0)/b/n
/10 گولی افقی چلائی جاتی ہے۔ فضائی جائزہ میں سلاخ کے ساتھ گولی کی راہ کا[]
 []


Underfull \hbox (badness 10000) in paragraph at lines 1505--1511
[] \TU/JameelNooriNastaleeq(0)/b/n/10 سوال  ۱۱.۵۴:  ایک چھلا جو اپنے وسطی نقطہ 
کے گرد انتصابی محور پر گھوم سکتا ہے شکل 11.51 میں دکھایا گیا ہے۔ اس کا بیرونی ر
داس $\OML/zplm/m/it/10 R[] \OT1/zplm/m/n/10 =$[]
 []


Underfull \hbox (badness 4673) in paragraph at lines 1505--1511
[]\TU/JameelNooriNastaleeq(0)/b/n/10 ساتھ جھکڑنے والی تیلیوں کی کمیت قابل نظر ا
نداز ہے۔ گھیر کے بیرونی کنارے، رداس $\OML/zplm/m/it/10 R[]$ \TU/JameelNooriNast
aleeq(0)/b/n/10 پر کمیت $\OML/zplm/m/it/10 m \OT1/zplm/m/n/10 = \OML/zplm/m/it/
10 M \OT1/zplm/m/n/10 / \OT1/ppl/m/n/10 4.00$ \TU/JameelNooriNastaleeq(0)/b/n/1
0 کی بلی بیٹھی ہے اور گھیر[]
 []


Underfull \hbox (badness 10000) in paragraph at lines 1511--1516
[] \TU/JameelNooriNastaleeq(0)/b/n/10 سوال  ۱۱.۵۵:  گراموفون کی تھالی ، جس کی ک
میت $\OT1/ppl/m/n/10 0.10 []$ \TU/JameelNooriNastaleeq(0)/b/n/10 اور رداس $\OT1
/ppl/m/n/10 0.10 m$ \TU/JameelNooriNastaleeq(0)/b/n/10 ہے،وسطی انتصابی محور پر 
$\OT1/ppl/m/n/10 4.7 [] s[]$ \TU/JameelNooriNastaleeq(0)/b/n/10 زاوی رفتار سے[]

 []


Underfull \hbox (badness 10000) in paragraph at lines 1516--1523
[] \TU/JameelNooriNastaleeq(0)/b/n/10 سوال  ۱۱.۵۶:  لمبی چھلانگ میں زمین سے اچھ
لتے وقت کھلاڑی کو زاوی معیار حرکت منتقل ہوتا ہے جو کھلاڑی کو آگے کی طرف گھما کر
 طے شدہ فاصلہ کم بناتا[]
 []


Underfull \hbox (badness 10000) in paragraph at lines 1516--1523
[]\TU/JameelNooriNastaleeq(0)/b/n/10 ہے۔ اس اثر کو کم کرنے کی غرض سے کھلاڑی باز
و سیدھے کر کے شکل 11.18 کی طرز پر گھما کر یہ زاوی معیار حرکت بازووں کو منتقل کر
نے کی کوشش کرتا[]
 []


Underfull \hbox (badness 10000) in paragraph at lines 1516--1523
[]\TU/JameelNooriNastaleeq(0)/b/n/10 ہے۔ ایک بازو $\OT1/ppl/m/n/10 0.700 s$ \TU
/JameelNooriNastaleeq(0)/b/n/10 میں $\OT1/ppl/m/n/10 0.500$ \TU/JameelNooriNast
aleeq(0)/b/n/10 چکر اور دوسرا $\OT1/ppl/m/n/10 1$ \TU/JameelNooriNastaleeq(0)/b
/n/10 چکر مکمل کرتا ہے۔ بازو کو $\OT1/ppl/m/n/10 4.0 []$ \TU/JameelNooriNastale
eq(0)/b/n/10 کمیت کی $\OT1/ppl/m/n/10 0.60 m$ \TU/JameelNooriNastaleeq(0)/b/n/1
0 لمبی سلاخ تصور کریں، جو ایک[]
 []


Underfull \hbox (badness 10000) in paragraph at lines 1523--1527
[] \TU/JameelNooriNastaleeq(0)/b/n/10 سوال  ۱۱.۵۷:  یکساں قرص، جس کی کمیت $\OT1
/ppl/m/n/10 10\OML/zplm/m/it/10 m$ \TU/JameelNooriNastaleeq(0)/b/n/10 اور رداس 
$\OT1/ppl/m/n/10 3.0\OML/zplm/m/it/10 r$ \TU/JameelNooriNastaleeq(0)/b/n/10 ہے 
انتصابی محور کے گرد گھوم سکتا ہے۔ دوسرا چھوٹا قرص، جس کی کمیت $\OML/zplm/m/it/1
0 m$ \TU/JameelNooriNastaleeq(0)/b/n/10 اور[]
 []


Underfull \hbox (badness 10000) in paragraph at lines 1523--1527
[]\TU/JameelNooriNastaleeq(0)/b/n/10 رداس $\OML/zplm/m/it/10 r$ \TU/JameelNoori
Nastaleeq(0)/b/n/10 ہے، بڑے قرص پر ہم مرکز رکھا گیا ہے۔ابتدائی طور پر دونوں قرص
 ایک ساتھ $\OT1/ppl/m/n/10 20 [] s[]$ \TU/JameelNooriNastaleeq(0)/b/n/10 زاوی س
متی رفتار سے گھومتے ہیں۔ معمولی بیرونی[]
 []


Underfull \hbox (badness 10000) in paragraph at lines 1523--1527
[]\TU/JameelNooriNastaleeq(0)/b/n/10 لرزش کی بنا چھوٹا قرص بڑے قرص پر پھسلتا ہے
۔ آخر کار بڑے قرص کے بیرونی کنارے میں چھوٹے قرص کا بیرونی کنارہ پھنس جاتا ہے۔ ا
س کے بعد دونوں[]
 []


Underfull \hbox (badness 10000) in paragraph at lines 1527--1532
[] \TU/JameelNooriNastaleeq(0)/b/n/10 سوال  ۱۱.۵۸:  دائری قرص کی شکل کا چبوترا 
وسطی انتصابی محور پر بلا رگڑ گھومتا ہے۔ چبوترے کی کمیت $\OT1/ppl/m/n/10 150 []$
 \TU/JameelNooriNastaleeq(0)/b/n/10 ، رداس $\OT1/ppl/m/n/10 2.0 m$ \TU/JameelNo
oriNastaleeq(0)/b/n/10 ، اور محور گھماو کے[]
 []


Underfull \hbox (badness 10000) in paragraph at lines 1527--1532
[]\TU/JameelNooriNastaleeq(0)/b/n/10 گرد گھمیری جمود $\OT1/ppl/m/n/10 300 [] m[
]$ \TU/JameelNooriNastaleeq(0)/b/n/10 ہے۔ ایک طالب علم جس کی کمیت $\OT1/ppl/m/n
/10 60 []$ \TU/JameelNooriNastaleeq(0)/b/n/10 ہے چبوترے کے چکا سے دھرے کی جانب 
آہستہ آہستہ چلتا ہے۔جس[]
 []


Underfull \hbox (badness 10000) in paragraph at lines 1527--1532
[]\TU/JameelNooriNastaleeq(0)/b/n/10 وقت طالب علم چکا پر تھا، اگر اس وقت نظام ک
ی زاوی رفتار $\OT1/ppl/m/n/10 1.5 [] s[]$ \TU/JameelNooriNastaleeq(0)/b/n/10 ہو
، تب اس وقت زاوی رفتار کیا ہو گی جب طالب علم وسط سے $\OT1/ppl/m/n/10 0.50 m$[]
 []


Underfull \hbox (badness 10000) in paragraph at lines 1532--1537
[] \TU/JameelNooriNastaleeq(0)/b/n/10 سوال  ۱۱.۵۹:  ایک سلاخ، جس کی کمیت$\OML/z
plm/m/it/10 M$ \TU/JameelNooriNastaleeq(0)/b/n/10 اور رداس $\OT1/ppl/m/n/10 0.8
00 m$ \TU/JameelNooriNastaleeq(0)/b/n/10 ہے، وسطی انتصابی محور پر $\OT1/ppl/m/n
/10 20.0 [] s[]$ \TU/JameelNooriNastaleeq(0)/b/n/10 زاوی رفتار سے گھوم رہا ہے۔[
]
 []

[162]
Underfull \hbox (badness 10000) in paragraph at lines 1537--1542
[] \TU/JameelNooriNastaleeq(0)/b/n/10 سوال  ۱۱.۶۰:  ایک غیر یکساں سلاخ ، جس کی 
کمیت $\OT1/ppl/m/n/10 0.50 []$ \TU/JameelNooriNastaleeq(0)/b/n/10 اور لمبائی $\
OT1/ppl/m/n/10 0.60 m$ \TU/JameelNooriNastaleeq(0)/b/n/10 ہے ، ایک سر سے لٹکایا
 گیا ہے۔ اس کے دوسرے سر کے ساتھ[]
 []


Underfull \hbox (badness 10000) in paragraph at lines 1537--1542
[]$\OT1/ppl/m/n/10 0.50 []$ \TU/JameelNooriNastaleeq(0)/b/n/10 سل باندھی گئی ہے
 (شکل 11.53)۔ سل پر $\OT1/ppl/m/n/10 1.0 g$ \TU/JameelNooriNastaleeq(0)/b/n/10 
گولی چلائی جاتی ہے۔ سل و سلاخ و گولی نظام محور $\OML/zplm/m/it/10 A$ \TU/Jameel
NooriNastaleeq(0)/b/n/10 کے گرد گھومتا ہے۔ محور $\OML/zplm/m/it/10 A$[]
 []


Underfull \hbox (badness 10000) in paragraph at lines 1537--1542
[]\TU/JameelNooriNastaleeq(0)/b/n/10 پر سلاخ کا گھمیری جمود $\OT1/ppl/m/n/10 0.
060 [] m[]$ \TU/JameelNooriNastaleeq(0)/b/n/10 ہے۔ سل کو ایک ذرہ تصور کریں جو ع
ین سل کے سر پر واقع ہے۔ (ا) محور $\OML/zplm/m/it/10 A$ \TU/JameelNooriNastaleeq
(0)/b/n/10 پر نظام کا گھمیری جمود کیا ہے؟[]
 []


Underfull \hbox (badness 10000) in paragraph at lines 1542--1546
[] \TU/JameelNooriNastaleeq(0)/b/n/10 سوال  ۱۱.۶۱:  یکساں سلاخ (کمیت $\OT1/ppl/
m/n/10 1.0 []$\TU/JameelNooriNastaleeq(0)/b/n/10 ، لمبائی $\OT1/ppl/m/n/10 0.60
 m$\TU/JameelNooriNastaleeq(0)/b/n/10 ) شکل 11.54 کے مستوی میں $\OT1/ppl/m/n/10
 0.12 [] m[]$ \TU/JameelNooriNastaleeq(0)/b/n/10 گھمیری جمود کے ساتھ ، ایک[]
 []


Underfull \hbox (badness 10000) in paragraph at lines 1542--1546
[]\TU/JameelNooriNastaleeq(0)/b/n/10 سر سے گزرتی محور پر گھومتا ہے۔ نشیبی نقطہ 
سے گزرتے ہوئے سلاخ $\OT1/ppl/m/n/10 0.20 []$ \TU/JameelNooriNastaleeq(0)/b/n/10
 لبدی سے ٹکراتی ہے، جو سلاخ کے سر سے چپک جاتی ہے۔ اگر عین تصادم[]
 []


Underfull \hbox (badness 10000) in paragraph at lines 1551--1556
[] \TU/JameelNooriNastaleeq(0)/b/n/10 سوال  ۱۱.۶۳:  انتصابی محور پر گھومنے کے ق
ابل ساکن جھولا ، جس کا رداس $\OT1/ppl/m/n/10 2.0 m$ \TU/JameelNooriNastaleeq(0)
/b/n/10 ہے، کے چکا پر $\OT1/ppl/m/n/10 30 []$ \TU/JameelNooriNastaleeq(0)/b/n/1
0 کمیت کا بچہ کھڑا ہے۔ محور گھماو پر جھولے کا[]
 []


Underfull \hbox (badness 6252) in paragraph at lines 1556--1562
[]\TU/JameelNooriNastaleeq(0)/b/n/10 ہے (شکل 11.19a)۔ وہ جسم کے لحاظ سے دونوں ٹ
انگوں کا زاویہ $\OML/zplm/m/it/10 ^^R \OT1/zplm/m/n/10 = \OT1/ppl/m/n/10 30.0[]
$ \TU/JameelNooriNastaleeq(0)/b/n/10 کرتا ہے جس سے اس کی زاوی رفتار $\OML/zplm/
m/it/10 ![]$ \TU/JameelNooriNastaleeq(0)/b/n/10 ہو جاتی ہے (شکل[]
 []


Underfull \hbox (badness 10000) in paragraph at lines 1562--1566
[] \TU/JameelNooriNastaleeq(0)/b/n/10 سوال  ۱۱.۶۵:  ایک پتلی سلاخ ، جس کی کمیت 
قابل نظر انداز ہے اور جس کی لمبائی $\OT1/ppl/m/n/10 50 []$ \TU/JameelNooriNasta
leeq(0)/b/n/10 ہے، کے دونوں سر پر $\OT1/ppl/m/n/10 2.0 []$ \TU/JameelNooriNasta
leeq(0)/b/n/10 کمیت کا گیند باندھا گیا[]
 []


Underfull \hbox (badness 10000) in paragraph at lines 1562--1566
[]\TU/JameelNooriNastaleeq(0)/b/n/10 ہے۔ سلاخ بلا رگڑ وسطی نقطہ پر واقع افقی مح
ور کے گرد گھوم سکتی ہے۔ افقی سلاخ کے سر پر بندھے گیند پر $\OT1/ppl/m/n/10 50.0 
g$ \TU/JameelNooriNastaleeq(0)/b/n/10 کمیت کی لبدی $\OT1/ppl/m/n/10 3.00 m s[]$
 \TU/JameelNooriNastaleeq(0)/b/n/10 رفتار[]
 []


Underfull \hbox (badness 10000) in paragraph at lines 1562--1566
[]\TU/JameelNooriNastaleeq(0)/b/n/10 سے گر کر گیند سے چپک جاتی ہے (شکل 11.57)۔ 
(ا) عین اس لمحے کے بعد جب لبدی گیند پر گرتی ہے، نظام کی زاوی رفتار کیا ہو گی؟ (
ب) تصادم کے بعد[]
 []


Underfull \hbox (badness 10000) in paragraph at lines 1571--1575
[] \TU/JameelNooriNastaleeq(0)/b/n/10 سوال  ۱۱.۶۷:  پتلی یکساں سلاخ، جس کی کمیت
 $\OML/zplm/m/it/10 M$ \TU/JameelNooriNastaleeq(0)/b/n/10 اور لمبائی $\OT1/ppl/
m/n/10 0.600 m$ \TU/JameelNooriNastaleeq(0)/b/n/10 ہے، وسطی نقطہ $\OML/zplm/m/i
t/10 O$ \TU/JameelNooriNastaleeq(0)/b/n/10 پر واقع انتصابی محور کے گرد $\OT1/pp
l/m/n/10 80.0 [] s[]$[]
 []


Underfull \hbox (badness 10000) in paragraph at lines 1571--1575
[]\TU/JameelNooriNastaleeq(0)/b/n/10 زاوی رفتار سے خلاف گھڑی گھوم رہی ہے۔ شکل 1
1.59 میں اس کا فضائی جائزہ پیش کیا گیا ہے۔ ایک ذرہ، جس کی کمیت $\OML/zplm/m/it/
10 M \OT1/zplm/m/n/10 / \OT1/ppl/m/n/10 3.00$ \TU/JameelNooriNastaleeq(0)/b/n/1
0 اور جو[]
 []


Underfull \hbox (badness 10000) in paragraph at lines 1571--1575
[]$\OT1/ppl/m/n/10 40.0 m s[]$ \TU/JameelNooriNastaleeq(0)/b/n/10 افقی خطی رفتا
ر سے حرکت میں ہے، سلاخ سے ٹکرا کر اس کے ساتھ چپک جاتا ہے۔ تصادم کے لمحے پر ذرے 
کی راہ اور سلاخ آپس[]
 []


Underfull \hbox (badness 2401) in paragraph at lines 1571--1575
[]\TU/JameelNooriNastaleeq(0)/b/n/10 میں عمود دار ہیں، اور تصادم کے مقام کا فاص
لہ سلاخ کے وسط سے $\OML/zplm/m/it/10 d$ \TU/JameelNooriNastaleeq(0)/b/n/10 ہے۔ 
(ا) تصادم کے بعد سلاخ اور ذرہ ساکن ہونے کی صورت میں $\OML/zplm/m/it/10 d$ \TU/J
ameelNooriNastaleeq(0)/b/n/10 کیا ہو گا؟ (ب) اگر[]
 []

[163]
Underfull \hbox (badness 10000) in paragraph at lines 1583--1589
[] \TU/JameelNooriNastaleeq(0)/b/n/10 سوال  ۱۱.۶۹:  یکساں قرص ، جس کا رداس $\OT
1/ppl/m/n/10 50 []$ \TU/JameelNooriNastaleeq(0)/b/n/10 ہے، کے وسط پر بلا کمیت د
ھرا نسب کر کے مسکن چرخی بنائی گئی ہے۔ دھرے کی لمبائی $\OT1/ppl/m/n/10 11 []$[]
 []


Underfull \hbox (badness 10000) in paragraph at lines 1594--1596
[]\TU/JameelNooriNastaleeq(0)/b/n/10 سوال  ۱۱.۷۰:  یکساں ٹھوس گیند سطح پر ہموار
 لڑھک کر $\OT1/ppl/m/n/10 15[]$ \TU/JameelNooriNastaleeq(0)/b/n/10 زاویے کے میل
ان پر چڑھتا ہے۔میلان پر $\OT1/ppl/m/n/10 1.50 m$ \TU/JameelNooriNastaleeq(0)/b/
n/10 لڑھکنے کے بعد گیند لمحاتی رکتا ہے۔[]
 []


Underfull \hbox (badness 10000) in paragraph at lines 1596--1600
[] \TU/JameelNooriNastaleeq(0)/b/n/10 سوال  ۱۱.۷۱:  یکساں ٹھوس بیلن کے گرد ڈور 
لپیٹ کر $\OT1/ppl/m/n/10 12 N$ \TU/JameelNooriNastaleeq(0)/b/n/10 کی قدر کی مست
قل افقی قوت $[]$ سے کھینچی جاتی ہے (شکل 11.60)۔ بیلن کی کمیت[]
 []


Underfull \hbox (badness 10000) in paragraph at lines 1596--1600
[]$\OT1/ppl/m/n/10 10.0 []$ \TU/JameelNooriNastaleeq(0)/b/n/10 اور رداس $\OT1/p
pl/m/n/10 0.10 m$ \TU/JameelNooriNastaleeq(0)/b/n/10 ہے، اور یہ افقی سطح پر ہمو
ار لڑھکتا ہے۔ (ا) بیلن کے مرکز کمیت کے زاوی اسراع کی قدر کیا ہے؟ (ب) مرکز کمیت 
پر[]
 []


Underfull \hbox (badness 10000) in paragraph at lines 1600--1605
[] \TU/JameelNooriNastaleeq(0)/b/n/10 سوال  ۱۱.۷۲:  باریک چادر سے بنایا گیا پائ
پ فرش پر لڑھکتا ہے۔ لمبائی کے ہمراہ وسطی محور پر اس کی مستقیم حرکی توانائی اور 
گھمیری حرکی توانائی کی نسبت[]
 []

LaTeX Info: Redefining \rmfamily on input line 1618.
LaTeX Info: Redefining \sffamily on input line 1618.
LaTeX Info: Redefining \ttfamily on input line 1618.
LaTeX Info: Redefining \rmfamily on input line 1618.
LaTeX Info: Redefining \sffamily on input line 1618.
LaTeX Info: Redefining \ttfamily on input line 1618.

Underfull \hbox (badness 10000) in paragraph at lines 1615--1619
[] \TU/JameelNooriNastaleeq(0)/b/n/10 سوال  ۱۱.۷۵:  کھیل کے میدان میں ایک چھوٹا
 جھولا ہے جو انتصابی محور پر گھومتا ہے۔ جھولے کا رداس $\OT1/ppl/m/n/10 1.20 m$ 
\TU/JameelNooriNastaleeq(0)/b/n/10 اور کمیت $\OT1/ppl/m/n/10 180 []$ \TU/Jameel
NooriNastaleeq(0)/b/n/10 ہے۔ اس[]
 []


Underfull \hbox (badness 10000) in paragraph at lines 1615--1619
[]\TU/JameelNooriNastaleeq(0)/b/n/10 کا رداس دوار (باب [][]۱۰[][] []میں سوال []
[]۱۰.۷۹[][] []دیکھیں) $\OT1/ppl/m/n/10 91.0 []$ \TU/JameelNooriNastaleeq(0)/b/n
/10 ہے۔ ایک بچہ جس کی کمیت $\OT1/ppl/m/n/10 44.0 []$ \TU/JameelNooriNastaleeq(0
)/b/n/10 ہے، ساکن جھولے کے چکا کو عمود دار راہ پر[]
 []


Underfull \hbox (badness 10000) in paragraph at lines 1615--1619
[]$\OT1/ppl/m/n/10 3.00 m s[]$ \TU/JameelNooriNastaleeq(0)/b/n/10 رفتار سے دوڑ 
کر جھولے پر چھلانگ لگا کر چڑھتا ہے۔ جھولے کے دھرے کی رگڑ نظر انداز کریں۔ (ا) دھ
رے پر جھولے کا گھمیری جمود کیا[]
 []


Underfull \hbox (badness 10000) in paragraph at lines 1615--1619
[]\TU/JameelNooriNastaleeq(0)/b/n/10 ہے، (ب) دھرے کے لحاظ سے دوڑتے ہوئے بچے کے 
زاوی معیار حرکت کی قدر کیا ہے، اور (ج) جھولے پر چڑھنے کے بعد جھولے اور بچے کی ز
اوی رفتار کیا[]
 []

LaTeX Info: Redefining \rmfamily on input line 1623.
LaTeX Info: Redefining \sffamily on input line 1623.
LaTeX Info: Redefining \ttfamily on input line 1623.

Underfull \hbox (badness 3428) in paragraph at lines 1619--1624
[] \TU/JameelNooriNastaleeq(0)/b/n/10 سوال  ۱۱.۷۶:  \TU/AASameerSagarNastaleeqB
old(0)/m/n/10 سنگ خارا [][] \TU/JameelNooriNastaleeq(0)/b/n/10 کی یکساں سل کی ش
کل کتاب کی طرح ہے ۔سل کی لمبائی $\OT1/ppl/m/n/10 20 []$ \TU/JameelNooriNastalee
q(0)/b/n/10 ، چوڑائی $\OT1/ppl/m/n/10 15 []$ \TU/JameelNooriNastaleeq(0)/b/n/10
 ، اور موٹائی $\OT1/ppl/m/n/10 1.2 []$ \TU/JameelNooriNastaleeq(0)/b/n/10 ہے۔[]

 []


Underfull \hbox (badness 10000) in paragraph at lines 1619--1624
[]\TU/JameelNooriNastaleeq(0)/b/n/10 سنگ خارا کی کثافت (کمیت فی اکائی حجم) $\OT
1/ppl/m/n/10 2.64 g [][]$ \TU/JameelNooriNastaleeq(0)/b/n/10 ہے۔ سل کی وسط سے ا
یک کونے تک نصف فاصلے پر واقع سل کے رخ کو عمودی محور کے گرد[]
 []

[164]
Underfull \hbox (badness 4660) in paragraph at lines 1624--1628
[] \TU/JameelNooriNastaleeq(0)/b/n/10 سوال  ۱۱.۷۷:  دو ذرے جن کی کمیتیں $\OT1/p
pl/m/n/10 2.90 \OMS/zplm/m/n/10 ^^B \OT1/ppl/m/n/10 10[] []$ \TU/JameelNooriNas
taleeq(0)/b/n/10 ہیں مخالف رخ $\OT1/ppl/m/n/10 5.46 m s[]$ \TU/JameelNooriNasta
leeq(0)/b/n/10 رفتار سے متوازی راہ پر چلتے ہیں۔ راہوں کے[]
 []


Underfull \hbox (badness 5245) in paragraph at lines 1624--1628
[]\TU/JameelNooriNastaleeq(0)/b/n/10 بیچ فاصلہ $\OT1/ppl/m/n/10 4.20 []$ \TU/Ja
meelNooriNastaleeq(0)/b/n/10 ہے۔ (ا) دو راہ کے بیچ وسطی نقطہ کے لحاظ سے دو ذروی
 نظام کی زاوی معیار حرکت کی قدر $\OML/zplm/m/it/10 L$ \TU/JameelNooriNastaleeq(
0)/b/n/10 کیا ہے؟ (ب) کیا کسی دوسرے نقطہ کے[]
 []


Underfull \hbox (badness 10000) in paragraph at lines 1628--1633
[] \TU/JameelNooriNastaleeq(0)/b/n/10 سوال  ۱۱.۷۸:  ایک پہیا ، جس کا رداس $\OT1
/ppl/m/n/10 0.250 m$ \TU/JameelNooriNastaleeq(0)/b/n/10 اور ابتدائی رفتار $\OT1
/ppl/m/n/10 43.0 m s[]$ \TU/JameelNooriNastaleeq(0)/b/n/10 ہے ، $\OT1/ppl/m/n/1
0 225 m$ \TU/JameelNooriNastaleeq(0)/b/n/10 فاصلہ طے کرنے کے رکتا ہے۔ (ا) اس[]
 []


Underfull \hbox (badness 10000) in paragraph at lines 1628--1633
[]\TU/JameelNooriNastaleeq(0)/b/n/10 کے خطی اسراع اور (ب) زاوی اسراع کی قدر کیا
 ہے؟ وسطی محور پر اس کا گھمیری جمود $\OT1/ppl/m/n/10 0.155 [] m[]$ \TU/JameelNo
oriNastaleeq(0)/b/n/10 ہے۔ پہیے پر رگڑ کی بدولت قوت مروڑ تلاش[]
 []


Underfull \hbox (badness 10000) in paragraph at lines 1638--1642
[] \TU/JameelNooriNastaleeq(0)/b/n/10 سوال  ۱۱.۸۰:  ایک ذرہ ، جس کی کمیت $\OT1/
ppl/m/n/10 2.50 []$ \TU/JameelNooriNastaleeq(0)/b/n/10 اور فرش پر افقی سمتی رفت
ار $\OT1/zplm/m/n/10 (\OMS/zplm/m/n/10 ^^@\OT1/ppl/m/n/10 3.00 m s[]\OT1/zplm/m
/n/10 )[]$ \TU/JameelNooriNastaleeq(0)/b/n/10 ہے، کا مکمل غیر لچکی تصادم[]
 []


Underfull \hbox (badness 10000) in paragraph at lines 1638--1642
[]\TU/JameelNooriNastaleeq(0)/b/n/10 دوسرے ذرے کے ساتھ ہوتا ہے، جس کی کمیت $\OT
1/ppl/m/n/10 4.00 []$ \TU/JameelNooriNastaleeq(0)/b/n/10 اور فرش پر افقی سمتی ر
فتار $\OT1/zplm/m/n/10 (\OT1/ppl/m/n/10 4.50 m s[]\OT1/zplm/m/n/10 )[]$ \TU/Jam
eelNooriNastaleeq(0)/b/n/10 ہے۔ تصادم کے مقام کا محدد[]
 []


Underfull \hbox (badness 10000) in paragraph at lines 1638--1642
[]$\OT1/zplm/m/n/10 (\OMS/zplm/m/n/10 ^^@\OT1/ppl/m/n/10 0.500 m, \OMS/zplm/m/n
/10 ^^@\OT1/ppl/m/n/10 0.100 m\OT1/zplm/m/n/10 )$ \TU/JameelNooriNastaleeq(0)/b
/n/10 ہے۔ تصادم کے بعد، اکائی سمتیہ ترقیم میں، مبدا کے لحاظ سے ، آپس میں چسپاں 
ذروں کا زاوی معیار حرکت تلاش[]
 []


Underfull \hbox (badness 10000) in paragraph at lines 1642--1647
[] \TU/JameelNooriNastaleeq(0)/b/n/10 سوال  ۱۱.۸۱:  ایک پہیا، جس کی کمیت $\OT1/
ppl/m/n/10 10.0 []$ \TU/JameelNooriNastaleeq(0)/b/n/10 اور رداس $\OT1/ppl/m/n/1
0 0.400 m$ \TU/JameelNooriNastaleeq(0)/b/n/10 ہے، کے وسط پر بلا کمیت دھرا استوا
ر (جھکڑ کر) نسب ہے (شکل[]
 []


Underfull \hbox (badness 10000) in paragraph at lines 1642--1647
[]\TU/JameelNooriNastaleeq(0)/b/n/10 میلان کے فراز پر پہیا ابتدائی طور پر ساکن 
رکھا جاتا ہے۔ دھرا میلان کی سطح مس کرتا ہے جبکہ پہیا سطح میں بنی جھری کے اندر، 
سطح مس کیے بغیر، چلتا ہے۔ رہائی[]
 []


Underfull \hbox (badness 10000) in paragraph at lines 1647--1651
[] \TU/JameelNooriNastaleeq(0)/b/n/10 سوال  ۱۱.۸۲:  ایک سر پر انتصابی محور کے گ
رد یکساں سلاخ افقی مستوی میں گھومتا ہے۔ سلاخ کی لمبائی $\OT1/ppl/m/n/10 6.00 m$
 \TU/JameelNooriNastaleeq(0)/b/n/10 اور وزن $\OT1/ppl/m/n/10 10.0 N$ \TU/Jameel
NooriNastaleeq(0)/b/n/10 ہے، اور اس کی[]
 []


Underfull \hbox (badness 10000) in paragraph at lines 1651--1655
[] \TU/JameelNooriNastaleeq(0)/b/n/10 سوال  ۱۱.۸۳:  ٹھوس کرہ، جس کا وزن $\OT1/p
pl/m/n/10 36.0 N$ \TU/JameelNooriNastaleeq(0)/b/n/10 ہے، $\OT1/ppl/m/n/10 30.0[
]$ \TU/JameelNooriNastaleeq(0)/b/n/10 میلان پر لڑھک کر چڑھتا ہے۔میلان پر روانا 
ہونے سے قبل کرہ کے مرکز کمیت کی[]
 []


Underfull \hbox (badness 10000) in paragraph at lines 1651--1655
[]\TU/JameelNooriNastaleeq(0)/b/n/10 مستقیم رفتار $\OT1/ppl/m/n/10 4.90 m s[]$ 
\TU/JameelNooriNastaleeq(0)/b/n/10 ہے۔ (ا) یہاں کرہ کی حرکی توانائی کیا ہے؟ (ب)
 میلان پر چڑھتے ہوئے کرہ کتنا فاصلہ طے کرتا ہے؟ (ج) کیا جزو ب کا جواب[]
 []

LaTeX Info: Redefining \rmfamily on input line 1659.
LaTeX Info: Redefining \sffamily on input line 1659.
LaTeX Info: Redefining \ttfamily on input line 1659.

Underfull \hbox (badness 10000) in paragraph at lines 1655--1660
[] \TU/JameelNooriNastaleeq(0)/b/n/10 سوال  ۱۱.۸۴:  فرض کریں سوال [][]۱۱.۱۷[][]
 []میں ڈوری دار لٹو رہا کرنے کے بجائے ڈور پر نیچے رخ $\OT1/ppl/m/n/10 1.3 m s[]
$ \TU/JameelNooriNastaleeq(0)/b/n/10 رفتار سے پھینکا جاتا ہے۔ (ا) ڈور کے اختتام
[]
 []


Underfull \hbox (badness 10000) in paragraph at lines 1655--1660
[]\TU/JameelNooriNastaleeq(0)/b/n/10 تک لٹو کتنے دیر میں پہنچے گا؟ (ب) ڈور کے ا
ختتام پر پہنچتے وقت اس کی (ب) کل حرکی توانائی، (ج) خطی رفتار، (د) مستقیم حرکی ت
وانائی، (ہ) زاوی رفتار، اور (و)[]
 []


Underfull \hbox (badness 10000) in paragraph at lines 1660--1664
[] \TU/JameelNooriNastaleeq(0)/b/n/10 سوال  ۱۱.۸۵:  ساکن جھولے پر، جس کا رداس $
\OML/zplm/m/it/10 R$ \TU/JameelNooriNastaleeq(0)/b/n/10 اور گھمیری جمود $\OML/z
plm/m/it/10 I$ \TU/JameelNooriNastaleeq(0)/b/n/10 ہے، کے چکا پر کمیت $\OML/zplm
/m/it/10 M$ \TU/JameelNooriNastaleeq(0)/b/n/10 کی لڑکی کھڑی ہے۔ جھولا انتصابی م
حور پر گھوم سکتا ہے۔[]
 []


Underfull \hbox (badness 10000) in paragraph at lines 1660--1664
[]\TU/JameelNooriNastaleeq(0)/b/n/10 جھولے کے چکا کو مماسی رخ ، لڑکی کمیت $\OML
/zplm/m/it/10 m$ \TU/JameelNooriNastaleeq(0)/b/n/10 کا پتھر افقی پھینکتی ہے۔ زم
ین کے لحاظ سے پتھر کی رفتار $\OML/zplm/m/it/10 v$ \TU/JameelNooriNastaleeq(0)/b
/n/10 ہے۔ پتھر پھینکنے کے بعد (ا) جھولے کی زاوی رفتار اور[]
 []

[165]
Underfull \hbox (badness 10000) in paragraph at lines 1664--1669
[] \TU/JameelNooriNastaleeq(0)/b/n/10 سوال  ۱۱.۸۶:  افقی سطح پر رداس $\OML/zplm
/m/it/10 R$ \TU/JameelNooriNastaleeq(0)/b/n/10 اور کمیت $\OML/zplm/m/it/10 m$ \
TU/JameelNooriNastaleeq(0)/b/n/10 کا جسم $\OML/zplm/m/it/10 v$ \TU/JameelNooriN
astaleeq(0)/b/n/10 رفتار سے ہموار لڑھک رہا ہے۔ اس کے بعد جسم میلان پر $\OML/zpl
m/m/it/10 h$ \TU/JameelNooriNastaleeq(0)/b/n/10 بلندی تک چڑھ پاتا ہے۔ (ا)[]
 []

) [166]
\openout2 = `./tex/equilibriumAndElasticity.aux'.

 (./tex/equilibriumAndElasticity.tex
باب \farsidigits{12}.

Underfull \hbox (badness 10000) in paragraph at lines 20--21
[][]
 []


Underfull \hbox (badness 10000) in paragraph at lines 35--37
[]\TU/JameelNooriNastaleeq(0)/b/n/10 اور اگر تمام قوت $\OML/zplm/m/it/10 xy$ \T
U/JameelNooriNastaleeq(0)/b/n/10 مستوی میں ہوں تب تمام قوت مروڑ سمتیات محور $\O
ML/zplm/m/it/10 z$ \TU/JameelNooriNastaleeq(0)/b/n/10 کو متوازی ہوں گے، اور قوت
 مروڑ کے توازن کی مساوات ذیل یک[]
 []

[167





]
Underfull \hbox (badness 10000) in paragraph at lines 41--42
[][]\TU/JameelNooriNastaleeq(0)/b/n/10 تجاذبی قوت جسم کے ہر ذرے پر انفرادی عمل 
کرتی ہے۔تمام انفرادی اعمال کا صافی اثر جاننے کے لئے مرکز کمیت پر معادل تجاذبی ق
وت $[]$ فرض[]
 []


Underfull \hbox (badness 2689) in paragraph at lines 45--46
[]\TU/JameelNooriNastaleeq(0)/b/n/10 انسانی بنائی چیزیں، لاگو قوتوں سے قطع نظر،
 مستحکم تصور کی جاتی ہیں۔ تجاذبی قوت اور ہوائی قوتوں کے باوجود ہم توقع کرتے ہیں
 کہ عمارت کھڑی رہے گی، اور پُل[]
 []


Underfull \hbox (badness 10000) in paragraph at lines 47--48
[][]\TU/JameelNooriNastaleeq(0)/b/n/10 طبیعیات کے مرکز توجہ وہ حقیقت ہے جو عمل 
پیرا قوتوں کے باوجود جسم کو مستحکم رکھتا ہے۔ اس باب میں استحکام کے دو نقطہ نظر 
پر غور کیا جائے گا: استوار جسم پر[]
 []


Underfull \hbox (badness 10000) in paragraph at lines 47--48
[]\TU/JameelNooriNastaleeq(0)/b/n/10 عمل پیرا قوت اور قوت مروڑ کا  \TU/JameelNo
oriNastaleeq(0)/m/n/9 توازن  \TU/JameelNooriNastaleeq(0)/b/n/10 اور نا استوار ا
جسام کی \TU/JameelNooriNastaleeq(0)/m/n/9 لچک \TU/JameelNooriNastaleeq(0)/b/n/1
0 ، جس پر اجسام کا مسخ ہونا منحصر ہے۔ اگر طبیعیات درست کی جائے،اس پر انجینئری ا
ور طبیعیات[]
 []


Underfull \hbox (badness 10000) in paragraph at lines 50--51
[]\TU/JameelNooriNastaleeq(0)/b/n/10 ذیل اجسام پر غور کریں: (1) میز پر پڑی ساکن
 کتاب، (2) بلا رگڑ سطح پر مستقل سمتی رفتار سے حرکت پذیر قرص، (3) چھت کے پنکھے ک
ے چکر کھاتے پَر، اور[]
 []

LaTeX Info: Redefining \rmfamily on input line 58.
LaTeX Info: Redefining \sffamily on input line 58.
LaTeX Info: Redefining \ttfamily on input line 58.
LaTeX Info: Redefining \rmfamily on input line 64.
LaTeX Info: Redefining \sffamily on input line 64.
LaTeX Info: Redefining \ttfamily on input line 64.
LaTeX Info: Redefining \rmfamily on input line 64.
LaTeX Info: Redefining \sffamily on input line 64.
LaTeX Info: Redefining \ttfamily on input line 64.

Underfull \hbox (badness 10000) in paragraph at lines 66--67
[][]\TU/JameelNooriNastaleeq(0)/b/n/10 شکل 12.1 میں دکھائی گئی چٹان ، فی الحال 
، سکونی توازن میں ہے۔مساجد، پُل، گھر، وغیرہ بھی سکونی توازن میں ہیں؛ یہ وقت گزر
نے کے باوجود ساتھ ساکن[]
 []


Underfull \hbox (badness 10000) in paragraph at lines 68--69
[][]\TU/JameelNooriNastaleeq(0)/b/n/10 جیسا ہم حصہ 8.3 میں ذکر کر چکے ، اگر سکو
نی توازن سے قوت کے بل بوتے پر نکالے جانے کے بعد جسم واپس سکونی توازن کو لوٹے،ہم
 کہتے ہیں یہ جسم \TU/JameelNooriNastaleeq(0)/m/n/9 مستحکم[]
 []


Underfull \hbox (badness 10000) in paragraph at lines 68--69
[]\TU/JameelNooriNastaleeq(0)/b/n/10 سکونی توازن میں ہے۔ نصف کرہ کے تل میں رکھا
 گیا کنچا اس کی ایک مثال ہے۔ اس کے برعکس، اگر چھوٹی قوت جسم کو ہلا کر توازن ختم
 کر پائے، جسم  \TU/JameelNooriNastaleeq(0)/m/n/9 غیر مستحکم[]
 []

[168]
Underfull \hbox (badness 10000) in paragraph at lines 70--72
[]\TU/JameelNooriNastaleeq(0)/b/n/10 اسی کنارے سے گزرتا ہے لہٰذا اس کنارے پر $[
]$ کی قوت مروڑ صفر ہو گی۔ اینٹ توازن میں ہے۔معمولی اضطراب اس توازن کو برباد کر 
دیگا۔ جیسے ہی $[]$[]
 []


Underfull \hbox (badness 10000) in paragraph at lines 70--72
[]\TU/JameelNooriNastaleeq(0)/b/n/10 کا خط عمل کنارے سے ایک طرف ہو (شکل 12.2b)،
 $[]$ کی پیدا کردہ قوت مروڑ اینٹ کو اس طرف گھمائے گی۔ یوں شکل 12.2a میں اینٹ غی
ر مستحکم[]
 []


Underfull \hbox (badness 10000) in paragraph at lines 73--74
[][]\TU/JameelNooriNastaleeq(0)/b/n/10 شکل 12.2c میں اینٹ اتنی غیر مستحکم نہیں۔
 اینٹ گرانے کے لئے ضروری ہے کہ قوت اینٹ اتنی گھمائے کہ اینٹ کا مرکز کمیت کنارے 
کو پار کر جائے۔[]
 []


Underfull \hbox (badness 10000) in paragraph at lines 73--74
[]\TU/JameelNooriNastaleeq(0)/b/n/10 معمولی قوت اس اینٹ کو نہیں گرا سکتی، تاہم 
انگلی سے جھٹکا دے کر اسے گرایا جا سکتا ہے۔(اینٹوں کو قطار میں کھڑا کر کے ، پہلی
 اینٹ کو جھٹکا دے کر گرانے سے[]
 []


Underfull \hbox (badness 10000) in paragraph at lines 75--77
[][]\TU/AASameerSagarNastaleeqBold(0)/m/n/10 سل۔ \TU/JameelNooriNastaleeq(0)/b/
n/10 شکل 12.2d میں دکھایا گیا سل مزید زیادہ مستحکم ہے۔ مرکز کمیت کو سل کے کنارے
 کی دوسری طرف لی جانے کے لئے مرکز کمیت کو کافی زیادہ[]
 []


Underfull \hbox (badness 10000) in paragraph at lines 75--77
[]\TU/JameelNooriNastaleeq(0)/b/n/10 دور لے جانا ہو گا۔ انگلی کا جھٹکا سل کا پا
سا نہیں پلٹ سکتا۔ (اسی لئے سل قطار میں رکھ کر زنجیری اثر پیدا نہیں کیا جا سکتا۔
) شکل 12.3 میں شہتیر پر بیٹھا مزدور[]
 []


Underfull \hbox (badness 10000) in paragraph at lines 78--79
[][]\TU/JameelNooriNastaleeq(0)/b/n/10 سکونی توازن اطلاقی انجینئری کے لئے بہت ض
روری ہے۔ تخلیق کار تمام بیرونی قوت اور قوت مروڑ کی نشاندہی کر کے، بہتر تراکیب ا
ور مواد استعمال کر کے، یقینی[]
 []


Underfull \hbox (badness 10000) in paragraph at lines 78--79
[]\TU/JameelNooriNastaleeq(0)/b/n/10 بناتا ہے کہ ان کی موجودگی کے باوجود عمارت 
یا مشین مستحکم رہے۔ یوں پُل کا نقشہ تیار کرتے وقت تخلیق کار تفصیلی تجزیہ کر کے 
یقینی بناتا ہے کہ پُل پر آمد و رفت[]
 []

LaTeX Info: Redefining \rmfamily on input line 92.
LaTeX Info: Redefining \sffamily on input line 92.
LaTeX Info: Redefining \ttfamily on input line 92.
[169]
LaTeX Info: Redefining \rmfamily on input line 117.
LaTeX Info: Redefining \sffamily on input line 117.
LaTeX Info: Redefining \ttfamily on input line 117.
LaTeX Info: Redefining \rmfamily on input line 117.
LaTeX Info: Redefining \sffamily on input line 117.
LaTeX Info: Redefining \ttfamily on input line 117.
LaTeX Info: Redefining \rmfamily on input line 129.
LaTeX Info: Redefining \sffamily on input line 129.
LaTeX Info: Redefining \ttfamily on input line 129.

Underfull \hbox (badness 10000) in paragraph at lines 128--131
[][]\TU/AASameerSagarNastaleeqBold(0)/m/n/10 اصل مساوات۔ \TU/JameelNooriNastale
eq(0)/b/n/10 ہم صرف ان صورتوں پر غور کرتے ہیں جس میں جسم پر لاگو قوت $\OML/zplm
/m/it/10 xy$ \TU/JameelNooriNastaleeq(0)/b/n/10 مستوی میں پائے جاتے ہیں۔ یوں مس
ئلہ کم پیچیدہ ہو گا۔ اس[]
 []


Underfull \hbox (badness 1009) in paragraph at lines 128--131
[]\TU/JameelNooriNastaleeq(0)/b/n/10 طرح جسم پر عمل پیرا قوت صرف محور $\OML/zpl
m/m/it/10 z$ \TU/JameelNooriNastaleeq(0)/b/n/10 کی متوازی محور کے گرد جسم گھما 
سکتے ہیں۔ اس مفروضے کے ساتھ مساوات [][]۱۲.۶[][] []میں سے قوت کی ایک مساوات اور[
]
 []

LaTeX Info: Redefining \rmfamily on input line 138.
LaTeX Info: Redefining \sffamily on input line 138.
LaTeX Info: Redefining \ttfamily on input line 138.
LaTeX Info: Redefining \rmfamily on input line 138.
LaTeX Info: Redefining \sffamily on input line 138.
LaTeX Info: Redefining \ttfamily on input line 138.
LaTeX Info: Redefining \rmfamily on input line 138.
LaTeX Info: Redefining \sffamily on input line 138.
LaTeX Info: Redefining \ttfamily on input line 138.

Underfull \hbox (badness 1221) in paragraph at lines 138--139
[][]\TU/JameelNooriNastaleeq(0)/b/n/10 جمی ہوئی برف پر مستقل سمتی رفتار سے حرکت
 کرتا قرص مساوات [][]۱۲.۷[][][]، مساوات [][]۱۲.۸[][][]، اور مساوات [][]۱۲.۹[][]
 []مطمئن کرتا ہے، لہٰذا یہ توازن میں ہو گا، \TU/JameelNooriNastaleeq(0)/m/n/9 ت
اہم یہ سکونی[]
 []


Underfull \hbox (badness 10000) in paragraph at lines 138--139
[]\TU/JameelNooriNastaleeq(0)/m/n/9 توازن میں ہرگز نہیں\TU/JameelNooriNastaleeq
(0)/b/n/10 ۔ سکونی توازن کے لئے قرص کا خطی معیار حرکت $[]$ ایک مستقل ہونے کے سا
تھ ساتھ صفر ہونا لازم ہے؛ قرص کا جمی ہوئی برف پر ساکن[]
 []


Underfull \hbox (badness 10000) in paragraph at lines 147--148
[][]\TU/JameelNooriNastaleeq(0)/b/n/10 یکساں سلاخ ، جس پر سلاخ کو عمود دار دو ی
ا دو سے زیادہ قوت عمل کرتی ہیں، کے چھ فضائی نظارے شکل ؟؟ میں پیش ہیں۔ قوتوں کی 
قدریں (غیر صفر رکھ کر اور)[]
 []

[170]
LaTeX Info: Redefining \rmfamily on input line 156.
LaTeX Info: Redefining \sffamily on input line 156.
LaTeX Info: Redefining \ttfamily on input line 156.

Underfull \hbox (badness 10000) in paragraph at lines 160--161
[][]\TU/JameelNooriNastaleeq(0)/b/n/10 یہاں لفظ ”عملاً“ کا مطلب یہ ہے کہ اگر کس
ی طرح انفرادی ٹکڑوں پر تجاذبی قوت ختم کر دی جائے اور تجاذبی قوت $[]$ جسم کے مرک
ز ثقل پر پیدا کر دی جائے،[]
 []


Underfull \hbox (badness 10000) in paragraph at lines 162--163
[][]\TU/JameelNooriNastaleeq(0)/b/n/10 اب تک، ہم فرض کرتے رہے ہیں کہ تجاذبی قوت
 $[]$ جسم کے مرکز کمیت پر عمل کرتی ہے، جو اس کے مترادف ہے کہ ہم کہیں جسم کا مرک
ز ثقل جسم کے[]
 []


Underfull \hbox (badness 1796) in paragraph at lines 171--172
[][]\TU/JameelNooriNastaleeq(0)/b/n/10 سطح زمین پر $[]$ کی قدر بہت کم تبدیل ہوت
ی ہے اور (عام زندگی میں جن بلندیوں سے ہمیں واسطہ پڑتا ہے ان) بلندی کے ساتھ $[]$
کی قدر زیادہ تبدیل نہیں ہوتی[]
 []


Underfull \hbox (badness 10000) in paragraph at lines 174--175
[]\TU/JameelNooriNastaleeq(0)/b/n/10 ہم جسم کے انفرادی ٹکڑوں پر پہلے غور کرتے ہ
یں۔ شکل 12.4a میں وسیع جسم ، جس کی کمیت $\OML/zplm/m/it/10 M$ \TU/JameelNooriNa
staleeq(0)/b/n/10 ، اور جسم کا ایک چھوٹا ٹکڑا جس کی کمیت $\OML/zplm/m/it/10 m[]
$ \TU/JameelNooriNastaleeq(0)/b/n/10 ہے، پیش[]
 []


Underfull \hbox (badness 10000) in paragraph at lines 174--175
[]\TU/JameelNooriNastaleeq(0)/b/n/10 ہے۔ ہر ٹکڑے پر تجاذبی قوت $[]$، جو $\OML/z
plm/m/it/10 m[][]$ \TU/JameelNooriNastaleeq(0)/b/n/10 کے برابر ہے، عمل کرتی ہے۔
 $[]$ میں زیرنوشت کہتی ہے $[]$ ٹکڑا $\OML/zplm/m/it/10 i$\TU/JameelNooriNastale
eq(0)/b/n/10 کے مقام پر ثقلی اسراع ہے (دیگر[]
 []

LaTeX Info: Redefining \rmfamily on input line 176.
LaTeX Info: Redefining \sffamily on input line 176.
LaTeX Info: Redefining \ttfamily on input line 176.

Underfull \hbox (badness 10000) in paragraph at lines 176--178
[][]\TU/JameelNooriNastaleeq(0)/b/n/10 شکل 12.4a میں ہر ایک ٹکڑے پر قوت $[]$ عم
ل کر کے، مبدا $\OML/zplm/m/it/10 O$ \TU/JameelNooriNastaleeq(0)/b/n/10 کے لحاظ 
سے ٹکڑے پر قوت مروڑ $\OML/zplm/m/it/10 ^^\[]$ \TU/JameelNooriNastaleeq(0)/b/n/1
0 ، جس کا معیار اثر کا بازو $\OML/zplm/m/it/10 x[]$ \TU/JameelNooriNastaleeq(0)
/b/n/10 ہے، پیدا کرتی[]
 []

LaTeX Info: Redefining \rmfamily on input line 187.
LaTeX Info: Redefining \sffamily on input line 187.
LaTeX Info: Redefining \ttfamily on input line 187.

Underfull \hbox (badness 10000) in paragraph at lines 187--189
[][]\TU/JameelNooriNastaleeq(0)/b/n/10 اب، پورا جسم لیتے ہیں۔شکل 12.4b میں جسم 
کے مرکز ثقل پر تجاذبی قوت $[]$ عمل کرتا دکھایا گیا ہے۔مبدا $\OML/zplm/m/it/10 O
$ \TU/JameelNooriNastaleeq(0)/b/n/10 کے لحاظ سے اس قوت کا معیار اثر کا بازو[]
 []

[171]
LaTeX Info: Redefining \rmfamily on input line 192.
LaTeX Info: Redefining \sffamily on input line 192.
LaTeX Info: Redefining \ttfamily on input line 192.

Underfull \hbox (badness 10000) in paragraph at lines 191--194
[]\TU/JameelNooriNastaleeq(0)/b/n/10 جسم پر تجاذبی قوت $[]$ ، جسم کے تمام ٹکڑوں
 پر تجاذبی قوت $[]$ کا مجموعہ ہو گا۔ یوں مساوات [][]۱۲.۱۲[][] []میں $\OML/zplm/
m/it/10 F[]$ \TU/JameelNooriNastaleeq(0)/b/n/10 کی جگہ $[] \OML/zplm/m/it/10 F[
]$ \TU/JameelNooriNastaleeq(0)/b/n/10 ڈال کر ذیل لکھا جائے[]
 []

LaTeX Info: Redefining \rmfamily on input line 198.
LaTeX Info: Redefining \sffamily on input line 198.
LaTeX Info: Redefining \ttfamily on input line 198.
LaTeX Info: Redefining \rmfamily on input line 198.
LaTeX Info: Redefining \sffamily on input line 198.
LaTeX Info: Redefining \ttfamily on input line 198.

Underfull \hbox (badness 10000) in paragraph at lines 198--199
[][]\TU/JameelNooriNastaleeq(0)/b/n/10 یاد کریں، مرکز ثقل پر عمل پیرا قوت $[]$ 
سے پیدا قوت مروڑ اس صافی قوت مروڑ کے برابر ہو گا جو جسم کے تمام ٹکڑوں پر عمل پی
را قوت $[]$ پیدا کرتی[]
 []


Underfull \hbox (badness 10000) in paragraph at lines 198--199
[]\TU/JameelNooriNastaleeq(0)/b/n/10 ہیں۔ (مرکز ثقل کی تعریف یہی ہے۔) یوں مساوا
ت [][]۱۲.۱۳[][] []کا $\OML/zplm/m/it/10 ^^\$\TU/JameelNooriNastaleeq(0)/b/n/10 
، مساوات [][]۱۲.۱۱[][] []کے $\OML/zplm/m/it/10 ^^\[]$ \TU/JameelNooriNastaleeq(
0)/b/n/10 کے برابر ہے۔ دونوں مساوات کو برابر رکھ کر ذیل لکھا جا سکتا[]
 []

LaTeX Info: Redefining \rmfamily on input line 212.
LaTeX Info: Redefining \sffamily on input line 212.
LaTeX Info: Redefining \ttfamily on input line 212.

Underfull \hbox (badness 10000) in paragraph at lines 216--219
[]\TU/JameelNooriNastaleeq(0)/b/n/10 اس مساوات کا دایاں ہاتھ جسم کے مرکز ثقل (م
ساوات 9.4) کا محدد $\OML/zplm/m/it/10 x[]$ \TU/JameelNooriNastaleeq(0)/b/n/10 د
یتی ہے۔ یوں ثبوت مکمل ہوتا ہے۔ اگر جسم کے تمام ٹکڑوں کے مقام پر[]
 []


Underfull \hbox (badness 10000) in paragraph at lines 235--236
[][]
 []

[172]
Underfull \hbox (badness 10000) in paragraph at lines 250--252
[]\TU/JameelNooriNastaleeq(0)/b/n/10 اگر بیرونی قوت $\OML/zplm/m/it/10 xy$ \TU/
JameelNooriNastaleeq(0)/b/n/10 مستوی میں ہوں، تمام قوت مروڑ محور $\OML/zplm/m/i
t/10 z$ \TU/JameelNooriNastaleeq(0)/b/n/10 کے متوازی ہوں گی، اور درج بالا سمتی 
مساوات ذیل جزوی مساوات کی مماثل ہو[]
 []

LaTeX Info: Redefining \rmfamily on input line 260.
LaTeX Info: Redefining \sffamily on input line 260.
LaTeX Info: Redefining \ttfamily on input line 260.
LaTeX Info: Redefining \rmfamily on input line 260.
LaTeX Info: Redefining \sffamily on input line 260.
LaTeX Info: Redefining \ttfamily on input line 260.
LaTeX Info: Redefining \rmfamily on input line 260.
LaTeX Info: Redefining \sffamily on input line 260.
LaTeX Info: Redefining \ttfamily on input line 260.
LaTeX Info: Redefining \rmfamily on input line 260.
LaTeX Info: Redefining \sffamily on input line 260.
LaTeX Info: Redefining \ttfamily on input line 260.
LaTeX Info: Redefining \rmfamily on input line 260.
LaTeX Info: Redefining \sffamily on input line 260.
LaTeX Info: Redefining \ttfamily on input line 260.
LaTeX Info: Redefining \rmfamily on input line 260.
LaTeX Info: Redefining \sffamily on input line 260.
LaTeX Info: Redefining \ttfamily on input line 260.

Underfull \hbox (badness 10000) in paragraph at lines 260--261
[]\TU/JameelNooriNastaleeq(0)/b/n/10 یہاں ہم سکونی توازن کے کئی نمونی مسائل پر 
غور کریں گے۔ہر مسئلے میں ایک یا ایک سے زیادہ اجسام پر مبنی نظام منتخب کر کے توا
زن کی مساوات (مساوات[]
 []


Underfull \hbox (badness 10000) in paragraph at lines 260--261
[][][]\TU/JameelNooriNastaleeq(0)/b/n/10 ۱۲.۷[][][]، مساوات [][]۱۲.۸[][][]، اور
 مساوات [][]۱۲.۹[][][]) کا اطلاق کریں گے۔ تمام قوت $\OML/zplm/m/it/10 xy$ \TU/J
ameelNooriNastaleeq(0)/b/n/10 مستوی میں ہیں لہٰذا قوت مروڑ $\OML/zplm/m/it/10 z
$ \TU/JameelNooriNastaleeq(0)/b/n/10 محور کو متوازی ہوں گے۔ یوں، مساوات[]
 []


Underfull \hbox (badness 10000) in paragraph at lines 260--261
[]\TU/JameelNooriNastaleeq(0)/b/n/10 جیسا آپ دیکھیں گے، بعض محور کے انتخاب کی ص
ورت میں ایک یا ایک سے زیادہ نا معلوم قوت خارج ہوں گی، جس کی بدولت مساوات [][]۱۲
.۹[][] []کا حل نسبتاً آسان[]
 []


Underfull \hbox (badness 10000) in paragraph at lines 265--266
[][]\TU/JameelNooriNastaleeq(0)/b/n/10 یکساں سلاخ ، جو سکونی توازن میں ہے، کا ف
ضائی جائزہ شکل ؟؟ میں پیش ہے۔ (ا) کیا قوتوں کو متوازن کر کے آپ $[]$ اور $[]$ کی
 قدریں تلاش کر سکتے ہیں؟[]
 []


Underfull \hbox (badness 10000) in paragraph at lines 265--266
[]\TU/JameelNooriNastaleeq(0)/b/n/10 (ب) $[]$ کی قدر تلاش کرنے کے لئے، محور گھم
او کس نقطہ پر رکھ کر $[]$ کو مساوات سے خارج کیا جا سکتا ہے؟ (ج) $[]$ کی قدر $\O
T1/ppl/m/n/10 65 N$ \TU/JameelNooriNastaleeq(0)/b/n/10 حاصل ہو گی۔[]
 []

LaTeX Info: Redefining \rmfamily on input line 274.
LaTeX Info: Redefining \sffamily on input line 274.
LaTeX Info: Redefining \ttfamily on input line 274.
LaTeX Info: Redefining \rmfamily on input line 274.
LaTeX Info: Redefining \sffamily on input line 274.
LaTeX Info: Redefining \ttfamily on input line 274.
LaTeX Info: Redefining \rmfamily on input line 274.
LaTeX Info: Redefining \sffamily on input line 274.
LaTeX Info: Redefining \ttfamily on input line 274.

Underfull \hbox (badness 10000) in paragraph at lines 274--275
[]\TU/JameelNooriNastaleeq(0)/b/n/10 شہتیری اور سل کو نظام مانتے ہیں۔ اس کے بعد
 ، نظام پر قوت دکھائیں، جیسا شکل 12.5b کے آزاد جسمی خاکہ میں کیا گیا ہے۔(نظام ک
ے انتخاب کے لئے تجربہ[]
 []


Underfull \hbox (badness 10000) in paragraph at lines 274--275
[]\TU/JameelNooriNastaleeq(0)/b/n/10 درکار ہے، اور عموماً ایک سے زیادہ ممکنات ہ
وں گے۔) نظام سکونی توازن میں ہے ، لہٰذا قوتوں کے توازن کی مساوات (مساوات [][]۱۲
.۷[][] []اور مساوات [][]۱۲.۸[][][]) اور[]
 []

[173]
Underfull \hbox (badness 10000) in paragraph at lines 276--278
[][]\TU/AASameerSagarNastaleeqBold(0)/m/n/10 حساب: \TU/JameelNooriNastaleeq(0)/
b/n/10 بائیں ترازو سے شہتیری پر عمودی قوت $[]$ اور دائیں ترازو سے عمودی قوت $[]
$ ہے۔ہم ان قوت کی قدریں جاننا چاہتے ہیں۔ تجاذبی قوت[]
 []


Underfull \hbox (badness 10000) in paragraph at lines 276--278
[]$[]$\TU/JameelNooriNastaleeq(0)/b/n/10 ، جو $\OML/zplm/m/it/10 m[]$ \TU/Jamee
lNooriNastaleeq(0)/b/n/10 کے برابر ہے، شہتیری کے مرکز کمیت پر عمل کرتی ہے۔ اسی 
طرح، سل پر تجاذبی قوت $[]$، جو $\OML/zplm/m/it/10 M[]$ \TU/JameelNooriNastaleeq
(0)/b/n/10 کے برابر ہے، سل کے[]
 []


Underfull \hbox (badness 10000) in paragraph at lines 276--278
[]\TU/JameelNooriNastaleeq(0)/b/n/10 مرکز کمیت پر عمل کرتی ہے۔تاہم، شکل 12.5b س
ادہ بنانے کی غرض سے، سل کو نقطہ سے ظاہر کیا گیا ہے، اور سمتیہ $[]$ کی دم اس نقط
ہ پر رکھی گئی ہے۔[]
 []

LaTeX Info: Redefining \rmfamily on input line 279.
LaTeX Info: Redefining \sffamily on input line 279.
LaTeX Info: Redefining \ttfamily on input line 279.
LaTeX Info: Redefining \rmfamily on input line 279.
LaTeX Info: Redefining \sffamily on input line 279.
LaTeX Info: Redefining \ttfamily on input line 279.
LaTeX Info: Redefining \rmfamily on input line 285.
LaTeX Info: Redefining \sffamily on input line 285.
LaTeX Info: Redefining \ttfamily on input line 285.

Underfull \hbox (badness 10000) in paragraph at lines 285--286
[][]\TU/JameelNooriNastaleeq(0)/b/n/10 اس مساوات میں دو نا معلوم قوت، $\OML/zpl
m/m/it/10 F[]$ \TU/JameelNooriNastaleeq(0)/b/n/10 اور $\OML/zplm/m/it/10 F[]$\T
U/JameelNooriNastaleeq(0)/b/n/10 ، موجود ہیں لہٰذا ہمیں قوت مروڑ کے توازن کی مس
اوات [][]۱۲.۹[][] []بھی استعمال کرنی ہو گی۔ ہم شکل 12.5 کے[]
 []


Underfull \hbox (badness 10000) in paragraph at lines 285--286
[]\TU/JameelNooriNastaleeq(0)/b/n/10 مستوی کو عمود دار کسی بھی محور گھماو پر مس
اوات کا اطلاق کر سکتے ہیں۔ آئیں شہتیری کے بائیں سر پر محور گھماو رکھ کر حل کریں
۔ ہم قوت مروڑ کو علامت مختص[]
 []


Underfull \hbox (badness 10000) in paragraph at lines 285--286
[]\TU/JameelNooriNastaleeq(0)/b/n/10 کرنے کا عمومی طریقہ بروئے کار لائیں گے: اگ
ر ساکن جسم کو محور گھماو پر قوت مروڑ گھڑی وار گھمانے کی کوشش کرے، قوت مروڑ منفی
 ہو گی؛ اگر خلاف گھڑی[]
 []


Underfull \hbox (badness 10000) in paragraph at lines 285--286
[]\TU/JameelNooriNastaleeq(0)/b/n/10 گھمانے کی کوشش کرے، قوت مروڑ مثبت ہو گی۔ آ
خر میں ہم قوت مروڑ $\OML/zplm/m/it/10 r[]F$ \TU/JameelNooriNastaleeq(0)/b/n/10 
روپ میں لکھتے ہیں، جہاں $[]$ کے لئے $\OML/zplm/m/it/10 r[]$ \TU/JameelNooriNast
aleeq(0)/b/n/10 کی قیمت $\OT1/ppl/m/n/10 0$\TU/JameelNooriNastaleeq(0)/b/n/10 ،
 $\OML/zplm/m/it/10 M[]$ \TU/JameelNooriNastaleeq(0)/b/n/10 کے[]
 []

LaTeX Info: Redefining \rmfamily on input line 297.
LaTeX Info: Redefining \sffamily on input line 297.
LaTeX Info: Redefining \ttfamily on input line 297.

Underfull \hbox (badness 10000) in paragraph at lines 304--305
[][]\TU/JameelNooriNastaleeq(0)/m/n/9 لائحہ عمل پر غور کریں: \TU/JameelNooriNas
taleeq(0)/b/n/10 قوت کے توازن کی مساوات لکھ کر، دو نا معلوم متغیرات کی بنا، ہم 
پھنس گئے۔ اگر ہم بغیر سوچے سمجھے کسی محور پر قوت مروڑ کے توازن[]
 []


Underfull \hbox (badness 10000) in paragraph at lines 304--305
[]\TU/JameelNooriNastaleeq(0)/b/n/10 کی مساوات لکھتے، ہمیں وہاں بھی دو نا معلوم
 متغیرات کا سامنا ہوتا۔ تاہم، ایک نا معلوم قوت، جو یہاں $[]$ ہے، کے نقطہ اطلاق 
سے گزرتی محور منتخب کر کے،[]
 []


Underfull \hbox (badness 10000) in paragraph at lines 304--305
[]\TU/JameelNooriNastaleeq(0)/b/n/10 ہم پھنسنے سے بچ گئے۔اس انتخاب کی بدولت، قو
ت مروڑ کے توازن کی مساوات سے نا معلوم قدر $\OML/zplm/m/it/10 F[]$ \TU/JameelNoo
riNastaleeq(0)/b/n/10 خارج ہوتی ہے، اور یوں ہم مساوات حل کر کے $\OML/zplm/m/it/
10 F[]$[]
 []

[174]
Underfull \hbox (badness 10000) in paragraph at lines 316--317
[]\TU/JameelNooriNastaleeq(0)/b/n/10 یہاں نظام چول دار بازو ہے، جس پر عمل پیرا 
قوت شکل 12.6b کے آزاد جسمی خاکے میں پیش ہیں۔ رسا سے بازو پر قوت $[]$ ہے۔ تجاذبی
 قوت جو $\OML/zplm/m/it/10 m[]$[]
 []


Underfull \hbox (badness 10000) in paragraph at lines 316--317
[]\TU/JameelNooriNastaleeq(0)/b/n/10 کے برابر ہے، بازو کے مرکز کمیت ( بازو کے و
سط) پر عمل کرتی ہے۔ چول سے بازو پر قوت کا انتصابی جزو $[]$، اور افقی جزو $[]$ ہ
ے۔ رسّی سے بازو پر قوت[]
 []

LaTeX Info: Redefining \rmfamily on input line 319.
LaTeX Info: Redefining \sffamily on input line 319.
LaTeX Info: Redefining \ttfamily on input line 319.

Underfull \hbox (badness 10000) in paragraph at lines 318--320
[]\TU/JameelNooriNastaleeq(0)/b/n/10 پیرا قوت $[]$ اور $[]$ کی قدریں۔ قوت مروڑ 
کے حساب سے $[]$ اور $[]$ خارج کرنے کی غرض سے ہم نقطہ $\OML/zplm/m/it/10 O$ \TU/
JameelNooriNastaleeq(0)/b/n/10 سے گزرتی، شکل کے مستوی کو عمود[]
 []


Underfull \hbox (badness 10000) in paragraph at lines 318--320
[]\TU/JameelNooriNastaleeq(0)/b/n/10 دار محور گھماو منتخب کرتے ہیں۔ یوں $[]$ او
ر $[]$ کے معیار اثر کا بازو صفر ہوں گے۔ شکل 12.6b میں $[]$، $[]$، اور $\OML/zpl
m/m/it/10 m[]$ \TU/JameelNooriNastaleeq(0)/b/n/10 کے خط عمل نقطہ دار ہیں۔[]
 []


Underfull \hbox (badness 10000) in paragraph at lines 336--337
[]\TU/JameelNooriNastaleeq(0)/b/n/10 اب ہمیں افقی جزو $\OML/zplm/m/it/10 F[]$ \
TU/JameelNooriNastaleeq(0)/b/n/10 اور انتصابی جزو $\OML/zplm/m/it/10 F[]$ \TU/J
ameelNooriNastaleeq(0)/b/n/10 درکار ہیں، جن سے صافی قوت کی قدر $\OML/zplm/m/it/
10 F$ \TU/JameelNooriNastaleeq(0)/b/n/10 حاصل ہو گی۔ ہم $\OML/zplm/m/it/10 T[]$
 \TU/JameelNooriNastaleeq(0)/b/n/10 جانتے ہیں لہٰذا بازو پر قوت کی توازن کی[]
 []

[175]
LaTeX Info: Redefining \rmfamily on input line 371.
LaTeX Info: Redefining \sffamily on input line 371.
LaTeX Info: Redefining \ttfamily on input line 371.
LaTeX Info: Redefining \rmfamily on input line 371.
LaTeX Info: Redefining \sffamily on input line 371.
LaTeX Info: Redefining \ttfamily on input line 371.

Underfull \hbox (badness 10000) in paragraph at lines 371--372
[]\TU/JameelNooriNastaleeq(0)/b/n/10 ہم شخص اور سیڑھی کو اپنا نظام مان کر نظام 
کا آزاد جسمی خاکہ، جس پر عمل پیرا قوت دکھائے گئے ہیں، بناتے ہیں (شکل 12.7b)۔ نظ
ام سکونی توازن میں ہے،[]
 []


Underfull \hbox (badness 10000) in paragraph at lines 373--375
[]\TU/JameelNooriNastaleeq(0)/b/n/10 کے ہمراہ لکیر) پر گھسیٹ کر، سمتیہ کی دم نق
طے پر رکھی گئی ہے۔ (قوت یوں منتقل کرنے سے، شکل کو عمود دار، کسی بھی محور گھماو 
کے لحاظ سے قوت مروڑ تبدیل[]
 []

[176]
Underfull \hbox (badness 10000) in paragraph at lines 376--377
[][]\TU/JameelNooriNastaleeq(0)/b/n/10 دیوار سے سیڑھی پر صرف افقی قوت $[]$ عمل 
کرتی ہے (بلا رگڑ دیوار پر رگڑی قوت موجود نہیں ہو سکتی، لہٰذا سیڑھی پر دیوار کے 
ہمراہ انتصابی قوت صفر ہو[]
 []

LaTeX Info: Redefining \rmfamily on input line 378.
LaTeX Info: Redefining \sffamily on input line 378.
LaTeX Info: Redefining \ttfamily on input line 378.
LaTeX Info: Redefining \rmfamily on input line 380.
LaTeX Info: Redefining \sffamily on input line 380.
LaTeX Info: Redefining \ttfamily on input line 380.
LaTeX Info: Redefining \rmfamily on input line 380.
LaTeX Info: Redefining \sffamily on input line 380.
LaTeX Info: Redefining \ttfamily on input line 380.
LaTeX Info: Redefining \rmfamily on input line 380.
LaTeX Info: Redefining \sffamily on input line 380.
LaTeX Info: Redefining \ttfamily on input line 380.

Underfull \hbox (badness 10000) in paragraph at lines 378--381
[]\TU/JameelNooriNastaleeq(0)/b/n/10 کے حساب کے لئے محور گھماو منتخب کرتے وقت، 
یاد رہے سیڑھی کے دو سروں پر دو نا معلوم قوت ($[]$ اور $[]$) پائے جاتے ہیں۔ ان م
یں سے ایک، مثلاً[]
 []


Underfull \hbox (badness 10000) in paragraph at lines 378--381
[]$[]$\TU/JameelNooriNastaleeq(0)/b/n/10 ، خارج کرنے کے لئے ہم محور گھماو، شکل 
کے مستوی کو عمود دار، نقطہ $\OML/zplm/m/it/10 O$ \TU/JameelNooriNastaleeq(0)/b/
n/10 پر رکھتے ہیں (شکل 12.7b)۔ ہم محددی نظام کا مبدا بھی $\OML/zplm/m/it/10 O$ 
\TU/JameelNooriNastaleeq(0)/b/n/10 پر رکھتے ہیں۔[]
 []


Underfull \hbox (badness 10000) in paragraph at lines 382--383
[][]\TU/JameelNooriNastaleeq(0)/b/n/10 دیوار سے افقی قوت $[]$ کا معیار اثر کا ب
ازو $\OML/zplm/m/it/10 r[]$ \TU/JameelNooriNastaleeq(0)/b/n/10 معلوم کرنے کے لئ
ے، ہم اس سمتیہ کے اندر گزرتا خط عمل کھینچتے ہیں (شکل 12.7c میں اس کو نقطہ دار ل
کیر[]
 []


Underfull \hbox (badness 10000) in paragraph at lines 382--383
[]\TU/JameelNooriNastaleeq(0)/b/n/10 سے ظاہر کیا گیا ہے)۔ یوں $\OML/zplm/m/it/1
0 O$ \TU/JameelNooriNastaleeq(0)/b/n/10 سے خط عمل تک عمود دار فاصلہ $\OML/zplm/
m/it/10 r[]$ \TU/JameelNooriNastaleeq(0)/b/n/10 ہو گا۔ شکل 12.7c میں $\OML/zplm
/m/it/10 r[]$ \TU/JameelNooriNastaleeq(0)/b/n/10 محور $\OML/zplm/m/it/10 y$ \TU
/JameelNooriNastaleeq(0)/b/n/10 کے ہمراہ ، $\OML/zplm/m/it/10 h$ \TU/JameelNoor
iNastaleeq(0)/b/n/10 کے برابر ہے۔ ہم اسی طرح[]
 []


Underfull \hbox (badness 10000) in paragraph at lines 382--383
[]\TU/JameelNooriNastaleeq(0)/b/n/10 تجاذبی قوت $\OML/zplm/m/it/10 M[]$ \TU/Jam
eelNooriNastaleeq(0)/b/n/10 اور $\OML/zplm/m/it/10 m[]$ \TU/JameelNooriNastalee
q(0)/b/n/10 کے خط عمل کھینچ کر دیکھتے ہیں کہ ان کا معیار اثر کا بازو محور $\OML
/zplm/m/it/10 x$ \TU/JameelNooriNastaleeq(0)/b/n/10 کے ہمراہ ہے۔ شکل 12.7a میں 
دی گئی $\OML/zplm/m/it/10 a$ \TU/JameelNooriNastaleeq(0)/b/n/10 کے لئے، معیار[]

 []


Underfull \hbox (badness 10000) in paragraph at lines 382--383
[]\TU/JameelNooriNastaleeq(0)/b/n/10 اثر کا بازو بالترتیب $\OML/zplm/m/it/10 a 
\OT1/zplm/m/n/10 / \OT1/ppl/m/n/10 2$ \TU/JameelNooriNastaleeq(0)/b/n/10 (شخص ن
صف سیڑھی چڑھ چکا ہے) اور $\OML/zplm/m/it/10 a \OT1/zplm/m/n/10 / \OT1/ppl/m/n/1
0 3$ \TU/JameelNooriNastaleeq(0)/b/n/10 ( سیڑھی کا مرکز کمیت، سیڑھی کے نچلے سر 
سے، ایک تہائی فاصلے پر ہے)ہیں۔ چونکہ[]
 []

LaTeX Info: Redefining \rmfamily on input line 395.
LaTeX Info: Redefining \sffamily on input line 395.
LaTeX Info: Redefining \ttfamily on input line 395.
[177]
Underfull \hbox (badness 4634) in paragraph at lines 424--427
[]\TU/JameelNooriNastaleeq(0)/b/n/10 کو $\OML/zplm/m/it/10 d$ \TU/JameelNooriNa
staleeq(0)/b/n/10 فاصلہ دور کرتا ہے۔ فرض کریں، زمین صرف دو قوت بُرج پر پیدا کرت
ی ہے۔ عمودی قوت $[]$ بائیں (شمالی) دیوار پر، اور عمودی قوت $[]$ دائیں[]
 []

Missing character: There is no ّ ("651) in font zplmr7m!

Underfull \hbox (badness 10000) in paragraph at lines 431--433
[]\TU/JameelNooriNastaleeq(0)/b/n/10 بُرج پر عمل پیرا قوت شکل 12.8c میں دیے گئے
 ہیں۔ تجاذبی قوت $\OML/zplm/m/it/10 m[]$\TU/JameelNooriNastaleeq(0)/b/n/10 ، جو
 مرکز کمیت پر عمل کرتی ہے،کا خط عمل انتصابی ہے اور اس کا معیار اثر کا بازو[]
 []


Underfull \hbox (badness 10000) in paragraph at lines 431--433
[]\TU/JameelNooriNastaleeq(0)/b/n/10 (چول سے خط عمل کا عمود دار فاصلہ) $\OML/zp
lm/m/it/10 R$ \TU/JameelNooriNastaleeq(0)/b/n/10 ہے۔ منتخب چول کے لحاظ سے اس قو
ت کے ساتھ وابستہ قوت مروڑ بُرج کو گھڑی وار گھمانے کی کوشش کرتی ہے لہٰذا[]
 []


Underfull \hbox (badness 10000) in paragraph at lines 431--433
[]\TU/JameelNooriNastaleeq(0)/b/n/10 یہ منفی ہو گی۔ جنوبی دیوار پر عمود دار قوت
 $[]$ کا خط عمل انتصابی ہے، اور اس کا معیار اثر کا بازو $\OT1/ppl/m/n/10 2\OML/
zplm/m/it/10 R$ \TU/JameelNooriNastaleeq(0)/b/n/10 ہے۔ چول پر اس قوت سے وابستہ 
قوت مروڑ خلاف[]
 []


Underfull \hbox (badness 10000) in paragraph at lines 445--447
[]\TU/JameelNooriNastaleeq(0)/b/n/10 قوت مروڑ کے توازن کی مساوات میں اب تجاذبی 
قوت کا معیار اثر کا بازو $\OML/zplm/m/it/10 R \OT1/zplm/m/n/10 + \OML/zplm/m/it
/10 d$ \TU/JameelNooriNastaleeq(0)/b/n/10 ہو گا اور دائیں عمودی قوت کی قدر $\OM
L/zplm/m/it/10 F[]$ \TU/JameelNooriNastaleeq(0)/b/n/10 نئی قیمت ہو گی (شکل[]
 []

[178]
Underfull \hbox (badness 10000) in paragraph at lines 461--463
[]\TU/JameelNooriNastaleeq(0)/b/n/10 یوں ہمارے سادہ نمونہ کے تحت، اگرچہ جھکاو ب
ہت معمولی ہے، جنوبی دیوار پر قوت میں اضافہ تقریباً $\OT1/ppl/m/n/10 30$ \TU/Jam
eelNooriNastaleeq(0)/b/n/10 فی صد بڑھا ہے، جس کی وجہ سے جنوبی دیوار پچکنے کا[]
 []


Underfull \hbox (badness 10000) in paragraph at lines 483--484
[][]
 []


Underfull \hbox (badness 10000) in paragraph at lines 486--487
[][]\TU/JameelNooriNastaleeq(0)/b/n/10 جسم پر قوتوں کی عمل سے جسم کے لچکی رویہ 
(مسخ ہونے) کو تین مقیاس لچک بیان کرتے ہیں۔ بگاڑ (لمبائی میں کسری تبدیلی) اور اط
لاقی جبر (اکائی رقبہ[]
 []

[179]
Underfull \hbox (badness 10000) in paragraph at lines 494--497
[]\TU/JameelNooriNastaleeq(0)/b/n/10 جہاں $\OT1/zplm/m/n/10 ^^A\OML/zplm/m/it/1
0 L \OT1/zplm/m/n/10 / \OML/zplm/m/it/10 L$ \TU/JameelNooriNastaleeq(0)/b/n/10 
جسم میں تان یا دب کا بگاڑ، $\OML/zplm/m/it/10 F$ \TU/JameelNooriNastaleeq(0)/b/
n/10 بگاڑ پیدا کرنے والی لاگو قوت کی قدر، $\OML/zplm/m/it/10 A$ \TU/JameelNoori
Nastaleeq(0)/b/n/10 عمودی تراش کا رقبہ ہے جس پر $\OML/zplm/m/it/10 F$ \TU/Jamee
lNooriNastaleeq(0)/b/n/10 (رقبے کو عمود دار)[]
 []


Underfull \hbox (badness 10000) in paragraph at lines 506--508
[]\TU/JameelNooriNastaleeq(0)/b/n/10 جہاں $\OML/zplm/m/it/10 p$ \TU/JameelNoori
Nastaleeq(0)/b/n/10 جسم پر سیال کا دباو (ماقوائی جبر)ہے، $\OT1/zplm/m/n/10 ^^A\
OML/zplm/m/it/10 V \OT1/zplm/m/n/10 / \OML/zplm/m/it/10 V$ \TU/JameelNooriNasta
leeq(0)/b/n/10 دباو کی پیدا (بگاڑ) جسم کے حجم میں مطلق کسری تبدیلی ہے، اور $\OM
L/zplm/m/it/10 B$ \TU/JameelNooriNastaleeq(0)/b/n/10 جسم کا مقیاس حجم[]
 []


Underfull \hbox (badness 10000) in paragraph at lines 513--514
[]\TU/JameelNooriNastaleeq(0)/b/n/10 اس باب کے مسائل میں ہمارے پاس صرف تین غیر 
تابع مساوات ہوں گے؛ عموماً توازن قوت کی دو اور محور گھماو پر توازن قوت مروڑ کی 
ایک مساوات ہو گی۔[]
 []

LaTeX Info: Redefining \rmfamily on input line 515.
LaTeX Info: Redefining \sffamily on input line 515.
LaTeX Info: Redefining \ttfamily on input line 515.

Underfull \hbox (badness 10000) in paragraph at lines 515--516
[][]\TU/JameelNooriNastaleeq(0)/b/n/10 غیر متشاکل بوجھ سے لدے ہوئی گاڑی پر غور 
کریں۔ اس کے چاروں پہیوں پر ایک دوسرے سے مختلف قوت کیا ہیں؟ چونکہ ہمارے پاس صرف 
تین مساوات[]
 []


Underfull \hbox (badness 10000) in paragraph at lines 515--516
[]\TU/JameelNooriNastaleeq(0)/b/n/10 ہیں لہٰذا ان قوتوں کو معلوم کرنا ممکن نہیں
۔ اسی طرح، تین پائے کے میز کا توازن کا مسئلہ ہم حل کر سکتے ہیں، تاہم چار پائے ک
ے میز کے لئے حل ممکن نہیں ہو[]
 []


Underfull \hbox (badness 10000) in paragraph at lines 517--518
[][]\TU/JameelNooriNastaleeq(0)/b/n/10 اس کے باوجود، حقیقی دنیا میں بلا تعیین م
سائل کے حل موجود ہیں۔ اگر آپ گاڑی کے پہیوں کو چار مختلف ترازو پر رکھیں، یقیناً 
ترازو غیر مبہم نتائج دیں گی؛ جن کا[]
 []


Underfull \hbox (badness 10000) in paragraph at lines 519--520
[][]\TU/JameelNooriNastaleeq(0)/b/n/10 حقیقت یہ ہے، کہے بغیر ، ہم جن اجسام پر س
کونی توازن کی مساوات کا اطلاق کرتے ہیں ، ہم انہیں کامل استوار تصور کرتے ہیں۔یعن
ی ہم فرض کرتے ہیں کہ لاگو[]
 []


Underfull \hbox (badness 10000) in paragraph at lines 519--520
[]\TU/JameelNooriNastaleeq(0)/b/n/10 قوت ان اجسام کو کسی طرح بھی مسخ نہیں کرتی۔
 درحقیقت کامل استوار جسم کہیں نہیں پایا جاتا۔ مثلاً، گاڑی کے پہیے آسانی سے بوجھ
 تلے مسخ ہو کر سکونی توازن[]
 []

[180]
Underfull \hbox (badness 10000) in paragraph at lines 521--522
[][]\TU/JameelNooriNastaleeq(0)/b/n/10 آپ کا واسطہ چار پائے کے لڑکھڑاتے میز سے 
ضرور پڑا ہو گا۔ایک پائے کے نیچے تہہ دار کاغذ رکھ کر اسے مستحکم کیا جا سکتا ہے۔م
یز پر ہاتھی بٹھانے سے اگر میز[]
 []


Underfull \hbox (badness 10000) in paragraph at lines 521--522
[]\TU/JameelNooriNastaleeq(0)/b/n/10 ٹوٹ نہ جائے، آپ یقین کر سکتے ہیں اس کے پائ
ے گاڑی کے پہیوں کی طرح مسخ ہوں گے۔ چاروں پائے زمین کو مس کریں گے، ان پر زمین سے
 عمود دار قوتیں[]
 []


Underfull \hbox (badness 10000) in paragraph at lines 521--522
[]\TU/JameelNooriNastaleeq(0)/b/n/10 غیر مبہم (اور ایک دوسرے سے مختلف) قیمت اخت
یار کریں گی، اور میز لڑکھڑائے گا نہیں (شکل 12.9)۔ ایسی یا اس سے ملتی جلتی صورتو
ں میں، جہاں مسخ ہونا[]
 []


Underfull \hbox (badness 10000) in paragraph at lines 523--524
[][]\TU/JameelNooriNastaleeq(0)/b/n/10 بلا تعیین مسئلہ حل کرنے کے لئے، توازن کی
 مساوات کے ساتھ ہمیں  \TU/JameelNooriNastaleeq(0)/m/n/9 لچک  \TU/JameelNooriNas
taleeq(0)/b/n/10 کی معلومات بھی بروئے کار لانی ہو گی۔ طبیعیات کی وہ شاخ جو قوت 
کے زیر اثر اجسام[]
 []


Underfull \hbox (badness 3942) in paragraph at lines 528--530
[][]\TU/JameelNooriNastaleeq(0)/b/n/10 چھت سے یکساں سلاخ ، جس کا وزن $\OT1/ppl/
m/n/10 10 N$ \TU/JameelNooriNastaleeq(0)/b/n/10 ہے، دو دھاگوں سے لٹکایا گیا ہے 
، جو سلاخ پر اوپر وار $[]$ اور $[]$ قوت پیدا کرتے ہیں۔ شکل ؟؟ میں سلاخ[]
 []


Underfull \hbox (badness 10000) in paragraph at lines 528--530
[]\TU/JameelNooriNastaleeq(0)/b/n/10 چار مختلف نقطوں سے باندھ کر لٹکایا گیا ہے۔
 ان میں کونسی صورت بلا تعیین ہے، اگر ہے بھی۔(بلا تعیین صورت میں ہم $[]$ اور $[]
$ معلوم نہیں کر پائیں[]
 []


Underfull \hbox (badness 10000) in paragraph at lines 536--537
[]\TU/JameelNooriNastaleeq(0)/b/n/10 بہت سارے جوہر، تین بُعدی \TU/JameelNooriNa
staleeq(0)/m/n/9 جالی  \TU/JameelNooriNastaleeq(0)/b/n/10 میں متوازن مقامات پر 
بیٹھ کر ، دھاتی جسم، مثلاً ، کیل بناتے ہیں۔ تین بُعدی جالی تکراری نظم و ضبط رکھ
تی ہے اور اس میں ہر[]
 []


Underfull \hbox (badness 10000) in paragraph at lines 536--537
[]\TU/JameelNooriNastaleeq(0)/b/n/10 جوہر قریبی جوہر سے مقررہ فاصلے پر ہو گا۔ ب
ین جوہر قوتیں، جنہیں شکل 12.10 میں اسپرنگ سے ظاہر کیا گیا ہے، جوہر کو اپنی جگہ 
پر رکھتی ہیں۔ یہ جالی حیرت[]
 []


Underfull \hbox (badness 10000) in paragraph at lines 536--537
[]\TU/JameelNooriNastaleeq(0)/b/n/10 کن استواریت رکھتی ہے؛ دوسرے لفظوں میں بین 
جوہر قوت نہایت طاقتور ہیں، اور شکل 12.10 میں اسپرنگ بہت زیادہ اکڑ ہوں گے۔ یہی و
جہ ہے، ہم عام[]
 []


Underfull \hbox (badness 10000) in paragraph at lines 538--539
[][]\TU/JameelNooriNastaleeq(0)/b/n/10 حقیقی ”استوار“ اجسام کسی حد تک لچکی ہوں 
گے، اور یوں انہیں دبا کر، تان کر، اور مروڑ کر ہم ان کی شکل و صورت معمولی تبدیل 
کر سکتے ہیں۔ درپیش مقادیر[]
 []


Underfull \hbox (badness 10000) in paragraph at lines 538--539
[]\TU/JameelNooriNastaleeq(0)/b/n/10 جاننے کے لئے، چھت سے انتصابی لٹکی فولادی س
لاخ پر غور کرتے ہیں، جس کی لمبائی $\OT1/ppl/m/n/10 1 m$ \TU/JameelNooriNastalee
q(0)/b/n/10 اور قطر $\OT1/ppl/m/n/10 1 []$ \TU/JameelNooriNastaleeq(0)/b/n/10 ہ
ے۔ سلاخ کے سر سے چھوٹی گاڑی لٹکانے[]
 []


Underfull \hbox (badness 5345) in paragraph at lines 540--541
[][]\TU/JameelNooriNastaleeq(0)/b/n/10 سلاخ سے دو گاڑیاں لٹکانے پر، سلاخ ہمیشہ 
کے لئے کھنچ جاتی ہے، اور وزن ہٹانے سے اصل لمبائی اختیار نہیں کرتی۔ تین گاڑیاں ل
ٹکانے پر، سلاخ ٹوٹ جائے[]
 []


Underfull \hbox (badness 10000) in paragraph at lines 540--541
[]\TU/JameelNooriNastaleeq(0)/b/n/10 گی۔ عین ٹوٹنے سے قبل، لمبائی میں اضافہ $\O
T1/ppl/m/n/10 0.2 %$ \TU/JameelNooriNastaleeq(0)/b/n/10 سے کم ہو گا۔ اگرچہ جسام
ت کے اضلاع میں تبدیلی زیادہ نہیں، انجینئری میں اس کے دور رس نتائج ہوں[]
 []

LaTeX Info: Redefining \rmfamily on input line 544.
LaTeX Info: Redefining \sffamily on input line 544.
LaTeX Info: Redefining \ttfamily on input line 544.
LaTeX Info: Redefining \rmfamily on input line 544.
LaTeX Info: Redefining \sffamily on input line 544.
LaTeX Info: Redefining \ttfamily on input line 544.

Underfull \hbox (badness 10000) in paragraph at lines 543--545
[][]\TU/AASameerSagarNastaleeqBold(0)/m/n/10 تین طریقے۔ \TU/JameelNooriNastalee
q(0)/b/n/10 قوت لاگو کرنے پر، ٹھوس جسم کا طول و عرض تین طرح تبدیل ہو سکتا ہے۔ ش
کل 12.11a میں بیلن کھینچ کر لمبا کیا گیا ہے۔ شکل[]
 []


Underfull \hbox (badness 10000) in paragraph at lines 543--545
[]\TU/JameelNooriNastaleeq(0)/b/n/10 12.11b میں بیلن کی لمبی محور کو عمود دار ق
وت لاگو کر کے بیلن مسخ کیا گیا ہے۔ شکل 12.11c میں سیال میں ٹھوس جسم رکھ کر بلند
 داب کے زیر اثر تمام[]
 []


Underfull \hbox (badness 10000) in paragraph at lines 543--545
[]\TU/JameelNooriNastaleeq(0)/b/n/10 اطراف سے جسم دبایا گیا ہے۔ مسخ ہونے کی ان 
تین صورتوں میں یہ بات مشترک ہے کہ \TU/AASameerSagarNastaleeqBold(0)/m/n/10 جبر[
][] \TU/JameelNooriNastaleeq(0)/b/n/10 ، یعنی اکائی رقبہ پر لاگو قوت، جسم میں \
TU/AASameerSagarNastaleeqBold(0)/m/n/10 بگاڑ [][] \TU/JameelNooriNastaleeq(0)/b
/n/10 (کسری تبدیلی) پیدا[]
 []

[181]
LaTeX Info: Redefining \rmfamily on input line 547.
LaTeX Info: Redefining \sffamily on input line 547.
LaTeX Info: Redefining \ttfamily on input line 547.

Underfull \hbox (badness 10000) in paragraph at lines 546--549
[][]\TU/JameelNooriNastaleeq(0)/b/n/10 جبر اور بگاڑ تینوں صورتوں میں مختلف روپ 
اختیار کرتے ہیں، تاہم انجینئری کے مقاصد کے لئے جبر اور بگاڑ راست متناسب ہیں۔راس
ت متناسب کا مستقل[]
 []

LaTeX Info: Redefining \rmfamily on input line 552.
LaTeX Info: Redefining \sffamily on input line 552.
LaTeX Info: Redefining \ttfamily on input line 552.
LaTeX Info: Redefining \rmfamily on input line 552.
LaTeX Info: Redefining \sffamily on input line 552.
LaTeX Info: Redefining \ttfamily on input line 552.
LaTeX Info: Redefining \rmfamily on input line 552.
LaTeX Info: Redefining \sffamily on input line 552.
LaTeX Info: Redefining \ttfamily on input line 552.

Underfull \hbox (badness 10000) in paragraph at lines 551--553
[]\TU/JameelNooriNastaleeq(0)/b/n/10 تناوی خاصیت کے معیاری پرکھ میں پرکھی بیلن 
(جیسا شکل 12.12 میں دکھایا گیا ہے) پر تناوی جبر صفر قیمت سے آہستہ آہستہ بڑھایا 
جاتا ہے حتٰی کہ بیلن ٹوٹ[]
 []


Underfull \hbox (badness 10000) in paragraph at lines 551--553
[]\TU/JameelNooriNastaleeq(0)/b/n/10 جائے، اور ساتھ ساتھ بگاڑ ناپ کر ترسیم کی ج
اتی ہے۔ یوں شکل 12.13 کے طرز کی جبر بالمقابل بگاڑ ترسیم حاصل ہو گی۔لاگو جبر کی 
وسیع حد تک جبر اور بگاڑ[]
 []


Underfull \hbox (badness 10000) in paragraph at lines 551--553
[]\TU/JameelNooriNastaleeq(0)/b/n/10 کا تعلق خطی ہے، اور جبر ہٹانے پر پرکھی جسم
 واپس اصل طول و عرض اختیار کرتا ہے؛ اس خطی خطہ میں مساوات [][]۱۲.۲۲[][] []کا اط
لاق ہو گا۔ پرکھی جسم کی  \TU/AASameerSagarNastaleeqBold(0)/m/n/10 مغلوبی[]
 []

LaTeX Info: Redefining \rmfamily on input line 558.
LaTeX Info: Redefining \sffamily on input line 558.
LaTeX Info: Redefining \ttfamily on input line 558.

Underfull \hbox (badness 7613) in paragraph at lines 558--559
[]\TU/JameelNooriNastaleeq(0)/b/n/10 سادہ تان یا داب کے لئے، جسم پر جبر کی تعری
ف $\OML/zplm/m/it/10 F \OT1/zplm/m/n/10 / \OML/zplm/m/it/10 A$ \TU/JameelNooriN
astaleeq(0)/b/n/10 ہے، جہاں جسم کے رقبہ $\OML/zplm/m/it/10 A$ \TU/JameelNooriNa
staleeq(0)/b/n/10 پر عمود دار قوت کی قدر $\OML/zplm/m/it/10 F$ \TU/JameelNooriN
astaleeq(0)/b/n/10 ہے۔ بگاڑ سے مراد بے بُعد مقدار $\OT1/zplm/m/n/10 ^^A\OML/zpl
m/m/it/10 L \OT1/zplm/m/n/10 / \OML/zplm/m/it/10 L$[]
 []


Underfull \hbox (badness 10000) in paragraph at lines 558--559
[]\TU/JameelNooriNastaleeq(0)/b/n/10 ہے، جو جسم کی لمبائی میں کسری (یا بعض اوقا
ت فی صد) تبدیلی ہو گی۔اگر جسم ایک لمبی سلاخ ہو اور جبر مغلوبی مضبوطی سے تجاوز ن
ہ کرے، نا صرف پوری[]
 []


Underfull \hbox (badness 10000) in paragraph at lines 558--559
[]\TU/JameelNooriNastaleeq(0)/b/n/10 سلاخ کا بگاڑ بلکہ اس کے ہر ٹکڑے کا بگاڑ دی
ے گئے جبر کے لئے ایک جتنا ہو گا۔ چونکہ بگاڑ بے بُعد ہے، مساوات [][]۱۲.۲۲[][] []
میں مقیاس کے بُعد وہی ہو گا جو جبر کا ہے؛[]
 []

LaTeX Info: Redefining \rmfamily on input line 561.
LaTeX Info: Redefining \sffamily on input line 561.
LaTeX Info: Redefining \ttfamily on input line 561.
LaTeX Info: Redefining \rmfamily on input line 561.
LaTeX Info: Redefining \sffamily on input line 561.
LaTeX Info: Redefining \ttfamily on input line 561.
LaTeX Info: Redefining \rmfamily on input line 566.
LaTeX Info: Redefining \sffamily on input line 566.
LaTeX Info: Redefining \ttfamily on input line 566.
LaTeX Info: Redefining \rmfamily on input line 568.
LaTeX Info: Redefining \sffamily on input line 568.
LaTeX Info: Redefining \ttfamily on input line 568.

Underfull \hbox (badness 10000) in paragraph at lines 568--569
[][]\TU/JameelNooriNastaleeq(0)/b/n/10 اگرچہ تان اور داب دونوں میں جسم کا مقیاس
 ینگ تقریباً ایک ہو سکتا ہے، جسم کی اخیر مضبوطی جبر کے دو قسموں کے لئے بالکل مخ
تلف ہو گی۔ کانکریٹ ( کنکر[]
 []


Underfull \hbox (badness 10000) in paragraph at lines 568--569
[]\TU/JameelNooriNastaleeq(0)/b/n/10 اور سیمنٹ کے مسالے سے بنائی گئی) داب میں ا
نتہائی مضبوط لیکن تان میں اتنی کمزور کہ تان کی صورت میں کہیں استعمال نہیں ہوتی۔
 جدول [][]۱۲.۱[][] []میں انجینئری[]
 []

LaTeX Info: Redefining \rmfamily on input line 595.
LaTeX Info: Redefining \sffamily on input line 595.
LaTeX Info: Redefining \ttfamily on input line 595.
LaTeX Info: Redefining \rmfamily on input line 595.
LaTeX Info: Redefining \sffamily on input line 595.
LaTeX Info: Redefining \ttfamily on input line 595.

Underfull \hbox (badness 10000) in paragraph at lines 594--597
[]\TU/JameelNooriNastaleeq(0)/b/n/10 قینچ کی صورت میں بھی جبر فی اکائی رقبہ قوت
 ہو گا، تاہم قوت سمتیہ رقبے کے مستوی میں ہو گا نا کہ رقبے کو عمود دار۔ بگاڑ بے 
بُعد نسبت $\OT1/zplm/m/n/10 ^^A\OML/zplm/m/it/10 x \OT1/zplm/m/n/10 / \OML/zplm
/m/it/10 L$ \TU/JameelNooriNastaleeq(0)/b/n/10 ہو گی، جہاں[]
 []


Underfull \hbox (badness 6477) in paragraph at lines 594--597
[]\TU/JameelNooriNastaleeq(0)/b/n/10 مقادیر کی تعریف شکل 12.11b میں پیش ہے۔ مطا
بقتی مقیاس، جس کو انجینئری شعبہ میں $\OML/zplm/m/it/10 G$ \TU/JameelNooriNastal
eeq(0)/b/n/10 سے ظاہر کیا جاتا ہے، کو  \TU/AASameerSagarNastaleeqBold(0)/m/n/10
 مقیاس قینچ [][] \TU/JameelNooriNastaleeq(0)/b/n/10 کہتے ہیں۔ قینچ کے[]
 []

[182]
LaTeX Info: Redefining \rmfamily on input line 605.
LaTeX Info: Redefining \sffamily on input line 605.
LaTeX Info: Redefining \ttfamily on input line 605.
LaTeX Info: Redefining \rmfamily on input line 605.
LaTeX Info: Redefining \sffamily on input line 605.
LaTeX Info: Redefining \ttfamily on input line 605.

Underfull \hbox (badness 10000) in paragraph at lines 605--607
[]\TU/JameelNooriNastaleeq(0)/b/n/10 شکل 12.11c میں سیال کا دباو (فشار سیال) $\
OML/zplm/m/it/10 p$ \TU/JameelNooriNastaleeq(0)/b/n/10 جسم پر جبر پیدا کرتا ہے،
 اور جیسا آپ باب 14 میں دیکھیں گے،دباو کی تعریف اکائی رقبہ پر قوت ہے۔ بگاڑ[]
 []


Underfull \hbox (badness 10000) in paragraph at lines 605--607
[]$\OT1/zplm/m/n/10 ^^A\OML/zplm/m/it/10 V \OT1/zplm/m/n/10 / \OML/zplm/m/it/10
 V$ \TU/JameelNooriNastaleeq(0)/b/n/10 ہو گا، جہاں جسم کا اصل (ابتدائی) حجم $\O
ML/zplm/m/it/10 V$ \TU/JameelNooriNastaleeq(0)/b/n/10 اور حجم میں تبدیلی کی مطل
ق قیمت $\OT1/zplm/m/n/10 ^^A\OML/zplm/m/it/10 V$ \TU/JameelNooriNastaleeq(0)/b/
n/10 ہے۔ مطابقتی مقیاس، جس کی علامت $\OML/zplm/m/it/10 B$ \TU/JameelNooriNastal
eeq(0)/b/n/10 ہے، مادے کا[]
 []


Underfull \hbox (badness 10000) in paragraph at lines 611--612
[][]\TU/JameelNooriNastaleeq(0)/b/n/10 پانی کے لئے مقیاس حجم $\OT1/ppl/m/n/10 2
.2 \OMS/zplm/m/n/10 ^^B \OT1/ppl/m/n/10 10[] N m[]$ \TU/JameelNooriNastaleeq(0)
/b/n/10 اور فولاد کے لئے عددی$\OT1/ppl/m/n/10 1.6 \OMS/zplm/m/n/10 ^^B \OT1/ppl
/m/n/10 10[]$$N m[]$ \TU/JameelNooriNastaleeq(0)/b/n/10 ہے۔ بحر الکاہل کی تہہ م
یں، جو اوسطاً[]
 []


Underfull \hbox (badness 10000) in paragraph at lines 611--612
[]$\OT1/ppl/m/n/10 4000 m$ \TU/JameelNooriNastaleeq(0)/b/n/10 ہے، دباو $\OT1/pp
l/m/n/10 4.0 \OMS/zplm/m/n/10 ^^B \OT1/ppl/m/n/10 10[] N m[]$ \TU/JameelNooriNa
staleeq(0)/b/n/10 ہو گا۔ اس گہرائی پر پانی کے دباو سے پانی کے حجم میں کسری تبدی
لی $\OT1/zplm/m/n/10 ^^A\OML/zplm/m/it/10 V \OT1/zplm/m/n/10 / \OML/zplm/m/it/1
0 V$ \TU/JameelNooriNastaleeq(0)/b/n/10 کی قیمت $\OT1/ppl/m/n/10 1.8 %$[]
 []


Underfull \hbox (badness 10000) in paragraph at lines 611--612
[]\TU/JameelNooriNastaleeq(0)/b/n/10 ہو گی؛ فولادی جسم کے لئے صرف $\OT1/ppl/m/n
/10 0.025 %$ \TU/JameelNooriNastaleeq(0)/b/n/10 ہو گی۔ عموماً، ٹھوس اجسام، استو
ار جوہری جالی کی بدولت، سیال سے کم داب پذیر ہوں گے، جس میں جوہر یا[]
 []

[183]
LaTeX Info: Redefining \rmfamily on input line 619.
LaTeX Info: Redefining \sffamily on input line 619.
LaTeX Info: Redefining \ttfamily on input line 619.
LaTeX Info: Redefining \rmfamily on input line 619.
LaTeX Info: Redefining \sffamily on input line 619.
LaTeX Info: Redefining \ttfamily on input line 619.

Underfull \hbox (badness 10000) in paragraph at lines 619--620
[]\TU/JameelNooriNastaleeq(0)/b/n/10 (1) سلاخ کے سر پر قوت عمود دار اور یکساں ہ
ے لہٰذا قوت کی قدر $\OML/zplm/m/it/10 F$ \TU/JameelNooriNastaleeq(0)/b/n/10 اور
 رقبہ $\OML/zplm/m/it/10 A$ \TU/JameelNooriNastaleeq(0)/b/n/10 کی نسبت، جبر ہو 
گا۔ مساوات [][]۱۲.۲۳[][] []کا بایاں ہاتھ یہی نسبت ہے۔ (2)[]
 []

LaTeX Info: Redefining \rmfamily on input line 629.
LaTeX Info: Redefining \sffamily on input line 629.
LaTeX Info: Redefining \ttfamily on input line 629.
LaTeX Info: Redefining \rmfamily on input line 629.
LaTeX Info: Redefining \sffamily on input line 629.
LaTeX Info: Redefining \ttfamily on input line 629.

Underfull \hbox (badness 1178) in paragraph at lines 643--645
[]\TU/JameelNooriNastaleeq(0)/b/n/10 کا فولادی بیلن رکھنے سے میز کے چاروں پائے 
زیر داب ہوتے ہیں اور میز لڑکھڑانا بند کرتا ہے۔ (میز کی کمیت $\OML/zplm/m/it/10 
M$ \TU/JameelNooriNastaleeq(0)/b/n/10 سے بہت کم ہے۔) پائے لکڑ کے ہیں اور ان کا[
]
 []


Underfull \hbox (badness 10000) in paragraph at lines 647--649
[]\TU/JameelNooriNastaleeq(0)/b/n/10 ہم میز اور فولادی بیلن کو نظام مانتے ہیں۔ 
صورت حال شکل 12.9 کی طرح ہے؛ فرق صرف اتنا ہے کہ یہاں میز پر فولادی بیلن رکھا گی
ا ہے۔ اگر میز کا بالا تختہ[]
 []


Underfull \hbox (badness 10000) in paragraph at lines 647--649
[]\TU/JameelNooriNastaleeq(0)/b/n/10 عمل کرے گی۔واحد لمبا پایا زیادہ دبے گا (جس
 کو ہم $\OT1/zplm/m/n/10 ^^A\OML/zplm/m/it/10 L[]$ \TU/JameelNooriNastaleeq(0)/
b/n/10 لکھتے ہیں) لہٰذا اس پر قوت کی قدر $\OML/zplm/m/it/10 F[]$ \TU/JameelNoor
iNastaleeq(0)/b/n/10 بڑی ہو گی۔دوسرے لفظوں میں میز کا تختہ استوا ہونے کی[]
 []

[184]
LaTeX Info: Redefining \rmfamily on input line 653.
LaTeX Info: Redefining \sffamily on input line 653.
LaTeX Info: Redefining \ttfamily on input line 653.
LaTeX Info: Redefining \rmfamily on input line 653.
LaTeX Info: Redefining \sffamily on input line 653.
LaTeX Info: Redefining \ttfamily on input line 653.

Underfull \hbox (badness 2150) in paragraph at lines 653--654
[][]\TU/JameelNooriNastaleeq(0)/b/n/10 مساوات [][]۱۲.۲۳[][] []، لمبائی میں تبدی
لی اور اس تبدیلی کو پیدا کرنے والی قدر کا تعلق $\OT1/zplm/m/n/10 ^^A\OML/zplm/m
/it/10 L \OT1/zplm/m/n/10 = \OML/zplm/m/it/10 FL \OT1/zplm/m/n/10 / \OML/zplm/m
/it/10 AE$ \TU/JameelNooriNastaleeq(0)/b/n/10 دیتی ہے، جہاں پائے کی اصل لمبائی 
$\OML/zplm/m/it/10 L$ \TU/JameelNooriNastaleeq(0)/b/n/10 ہے۔[]
 []

LaTeX Info: Redefining \rmfamily on input line 669.
LaTeX Info: Redefining \sffamily on input line 669.
LaTeX Info: Redefining \ttfamily on input line 669.
LaTeX Info: Redefining \rmfamily on input line 669.
LaTeX Info: Redefining \sffamily on input line 669.
LaTeX Info: Redefining \ttfamily on input line 669.
LaTeX Info: Redefining \rmfamily on input line 669.
LaTeX Info: Redefining \sffamily on input line 669.
LaTeX Info: Redefining \ttfamily on input line 669.
LaTeX Info: Redefining \rmfamily on input line 669.
LaTeX Info: Redefining \sffamily on input line 669.
LaTeX Info: Redefining \ttfamily on input line 669.

Underfull \hbox (badness 10000) in paragraph at lines 668--670
[]\TU/JameelNooriNastaleeq(0)/b/n/10 جہاں نظام پر تجاذبی قوت $\OML/zplm/m/it/10
 Mg$ \TU/JameelNooriNastaleeq(0)/b/n/10 کے برابر ہے۔ (\TU/JameelNooriNastaleeq(
0)/m/n/9 تین \TU/JameelNooriNastaleeq(0)/b/n/10 پایوں پر قوت $[]$ ہے۔) ہمزاد مس
اوات [][]۱۲.۲۷[][] []اور مساوات [][]۱۲.۲۸[][] []، مثلاً $\OML/zplm/m/it/10 F[]$
 \TU/JameelNooriNastaleeq(0)/b/n/10 کے لئے ، حل کرنے[]
 []

LaTeX Info: Redefining \rmfamily on input line 675.
LaTeX Info: Redefining \sffamily on input line 675.
LaTeX Info: Redefining \ttfamily on input line 675.
LaTeX Info: Redefining \rmfamily on input line 687.
LaTeX Info: Redefining \sffamily on input line 687.
LaTeX Info: Redefining \ttfamily on input line 687.
LaTeX Info: Redefining \rmfamily on input line 690.
LaTeX Info: Redefining \sffamily on input line 690.
LaTeX Info: Redefining \ttfamily on input line 690.
LaTeX Info: Redefining \rmfamily on input line 690.
LaTeX Info: Redefining \sffamily on input line 690.
LaTeX Info: Redefining \ttfamily on input line 690.
[185]
LaTeX Info: Redefining \rmfamily on input line 694.
LaTeX Info: Redefining \sffamily on input line 694.
LaTeX Info: Redefining \ttfamily on input line 694.
LaTeX Info: Redefining \rmfamily on input line 694.
LaTeX Info: Redefining \sffamily on input line 694.
LaTeX Info: Redefining \ttfamily on input line 694.
LaTeX Info: Redefining \rmfamily on input line 694.
LaTeX Info: Redefining \sffamily on input line 694.
LaTeX Info: Redefining \ttfamily on input line 694.
LaTeX Info: Redefining \rmfamily on input line 694.
LaTeX Info: Redefining \sffamily on input line 694.
LaTeX Info: Redefining \ttfamily on input line 694.
LaTeX Info: Redefining \rmfamily on input line 698.
LaTeX Info: Redefining \sffamily on input line 698.
LaTeX Info: Redefining \ttfamily on input line 698.
LaTeX Info: Redefining \rmfamily on input line 698.
LaTeX Info: Redefining \sffamily on input line 698.
LaTeX Info: Redefining \ttfamily on input line 698.
LaTeX Info: Redefining \rmfamily on input line 699.
LaTeX Info: Redefining \sffamily on input line 699.
LaTeX Info: Redefining \ttfamily on input line 699.
LaTeX Info: Redefining \rmfamily on input line 702.
LaTeX Info: Redefining \sffamily on input line 702.
LaTeX Info: Redefining \ttfamily on input line 702.
LaTeX Info: Redefining \rmfamily on input line 702.
LaTeX Info: Redefining \sffamily on input line 702.
LaTeX Info: Redefining \ttfamily on input line 702.

Underfull \hbox (badness 5274) in paragraph at lines 704--706
[][]\TU/AASameerSagarNastaleeqBold(0)/m/n/10 مرکز کمیت \TU/JameelNooriNastaleeq
(0)/b/n/10 جسم کے ہر حصے پر تجاذبی قوت انفرادی طور پر عمل کرتی ہے۔ انفرادی اعما
ل کا صافی اثر جاننے کے لئے جسم کے  \TU/AASameerSagarNastaleeqBold(0)/m/n/10 مرک
ز کمیت  \TU/JameelNooriNastaleeq(0)/b/n/10 پر مساوی کل[]
 []

LaTeX Info: Redefining \rmfamily on input line 711.
LaTeX Info: Redefining \sffamily on input line 711.
LaTeX Info: Redefining \ttfamily on input line 711.
LaTeX Info: Redefining \rmfamily on input line 711.
LaTeX Info: Redefining \sffamily on input line 711.
LaTeX Info: Redefining \ttfamily on input line 711.
LaTeX Info: Redefining \rmfamily on input line 714.
LaTeX Info: Redefining \sffamily on input line 714.
LaTeX Info: Redefining \ttfamily on input line 714.
LaTeX Info: Redefining \rmfamily on input line 717.
LaTeX Info: Redefining \sffamily on input line 717.
LaTeX Info: Redefining \ttfamily on input line 717.
LaTeX Info: Redefining \rmfamily on input line 717.
LaTeX Info: Redefining \sffamily on input line 717.
LaTeX Info: Redefining \ttfamily on input line 717.

Underfull \hbox (badness 10000) in paragraph at lines 717--719
[]\TU/JameelNooriNastaleeq(0)/b/n/10 جہاں $\OT1/zplm/m/n/10 ^^A\OML/zplm/m/it/1
0 L \OT1/zplm/m/n/10 / \OML/zplm/m/it/10 L$ \TU/JameelNooriNastaleeq(0)/b/n/10 
جسم کا تناوی بگاڑ یا دباو بگاڑ ہے، $\OML/zplm/m/it/10 F$ \TU/JameelNooriNastale
eq(0)/b/n/10 لاگو قوت $[]$ کی قدر، $\OML/zplm/m/it/10 A$ \TU/JameelNooriNastale
eq(0)/b/n/10 وہ رقبہ عمودی تراش ہے جس پر قوت $[]$ (شکل 12.11a میں عمود دار)[]
 []

LaTeX Info: Redefining \rmfamily on input line 721.
LaTeX Info: Redefining \sffamily on input line 721.
LaTeX Info: Redefining \ttfamily on input line 721.

Underfull \hbox (badness 10000) in paragraph at lines 724--726
[]\TU/JameelNooriNastaleeq(0)/b/n/10 جہاں $\OT1/zplm/m/n/10 ^^A\OML/zplm/m/it/1
0 x \OT1/zplm/m/n/10 / \OML/zplm/m/it/10 L$ \TU/JameelNooriNastaleeq(0)/b/n/10 
جسم کا بگاڑ قینچ ہے، $\OT1/zplm/m/n/10 ^^A\OML/zplm/m/it/10 x$ \TU/JameelNooriN
astaleeq(0)/b/n/10 لاگو قوت $[]$ کے رخ (جیسا شکل 12.11b میں دکھایا گیا ہے) جسم 
کے ایک سر کا ہٹاو ہے، اور $\OML/zplm/m/it/10 G$ \TU/JameelNooriNastaleeq(0)/b/n
/10 جسم کا[]
 []

LaTeX Info: Redefining \rmfamily on input line 728.
LaTeX Info: Redefining \sffamily on input line 728.
LaTeX Info: Redefining \ttfamily on input line 728.
LaTeX Info: Redefining \rmfamily on input line 731.
LaTeX Info: Redefining \sffamily on input line 731.
LaTeX Info: Redefining \ttfamily on input line 731.
LaTeX Info: Redefining \rmfamily on input line 731.
LaTeX Info: Redefining \sffamily on input line 731.
LaTeX Info: Redefining \ttfamily on input line 731.
[186]
Underfull \hbox (badness 2529) in paragraph at lines 731--733
[]\TU/JameelNooriNastaleeq(0)/b/n/10 جہاں جسم پر سیال کی وجہ سے دباو (\TU/Jamee
lNooriNastaleeq(0)/m/n/9 ماقوائی جبر\TU/JameelNooriNastaleeq(0)/b/n/10 ) $\OML/
zplm/m/it/10 p$ \TU/JameelNooriNastaleeq(0)/b/n/10 ہے، بگاڑ $\OT1/zplm/m/n/10 ^
^A\OML/zplm/m/it/10 V \OT1/zplm/m/n/10 / \OML/zplm/m/it/10 V$ \TU/JameelNooriNa
staleeq(0)/b/n/10 جسم کے حجم میں $\OML/zplm/m/it/10 p$ \TU/JameelNooriNastaleeq
(0)/b/n/10 کی بدولت مطلق کسری تبدیلی ہے، اور $\OML/zplm/m/it/10 B$ \TU/JameelNo
oriNastaleeq(0)/b/n/10 جسم کا  \TU/AASameerSagarNastaleeqBold(0)/m/n/10 مقیاس ح
جم[]
 []


Underfull \hbox (badness 10000) in paragraph at lines 739--741
[]\TU/JameelNooriNastaleeq(0)/b/n/10 سوال  ۱۲.۱:  سلاخ کا ایک سر دیوار کے ساتھ 
چولدار ہے، جبکہ سلاخ کا دوسرا سر رسّی سے باندھا گیا ہے (شکل 12.15)۔ لکھ کر حساب
 کیے بغیر دی گئی تین[]
 []


Underfull \hbox (badness 10000) in paragraph at lines 741--745
[] \TU/JameelNooriNastaleeq(0)/b/n/10 سوال  ۱۲.۲:  استوار شہتیر دو ستون پر رکھا
 گیا ہے جو زمین میں دھنسے ہوئے ہیں (شکل 12.16)۔بھاری تجوری چھ مختلف مقامات پر ب
اری باری رکھی جاتی[]
 []


Underfull \hbox (badness 10000) in paragraph at lines 741--745
[]\TU/JameelNooriNastaleeq(0)/b/n/10 ہے۔ شہتیر کی کمیت نظر انداز کریں۔ (ا) ستون
 $\OML/zplm/m/it/10 A$ \TU/JameelNooriNastaleeq(0)/b/n/10 پر زیادہ سے زیادہ داب
 اول رکھ کر اور زیادہ سے زیادہ تان آخر میں رکھ کر، ان مقامات کی درجہ بندی کریں،
[]
 []


Underfull \hbox (badness 10000) in paragraph at lines 745--749
[] \TU/JameelNooriNastaleeq(0)/b/n/10 سوال  ۱۲.۳:  گھومتے ہوئے یکساں قرص، جو بل
ا رگڑ فرش پر پھسل کر حرکت کرتا ہے، کے فضائی جائزہ شکل 12.17 میں پیش ہیں۔ہر ایک 
قرص پر $\OML/zplm/m/it/10 F$\TU/JameelNooriNastaleeq(0)/b/n/10 ،[]
 []


Underfull \hbox (badness 10000) in paragraph at lines 745--749
[]$\OT1/ppl/m/n/10 2\OML/zplm/m/it/10 F$\TU/JameelNooriNastaleeq(0)/b/n/10 ، او
ر $\OT1/ppl/m/n/10 3\OML/zplm/m/it/10 F$ \TU/JameelNooriNastaleeq(0)/b/n/10 قدر
 کی تین قوتیں چکر پر، یا وسط پر، اور یا چکا اور وسط کے نصف فاصلے پر، عمل کرتی ہ
یں۔ قوت سمتیات قرص کے ساتھ ساتھ گھومتے ہیں، اور[]
 []


Underfull \hbox (badness 10000) in paragraph at lines 749--754
[] \TU/JameelNooriNastaleeq(0)/b/n/10 سوال  ۱۲.۴:  ایک سیڑھی بلا رگڑ دیوار کے س
اتھ ٹیک لگا کر کھڑی ہے، جبکہ فرش کی رگڑی قوت اس کو پھسل کر گرنے سے روکتی ہے۔ فر
ض کریں آپ[]
 []


Underfull \hbox (badness 10000) in paragraph at lines 749--754
[]\TU/JameelNooriNastaleeq(0)/b/n/10 سیڑھی کے پیندا کو دیوار کے قریب لاتے ہیں۔ 
بتائیں درج ذیل میں کون قدر کے لحاظ سے بڑھتا ہے، گھٹتا ہے، یا وہی رہتا ہے؟ (ا) ف
رش سے سیڑھی پر انتصابی[]
 []


Underfull \hbox (badness 10000) in paragraph at lines 759--763
[] \TU/JameelNooriNastaleeq(0)/b/n/10 سوال  ۱۲.۶:  یکساں ڈنڈا ، جس پر چار قوت ع
مل کرتی ہیں ، کا فضائی جائزہ شکل 12.19 میں پیش ہے۔ فرض کریں ہم محور گھماو نقطہ 
$\OML/zplm/m/it/10 O$ \TU/JameelNooriNastaleeq(0)/b/n/10 پر رکھ کر قوت[]
 []


Underfull \hbox (badness 10000) in paragraph at lines 759--763
[]\TU/JameelNooriNastaleeq(0)/b/n/10 مروڑ تلاش کر دیکھیں قوت مروڑ توازن میں ہیں
۔ کیا قوت مروڑ تب بھی توازن میں ہوں گی اگر ہم محور گھماو (ا) نقطہ $\OML/zplm/m/
it/10 A$ \TU/JameelNooriNastaleeq(0)/b/n/10 پر (ڈنڈے پر) ، (ب) نقطہ $\OML/zplm/
m/it/10 B$ \TU/JameelNooriNastaleeq(0)/b/n/10 پر[]
 []


Underfull \hbox (badness 10000) in paragraph at lines 759--763
[]\TU/JameelNooriNastaleeq(0)/b/n/10 (ڈنڈے کی سیدھ میں) ، (ج) نقطہ $\OML/zplm/m
/it/10 C$ \TU/JameelNooriNastaleeq(0)/b/n/10 پر (ڈنڈے کی ایک جانب) رکھیں؟ (د) ف
رض کریں نقطہ $\OML/zplm/m/it/10 O$ \TU/JameelNooriNastaleeq(0)/b/n/10 پر قوت مر
وڑ توازن میں نہیں ہیں۔ کیا کوئی نقطہ ایسا ہو گا[]
 []


Underfull \hbox (badness 10000) in paragraph at lines 763--767
[] \TU/JameelNooriNastaleeq(0)/b/n/10 سوال  ۱۲.۷:  ساکن سلاخ $\OML/zplm/m/it/10
 AC$ \TU/JameelNooriNastaleeq(0)/b/n/10 ، جس کی کمیت $\OT1/ppl/m/n/10 5.0 []$ \
TU/JameelNooriNastaleeq(0)/b/n/10 ہے، دیوار کے ساتھ رسّی ، اور سلاخ اور دیوار ک
ے بیچ رگڑ کی مدد سے رکھا گیا ہے (شکل[]
 []


Underfull \hbox (badness 1490) in paragraph at lines 763--767
[]\TU/JameelNooriNastaleeq(0)/b/n/10 12.20)۔ یکساں سلاخ کی لمبائی $\OT1/ppl/m/n
/10 1 m$ \TU/JameelNooriNastaleeq(0)/b/n/10 ہے اور زاویہ $\OML/zplm/m/it/10 ^^R
 \OT1/zplm/m/n/10 = \OT1/ppl/m/n/10 30[]$ \TU/JameelNooriNastaleeq(0)/b/n/10 ہے
۔ (ا) واحد مساوات استعمال کر کے سلاخ پر رسّی کی قوت $[]$ کی قدر تلاش[]
 []


Underfull \hbox (badness 10000) in paragraph at lines 763--767
[]\TU/JameelNooriNastaleeq(0)/b/n/10 کرنے کے لئے محور گھماو کس نقطہ پر رکھنا ہو
 گا؟ اس محور کے لحاظ سے، اور خلاف گھڑی قوت مروڑ مثبت لیتے ہوئے، (ب) سلاخ کے وزن
 کی قوت مروڑ $\OML/zplm/m/it/10 ^^\[]$[]
 []

[187]
Underfull \hbox (badness 10000) in paragraph at lines 767--772
[] \TU/JameelNooriNastaleeq(0)/b/n/10 سوال  ۱۲.۸:  تین کھلونے بلا کمیت جرثقیل ا
ور ڈور کے نظام سے لٹکے ہیں (شکل 12.21)۔ ایک ڈور چھت سے لٹک کر دائیں جرثقیل سے ہ
و کر آخر کار[]
 []


Underfull \hbox (badness 2221) in paragraph at lines 767--772
[]\TU/JameelNooriNastaleeq(0)/b/n/10 بائیں ہاتھ نچلے جرثقیل پر اختتام پذیر ہوتی
 ہے۔جرثقیل کے گرد ڈور آدھا چکر لپٹی ہے۔دیگر چھوٹی ڈور سے جرثقیل چھت سے، یا کھلو
نے جرثقیل سے، لٹکائے[]
 []


Underfull \hbox (badness 10000) in paragraph at lines 767--772
[]\TU/JameelNooriNastaleeq(0)/b/n/10 گئے ہیں۔ دو کھلونوں کا وزن دیا گیا ہے۔ (ا)
 تیسرے کھلونے کا وزن کیا ہے؟ (\TU/JameelNooriNastaleeq(0)/m/n/9 اشارہ: \TU/Jame
elNooriNastaleeq(0)/b/n/10 جب ڈور ایک جرثقیل کے گرد آدھا چکر کاٹے، جرثقیل پر ڈو
ر کی تان کی[]
 []


Underfull \hbox (badness 10000) in paragraph at lines 777--781
[] \TU/JameelNooriNastaleeq(0)/b/n/10 سوال  ۱۲.۱۰:  افقی سل دو رسّیوں، $\OML/zp
lm/m/it/10 A$ \TU/JameelNooriNastaleeq(0)/b/n/10 اور $\OML/zplm/m/it/10 B$\TU/J
ameelNooriNastaleeq(0)/b/n/10 ، سے لٹکی ہے (شکل 12.23)۔ ماسوائے ابتدائی لمبائیو
ں کے، رسّیاں متماثل ہیں۔ رسّی $\OML/zplm/m/it/10 A$ \TU/JameelNooriNastaleeq(0)
/b/n/10 کے لحاظ[]
 []


Underfull \hbox (badness 10000) in paragraph at lines 777--781
[]\TU/JameelNooriNastaleeq(0)/b/n/10 سے سل کا مرکز کمیت $\OML/zplm/m/it/10 B$ \
TU/JameelNooriNastaleeq(0)/b/n/10 کے زیادہ قریب ہے۔ (ا) سل کے مرکز کمیت پر قوت 
مروڑ ناپتے ہوئے کیا $\OML/zplm/m/it/10 A$ \TU/JameelNooriNastaleeq(0)/b/n/10 کی
 قوت مروڑ کی قدر $\OML/zplm/m/it/10 B$ \TU/JameelNooriNastaleeq(0)/b/n/10 کی قو
ت مروڑ کی قدر[]
 []


Underfull \hbox (badness 10000) in paragraph at lines 777--781
[]\TU/JameelNooriNastaleeq(0)/b/n/10 سے زیادہ ہو گی، کم ہو گی، یا اس کے برابر ہ
و گی؟ (ب) سل پر کونسی رسّی زیادہ قوت ڈالتی ہے؟ (ج) اگر اس وقت رسّیوں کی لمبائیا
ں برابر ہے، کس رسّی کی[]
 []


Underfull \hbox (badness 10000) in paragraph at lines 781--786
[] \TU/JameelNooriNastaleeq(0)/b/n/10 سوال  ۱۲.۱۱:  ذیل جدول میں تین سلاخوں کی 
ابتدائی لمبائیاں اور سلاخوں کے سر پر قوت لاگو کرنے کے بعد لمبائیوں میں تبدیلی پ
یش ہے۔ بگاڑ کے لحاظ[]
 []


Underfull \hbox (badness 10000) in paragraph at lines 797--802
[] \TU/JameelNooriNastaleeq(0)/b/n/10 سوال  ۱۲.۱۲:  سات جرثقیل شکل 12.24 میں دک
ھائے گئے ہیں۔ ایک لمبی رسّی تمام جرثقیل کے گرد لپٹی ہے، جبکہ چھوٹی رسّیاں جرثقی
ل کو چھت سے یا[]
 []


Underfull \hbox (badness 10000) in paragraph at lines 797--802
[]\TU/JameelNooriNastaleeq(0)/b/n/10 وزن کو جرثقیل سے لٹکاتی ہیں۔ ایک کے علاوہ 
تمام وزن (نیوٹن میں) دیے گئے ہیں۔ (ا) یہ وزن کتنا ہے؟ (\TU/JameelNooriNastaleeq
(0)/m/n/9 اشارہ: \TU/JameelNooriNastaleeq(0)/b/n/10 جب رسّی جرثقیل کے گرد نصف د
ائرہ لپٹی[]
 []


Underfull \hbox (badness 1184) in paragraph at lines 811--813
[]\TU/JameelNooriNastaleeq(0)/b/n/10 سوال  ۱۲.۱:  روز مرہ اجسام کی پوری جسامت پ
ر $\OML/zplm/m/it/10 g$ \TU/JameelNooriNastaleeq(0)/b/n/10 اتنا معمولی تبدیل ہو
تا ہے کہ کسی بھی جسم کا مرکز کمیت اور مرکز ثقل ایک تصور کیا جا سکتا ہے۔ آئیں ای
ک[]
 []


Underfull \hbox (badness 10000) in paragraph at lines 811--813
[]\TU/JameelNooriNastaleeq(0)/b/n/10 فرضی مثال لیتے ہیں جہاں $\OML/zplm/m/it/10
 g$ \TU/JameelNooriNastaleeq(0)/b/n/10 زیادہ تبدیل ہوتا ہو۔ شکل 12.25 میں چھ ذر
ے دو قطار میں ، بلا کمیت سلاخوں کے ڈھانچے پر جکڑا گیا ہے۔ ہر ذرے کی کمیت[]
 []


Underfull \hbox (badness 10000) in paragraph at lines 811--813
[]$\OML/zplm/m/it/10 m$ \TU/JameelNooriNastaleeq(0)/b/n/10 ہے ۔ کنارے پر قریبی 
ذروں کے بیچ فاصلہ $\OT1/ppl/m/n/10 2.00 m$ \TU/JameelNooriNastaleeq(0)/b/n/10 ہ
ے۔ ذیل جدول ہر ذرے کے مقام پر $\OML/zplm/m/it/10 g$ \TU/JameelNooriNastaleeq(0)
/b/n/10 کی قیمت ($\OT1/ppl/m/n/10 m s[]$ \TU/JameelNooriNastaleeq(0)/b/n/10 میں
) دیتا ہے۔ دیا گیا محددی[]
 []


Underfull \hbox (badness 5274) in paragraph at lines 811--813
[]\TU/JameelNooriNastaleeq(0)/b/n/10 نظام استعمال کرکے چھ ذروی نظام کے مرکز کمی
ت کا (ا) $\OML/zplm/m/it/10 x$ \TU/JameelNooriNastaleeq(0)/b/n/10 محدد $\OML/zp
lm/m/it/10 x[]$ \TU/JameelNooriNastaleeq(0)/b/n/10 اور (ب) $\OML/zplm/m/it/10 y
$ \TU/JameelNooriNastaleeq(0)/b/n/10 محدد $\OML/zplm/m/it/10 y[]$ \TU/JameelNoo
riNastaleeq(0)/b/n/10 تلاش کریں۔ (ج) چھ ذروی نظام کے مرکز ثقل[]
 []

[188]
Underfull \hbox (badness 10000) in paragraph at lines 830--832
[]\TU/JameelNooriNastaleeq(0)/b/n/10 سوال  ۱۲.۲:  ایک گاڑی، جس کی کمیت $\OT1/pp
l/m/n/10 1360 []$ \TU/JameelNooriNastaleeq(0)/b/n/10 ہے، کے اگلے اور پچھلے دھرو
ں کے بیچ $\OT1/ppl/m/n/10 3.05 m$ \TU/JameelNooriNastaleeq(0)/b/n/10 فاصلہ ہے۔ 
مرکز کمیت اگلے دھرے سے[]
 []


Underfull \hbox (badness 10000) in paragraph at lines 841--845
[] \TU/JameelNooriNastaleeq(0)/b/n/10 سوال  ۱۲.۵:  بلا کمیت رسّی دو نقطوں کے بی
چ افقی باندھی جاتی ہے۔ ان نقطوں کے بیچ فاصلہ $\OT1/ppl/m/n/10 3.44 m$ \TU/Jamee
lNooriNastaleeq(0)/b/n/10 ہے۔ رسّی کے وسط سے $\OT1/ppl/m/n/10 3160 N$ \TU/Jamee
lNooriNastaleeq(0)/b/n/10 وزن[]
 []


Underfull \hbox (badness 10000) in paragraph at lines 845--850
[] \TU/JameelNooriNastaleeq(0)/b/n/10 سوال  ۱۲.۶:  ایک پاڑ ، جس کی کمیت $\OT1/p
pl/m/n/10 60 []$ \TU/JameelNooriNastaleeq(0)/b/n/10 اور لمبائی $\OT1/ppl/m/n/10
 5.0 m$ \TU/JameelNooriNastaleeq(0)/b/n/10 ہے، کو افقی حالت میں پاڑ کے سر پر بن
دھی انتصابی رسّیاں رکھتی ہیں۔ پار کے ایک سر[]
 []


Underfull \hbox (badness 10000) in paragraph at lines 850--855
[] \TU/JameelNooriNastaleeq(0)/b/n/10 سوال  ۱۲.۷:  ایک شخص، جس کی کمیت $\OT1/pp
l/m/n/10 75 []$ \TU/JameelNooriNastaleeq(0)/b/n/10 ہے، $\OT1/ppl/m/n/10 10 []$ 
\TU/JameelNooriNastaleeq(0)/b/n/10 کمیت کی $\OT1/ppl/m/n/10 5.0 m$ \TU/JameelNo
oriNastaleeq(0)/b/n/10 لمبی سیڑھی استعمال کرتا ہے۔سیڑھی کا ایک سر دیوار سے[]
 []


Underfull \hbox (badness 10000) in paragraph at lines 850--855
[]$\OT1/ppl/m/n/10 2.5 m$ \TU/JameelNooriNastaleeq(0)/b/n/10 فاصلے پر اور دوسرا
 بلا رگڑ دیوار کے ساتھ جوڑ کر، شخص سیڑھی چڑھتا ہے۔ (ا) سیڑھی کی دیوار پر قوت او
ر (ب) زمین کی سیڑھی پر قوت کی قدر کیا[]
 []


Underfull \hbox (badness 10000) in paragraph at lines 855--859
[] \TU/JameelNooriNastaleeq(0)/b/n/10 سوال  ۱۲.۸:  متوازن ہنڈولے پر بیٹھے گنتی 
دار بچوں کا وزن (نیوٹن میں) شکل 12.27 میں پیش ہے۔ چول $\OML/zplm/m/it/10 f$ \TU
/JameelNooriNastaleeq(0)/b/n/10 پر (ا) صفحہ سے باہر رخ اور (ب) صفحہ کے[]
 []

LaTeX Info: Redefining \rmfamily on input line 862.
LaTeX Info: Redefining \sffamily on input line 862.
LaTeX Info: Redefining \ttfamily on input line 862.

Underfull \hbox (badness 10000) in paragraph at lines 859--863
[] \TU/JameelNooriNastaleeq(0)/b/n/10 سوال  ۱۲.۹:  افقی \TU/AASameerSagarNastal
eeqBold(0)/m/n/10 میٹر مسطر \TU/JameelNooriNastaleeq(0)/b/n/10 تلوار کی دھار پر
 [][] $\OT1/ppl/m/n/10 50.0 []$ \TU/JameelNooriNastaleeq(0)/b/n/10 کی نشان پر ت
وازن میں ہے۔ $\OT1/ppl/m/n/10 12.0 []$ \TU/JameelNooriNastaleeq(0)/b/n/10 نشان 
پر دو سکے، جن کی انفرادی کمیت[]
 []

[189]
Underfull \hbox (badness 10000) in paragraph at lines 872--878
[] \TU/JameelNooriNastaleeq(0)/b/n/10 سوال  ۱۲.۱۲:  کیچڑ میں پھنسی گاڑی کو نکال
نے کے لئے ایک شخص گاڑی کا اگلا حصہ رسّی کے ذریعہ سامنے $\OT1/ppl/m/n/10 18 m$ \
TU/JameelNooriNastaleeq(0)/b/n/10 دور کھمبے کے ساتھ باندھ کر رسّی کو وسطی[]
 []


Underfull \hbox (badness 10000) in paragraph at lines 872--878
[]\TU/JameelNooriNastaleeq(0)/b/n/10 نقطہ سے $\OT1/ppl/m/n/10 550 N$ \TU/Jameel
NooriNastaleeq(0)/b/n/10 قوت کے ساتھ پہلو کی طرف کھینچتا ہے (شکل 12.30)۔ رسّی ک
ا وسطی نقطہ اپنی جگہ سے $\OT1/ppl/m/n/10 0.30 m$ \TU/JameelNooriNastaleeq(0)/b/
n/10 دور ہٹتا ہے، تاہم گاڑی ٹس سے[]
 []


Underfull \hbox (badness 10000) in paragraph at lines 878--882
[] \TU/JameelNooriNastaleeq(0)/b/n/10 سوال  ۱۲.۱۳:  شکل 12.31  میں ٹانگ کے نچلے
 حصہ اور پاوں کی اندرونی ساخت پیش ہے۔پنجوں پر کھڑا ہونے کے لئے ایڑی زمین سے اٹھ
ائی جاتی ہے اور[]
 []


Underfull \hbox (badness 10000) in paragraph at lines 882--887
[] \TU/JameelNooriNastaleeq(0)/b/n/10 سوال  ۱۲.۱۴:  افقی یکساں پاڑ، جس کی لمبائ
ی $\OT1/ppl/m/n/10 2.0 m$ \TU/JameelNooriNastaleeq(0)/b/n/10 اور کمیت $\OT1/ppl
/m/n/10 50.0 []$ \TU/JameelNooriNastaleeq(0)/b/n/10 ہے، عمارت سے دو رسّوں کے ذر
یعے لٹکا ہے (شکل 12.32)۔ پاڑ پر[]
 []


Underfull \hbox (badness 3386) in paragraph at lines 882--887
[]\TU/JameelNooriNastaleeq(0)/b/n/10 کئی رنگ و روغن کے ڈبے رکھا گئے ہیں۔ ان ڈبو
ں کی مجموعی کمیت $\OT1/ppl/m/n/10 75.0 []$ \TU/JameelNooriNastaleeq(0)/b/n/10 ہ
ے۔ دائیں رسّی میں تناو $\OT1/ppl/m/n/10 722 N$ \TU/JameelNooriNastaleeq(0)/b/n/
10 ہے۔ رنگ کے ڈبوں کا مرکز کمیت اس[]
 []


Underfull \hbox (badness 2856) in paragraph at lines 887--892
[] \TU/JameelNooriNastaleeq(0)/b/n/10 سوال  ۱۲.۱۵:  قوت $[]$ ، $[]$، اور $[]$ ا
یک ڈھانچے پر ، جس کا فضائی جائزہ شکل 12.33 میں پیش ہے، عمل پیرا ہیں۔ ڈھانچہ متو
ازن بنانے کی غرض[]
 []


Underfull \hbox (badness 10000) in paragraph at lines 892--897
[] \TU/JameelNooriNastaleeq(0)/b/n/10 سوال  ۱۲.۱۶:  مکعب یکساں پیٹی، جس کا ضلع 
$\OT1/ppl/m/n/10 0.750 m$ \TU/JameelNooriNastaleeq(0)/b/n/10 اور وزن $\OT1/ppl/
m/n/10 500 N$ \TU/JameelNooriNastaleeq(0)/b/n/10 ہے، فرش پر انتہائی چھوٹی اکڑ ر
کاوٹ کے ساتھ مس پڑی ہے۔فرش سے[]
 []


Underfull \hbox (badness 10000) in paragraph at lines 897--901
[] \TU/JameelNooriNastaleeq(0)/b/n/10 سوال  ۱۲.۱۷:  ایک شہتیر، جس کا وزن $\OT1/
ppl/m/n/10 500 N$ \TU/JameelNooriNastaleeq(0)/b/n/10 اور لمبائی $\OT1/ppl/m/n/1
0 3.0 m$ \TU/JameelNooriNastaleeq(0)/b/n/10 ہے، افقی لٹکا ہے (شکل 12.34)۔ اس جا
 بایاں سر چول دار ہے اور دایاں سر[]
 []


Underfull \hbox (badness 10000) in paragraph at lines 897--901
[]\TU/JameelNooriNastaleeq(0)/b/n/10 رسّی سے باندھا گیا ہے۔ رسّی کا دوسرا سر چو
ل سے $\OML/zplm/m/it/10 D$ \TU/JameelNooriNastaleeq(0)/b/n/10 بلندی پر دیوار می
ں لگے قابلے سے باندھا گیا ہے۔رسّی ،بغیر ٹوٹے ، زیادہ سے زیادہ $\OT1/ppl/m/n/10 
1200 N$ \TU/JameelNooriNastaleeq(0)/b/n/10 تناو[]
 []


Underfull \hbox (badness 10000) in paragraph at lines 897--901
[]\TU/JameelNooriNastaleeq(0)/b/n/10 برداشت کر سکتی ہے۔ (ا) $\OML/zplm/m/it/10 
D$ \TU/JameelNooriNastaleeq(0)/b/n/10 کو کونسی قیمت رسّی میں اتنا تناو پیدا کرے
 گی؟ (ب) رسّی کو ٹوٹنے سے بچانے کے لئے کیا $\OML/zplm/m/it/10 D$ \TU/JameelNoor
iNastaleeq(0)/b/n/10 اس قیمت سے بڑھانی ہو گی یا[]
 []


Underfull \hbox (badness 10000) in paragraph at lines 905--910
[] \TU/JameelNooriNastaleeq(0)/b/n/10 سوال  ۱۲.۱۹:  سروتا کی مدد سے اخروٹ توڑنے
 کے لئے اخروٹ کے چھلکا پر دونوں جانب سے $\OT1/ppl/m/n/10 40 N$ \TU/JameelNooriN
astaleeq(0)/b/n/10 قوت درکار ہے۔ شکل 12.36 میں پیش سروتا[]
 []


Underfull \hbox (badness 10000) in paragraph at lines 914--920
[] \TU/JameelNooriNastaleeq(0)/b/n/10 سوال  ۱۲.۲۱: ُ شکل 12.38 میں نظام توازن م
یں ہے۔کانکریٹ سل، جس کی کمیت $\OT1/ppl/m/n/10 225 []$ \TU/JameelNooriNastaleeq(
0)/b/n/10 ہے، یکساں بازو سے لٹک رہی ہے، جس کی کمیت[]
 []


Underfull \hbox (badness 10000) in paragraph at lines 920--925
[] \TU/JameelNooriNastaleeq(0)/b/n/10 سوال  ۱۲.۲۲:  شکل 12.39 میں چٹان پیما دکھ
ایا گیا ہے، جو پیچھے جھک کر، شگاف کے ایک طرف ہاتھوں سے کھینچ کر اور شگاف کی دوس
ری طرف پاوں سے[]
 []


Underfull \hbox (badness 4981) in paragraph at lines 920--925
[]\TU/JameelNooriNastaleeq(0)/b/n/10 افقی کھینچ اور پاوں کی کم سے کم افقی دکھیل
 کیا ہے؟ (ب) جزو ا میں حاصل نتیجہ کے لئے ہاتھوں اور پاوں کے بیچ انتصابی فاصلہ $
\OML/zplm/m/it/10 h$ \TU/JameelNooriNastaleeq(0)/b/n/10 کیا ہو گا؟ اگر راستے می
ں گیلا پتھر[]
 []

[190]
Underfull \hbox (badness 10000) in paragraph at lines 925--929
[] \TU/JameelNooriNastaleeq(0)/b/n/10 سوال  ۱۲.۲۳:  یکساں شہتیر، جس کا وزن $\OT
1/ppl/m/n/10 222 N$ \TU/JameelNooriNastaleeq(0)/b/n/10 ہے، کا ایک سر چول دار ہے
؛ اس کا دوسرا سر رسّی کے ذریعہ دیوار سے باندھا گیا ہے۔دیوار اور شہتیر[]
 []


Underfull \hbox (badness 10000) in paragraph at lines 929--934
[] \TU/JameelNooriNastaleeq(0)/b/n/10 سوال  ۱۲.۲۴:  چٹان پیما، جس کا وزن $\OT1/
ppl/m/n/10 533.8 N$ \TU/JameelNooriNastaleeq(0)/b/n/10 ہے، کو رسّی تھام کر رکھے
 ہوئے ہے، جو لپیٹن کنڈا سے گزر کر اس کے کولھا پٹی سے بندھی ہے (شکل[]
 []


Underfull \hbox (badness 10000) in paragraph at lines 934--939
[] \TU/JameelNooriNastaleeq(0)/b/n/10 سوال  ۱۲.۲۵:  شکل 12.42 میں پہیے کو سیڑھی
 پر چڑھانے کے لئے پہیے کے دھرے پر افقی قوت $[]$ کی قدر کیا ہو گی؟ سیڑھی کی بلند
ی[]
 []


Underfull \hbox (badness 10000) in paragraph at lines 954--959
[] \TU/JameelNooriNastaleeq(0)/b/n/10 سوال  ۱۲.۲۹:  ایک دروازے کی اونچائی، انتص
ابی محور $\OML/zplm/m/it/10 y$ \TU/JameelNooriNastaleeq(0)/b/n/10 کے ہمراہ $\OT
1/ppl/m/n/10 2.1 m$ \TU/JameelNooriNastaleeq(0)/b/n/10 اور چوڑائی، افقی محور $\
OML/zplm/m/it/10 x$ \TU/JameelNooriNastaleeq(0)/b/n/10 کے ہمراہ $\OT1/ppl/m/n/1
0 0.91 m$ \TU/JameelNooriNastaleeq(0)/b/n/10 ہے۔ دروازے کے بالا سر[]
 []


Underfull \hbox (badness 10000) in paragraph at lines 954--959
[]\TU/JameelNooriNastaleeq(0)/b/n/10 سے $\OT1/ppl/m/n/10 0.30 m$ \TU/JameelNoor
iNastaleeq(0)/b/n/10 پر چول اور نچلے سر سے $\OT1/ppl/m/n/10 0.30 m$ \TU/JameelN
ooriNastaleeq(0)/b/n/10 پر چول دروازے کی آدھی آدھی کمیت اٹھاتے ہیں۔ دروازے کی ک
میت $\OT1/ppl/m/n/10 27 []$ \TU/JameelNooriNastaleeq(0)/b/n/10 ہے۔ اکائی سمتیہ[
]
 []


Underfull \hbox (badness 10000) in paragraph at lines 959--965
[] \TU/JameelNooriNastaleeq(0)/b/n/10 سوال  ۱۲.۳۰:  یکساں چوکور تختی ، جس کا ضل
ع $\OML/zplm/m/it/10 L \OT1/zplm/m/n/10 = \OT1/ppl/m/n/10 2.00 m$ \TU/JameelNoo
riNastaleeq(0)/b/n/10 اور کمیت $\OT1/ppl/m/n/10 50.0 []$ \TU/JameelNooriNastale
eq(0)/b/n/10 ہے، بلا کمیت افقی سلاخ، جس کی لمبائی[]
 []


Underfull \hbox (badness 1308) in paragraph at lines 959--965
[]$\OML/zplm/m/it/10 d[] \OT1/zplm/m/n/10 = \OT1/ppl/m/n/10 3.0 m$ \TU/JameelNo
oriNastaleeq(0)/b/n/10 ہے، سے لٹکی ہے۔ سلاخ کے سر سے رسّی ، چول سے $\OML/zplm/m
/it/10 d[] \OT1/zplm/m/n/10 = \OT1/ppl/m/n/10 4.00 m$ \TU/JameelNooriNastaleeq(
0)/b/n/10 بلند نقطے پر، دیوار سے باندھی گئی ہے۔ (ا) رسّی[]
 []


Underfull \hbox (badness 10000) in paragraph at lines 959--965
[]\TU/JameelNooriNastaleeq(0)/b/n/10 میں تان تلاش کریں۔ دیوار سے سلاخ پر قوت کے
 افقی جزو (ب) کی قدر اور (ج) رخ (بائیں یا دائیں) تلاش کریں۔ دیوار سے سلاخ پر قو
ت کے انتصابی جزو (د)[]
 []


Underfull \hbox (badness 1629) in paragraph at lines 965--970
[] \TU/JameelNooriNastaleeq(0)/b/n/10 سوال  ۱۲.۳۱:  غیر یکساں سلاخ دو بلا کمیت 
رسّیوں سے افقی لٹکا ہو ہے (شکل 12.47)۔ ایک رسّی انتصاب کے ساتھ $\OML/zplm/m/it/
10 ^^R \OT1/zplm/m/n/10 = \OT1/ppl/m/n/10 36.9[]$ \TU/JameelNooriNastaleeq(0)/b
/n/10 زاویہ اور[]
 []

[191]
Underfull \hbox (badness 10000) in paragraph at lines 970--974
[] \TU/JameelNooriNastaleeq(0)/b/n/10 سوال  ۱۲.۳۲:  ایک ڈرائیور افقی سڑک پر چلت
ے ہوئے ہنگامی بریک لگاتا ہے (شکل 12.48)۔گاڑی کے چاروں جکڑ بند پہیے سڑک پر پھسلت
ے ہیں۔ سڑک[]
 []


Underfull \hbox (badness 4608) in paragraph at lines 970--974
[]\TU/JameelNooriNastaleeq(0)/b/n/10 اور پہیوں کے بیچ حرکی رگڑ کا مستقل $\OT1/p
pl/m/n/10 0.40$ \TU/JameelNooriNastaleeq(0)/b/n/10 ہے۔ اگلے اور پچھلے دھروں کے 
بیچ فاصلہ $\OML/zplm/m/it/10 L \OT1/zplm/m/n/10 = \OT1/ppl/m/n/10 4.2 m$\TU/Jam
eelNooriNastaleeq(0)/b/n/10 ، اور گاڑی کا مرکز کمیت اگلے دھرے سے[]
 []


Underfull \hbox (badness 10000) in paragraph at lines 970--974
[]\TU/JameelNooriNastaleeq(0)/b/n/10 پہیے پر انتصابی قوت کی قدر، (ج) اگلے ایک پ
ہیے پر انتصابی قوت کی قدر، (د) پچھلے ایک پہیے پر قوت روک کی قدر، اور (ہ) اگلے ا
یک پہیے پر قوت روک کی قدر[]
 []


Underfull \hbox (badness 10000) in paragraph at lines 974--978
[] \TU/JameelNooriNastaleeq(0)/b/n/10 سوال  ۱۲.۳۳:  انتصابی یکساں شہتیر ، جس کی
 لمبائی $\OML/zplm/m/it/10 L$ \TU/JameelNooriNastaleeq(0)/b/n/10 ہے، کا نچلا سر
 چول دار ہے (شکل 12.49a)۔ نچلے سر سے $\OML/zplm/m/it/10 y$ \TU/JameelNooriNasta
leeq(0)/b/n/10 فاصلے پر افقی قوت $[]$ شہتیر پر[]
 []


Underfull \hbox (badness 10000) in paragraph at lines 974--978
[]\TU/JameelNooriNastaleeq(0)/b/n/10 لاگو کی جاتی ہے۔ شہتیر کا بالا سر رسّی سے 
باندھا ہوا ہے، جو افق کے ساتھ زاویہ $\OML/zplm/m/it/10 ^^R$ \TU/JameelNooriNast
aleeq(0)/b/n/10 بناتی ہے۔ اس رسّی کی بدولت، لاگو قوت کے باوجود، شہتیر سیدھا کھڑ
ا رہتا[]
 []


Underfull \hbox (badness 10000) in paragraph at lines 974--978
[]\TU/JameelNooriNastaleeq(0)/b/n/10 رکھا گیا ہے۔ شکل 12.49c میں چول سے شہتیر پ
ر افقی قوت کی قدر $\OML/zplm/m/it/10 F[]$ \TU/JameelNooriNastaleeq(0)/b/n/10 با
لمقابل $\OML/zplm/m/it/10 y \OT1/zplm/m/n/10 / \OML/zplm/m/it/10 L$ \TU/JameelN
ooriNastaleeq(0)/b/n/10 ترسیم کی گئی ہے۔ (ا) زاویہ $\OML/zplm/m/it/10 ^^R$ \TU/
JameelNooriNastaleeq(0)/b/n/10 اور (ب) $[]$ کی قدر تلاش[]
 []


Underfull \hbox (badness 10000) in paragraph at lines 978--983
[] \TU/JameelNooriNastaleeq(0)/b/n/10 سوال  ۱۲.۳۴:  شکل 12.45 میں پتلی افقی سلا
خ $\OML/zplm/m/it/10 AB$\TU/JameelNooriNastaleeq(0)/b/n/10 ، جس کی لمبائی $\OML
/zplm/m/it/10 L$ \TU/JameelNooriNastaleeq(0)/b/n/10 اور وزن قابل نظر انداز ہے، 
انتصابی دیوار کے ساتھ نقطہ $\OML/zplm/m/it/10 A$ \TU/JameelNooriNastaleeq(0)/b/
n/10 پر چول دار بنایا[]
 []


Underfull \hbox (badness 10000) in paragraph at lines 978--983
[]\TU/JameelNooriNastaleeq(0)/b/n/10 گیا ہے۔ سلاخ کا دوسرا سر پتلی رسّی $\OML/z
plm/m/it/10 BC$ \TU/JameelNooriNastaleeq(0)/b/n/10 کے ذریعہ ، جو افق کے ساتھ زا
ویہ $\OML/zplm/m/it/10 ^^R$ \TU/JameelNooriNastaleeq(0)/b/n/10 بناتی ہے، نقطہ $
\OML/zplm/m/it/10 B$ \TU/JameelNooriNastaleeq(0)/b/n/10 سے باندھا گیا ہے۔ سلاخ 
پر $\OML/zplm/m/it/10 W$ \TU/JameelNooriNastaleeq(0)/b/n/10 وزن کی سل کہیں بھی[
]
 []


Underfull \hbox (badness 10000) in paragraph at lines 978--983
[]\TU/JameelNooriNastaleeq(0)/b/n/10 رکھی جا سکتی ہے۔دیوار سے سل کے مرکز کمیت ت
ک فاصلہ $\OML/zplm/m/it/10 x$ \TU/JameelNooriNastaleeq(0)/b/n/10 لیا جاتا ہے۔ (
ا) رسّی میں تان، اور چول کا سلاخ پر قوت کا (ب) افقی جزو اور (ج) انتصابی جزو بطو
ر[]
 []


Underfull \hbox (badness 10000) in paragraph at lines 983--987
[]\TU/JameelNooriNastaleeq(0)/b/n/10 کم قوت درکار ہو گی؟ (ب) فرش اور ڈبے کے بیچ
 کم سے کم سکونی رگڑ کا مستقل کتنا درکار ہے؟ (ج) اگر ڈبہ پلٹنے کا زیادہ موثر طری
قہ موجود ہو، ڈبے پر بلاواسطہ[]
 []


Underfull \hbox (badness 10000) in paragraph at lines 987--992
[] \TU/JameelNooriNastaleeq(0)/b/n/10 سوال  ۱۲.۳۶:  چٹان پیما ، جس کی کمیت $\OT
1/ppl/m/n/10 70 []$ \TU/JameelNooriNastaleeq(0)/b/n/10 ہے، شکل 12.50 میں ایک ہا
تھ کی انگلیوں کے پور سے لٹک رہا ہے ۔اس کے پاوں، کوئی سہارا مہیا کیے[]
 []


Underfull \hbox (badness 10000) in paragraph at lines 998--1004
[] \TU/JameelNooriNastaleeq(0)/b/n/10 سوال  ۱۲.۳۸:  یکساں شہتیر $\OML/zplm/m/it
/10 A$ \TU/JameelNooriNastaleeq(0)/b/n/10 اور $\OML/zplm/m/it/10 B$ \TU/JameelN
ooriNastaleeq(0)/b/n/10 دیوار کے ساتھ چول سے منسلک ، اور آپس میں ڈھیلے قابلے سے
 جڑے ہیں (ایک شہتیر دوسرے پر قوت[]
 []


Underfull \hbox (badness 10000) in paragraph at lines 998--1004
[]\TU/JameelNooriNastaleeq(0)/b/n/10 مروڑ لاگو نہیں کر سکتا)۔ شہتیر $\OML/zplm/
m/it/10 A$ \TU/JameelNooriNastaleeq(0)/b/n/10 کی لمبائی $\OML/zplm/m/it/10 L[] 
\OT1/zplm/m/n/10 = \OT1/ppl/m/n/10 2.40 m$ \TU/JameelNooriNastaleeq(0)/b/n/10 ا
ور کمیت $\OT1/ppl/m/n/10 54.0 []$ \TU/JameelNooriNastaleeq(0)/b/n/10 ہے؛ شہتیر 
$\OML/zplm/m/it/10 B$ \TU/JameelNooriNastaleeq(0)/b/n/10 کی کمیت $\OT1/ppl/m/n/
10 68.0 []$ \TU/JameelNooriNastaleeq(0)/b/n/10 ہے (شکل[]
 []


Underfull \hbox (badness 10000) in paragraph at lines 1004--1008
[] \TU/JameelNooriNastaleeq(0)/b/n/10 سوال  ۱۲.۳۹:  شکل 12.53 میں گھریلو استعما
ل کی سیڑھی دکھائی گئی ہے۔ $\OML/zplm/m/it/10 AC$ \TU/JameelNooriNastaleeq(0)/b/
n/10 اور $\OML/zplm/m/it/10 CE$ \TU/JameelNooriNastaleeq(0)/b/n/10 کی لمبائیاں 
$\OT1/ppl/m/n/10 2.44 m$ \TU/JameelNooriNastaleeq(0)/b/n/10 ہیں اور ان کے بیچ $
\OML/zplm/m/it/10 C$ \TU/JameelNooriNastaleeq(0)/b/n/10 پر چول[]
 []


Underfull \hbox (badness 10000) in paragraph at lines 1004--1008
[]\TU/JameelNooriNastaleeq(0)/b/n/10 ہے۔ نصف بلندی پر ٹیک سلاخ $\OML/zplm/m/it/
10 BD$\TU/JameelNooriNastaleeq(0)/b/n/10 ، جس کی لمبائی $\OT1/ppl/m/n/10 0.762 
m$ \TU/JameelNooriNastaleeq(0)/b/n/10 ہے، نصب کی گئی ہے۔ ایک شخص، جس کا وزن $\O
T1/ppl/m/n/10 854 N$ \TU/JameelNooriNastaleeq(0)/b/n/10 ہے، سیڑھی کے ہمراہ[]
 []


Underfull \hbox (badness 10000) in paragraph at lines 1004--1008
[]$\OT1/ppl/m/n/10 1.80 m$ \TU/JameelNooriNastaleeq(0)/b/n/10 چڑھتا ہے۔ زمین بل
ا رگڑ اور سیڑھی بلا کمیت تصور کریں۔ (ا) ٹیک سلاخ میں تان اور زمین سے سیڑھی پر ق
وت کی قدر نقطہ $\OML/zplm/m/it/10 A$ \TU/JameelNooriNastaleeq(0)/b/n/10 اور $\O
ML/zplm/m/it/10 E$ \TU/JameelNooriNastaleeq(0)/b/n/10 پر تلاش[]
 []

[192]
Underfull \hbox (badness 10000) in paragraph at lines 1008--1013
[] \TU/JameelNooriNastaleeq(0)/b/n/10 سوال  ۱۲.۴۰:  شکل 12.54a میں یکساں افقی ش
ہتیر دکھائی گئی ہے، جس کی کمیت $\OML/zplm/m/it/10 m[]$ \TU/JameelNooriNastaleeq
(0)/b/n/10 اور لمبائی $\OML/zplm/m/it/10 L$ \TU/JameelNooriNastaleeq(0)/b/n/10 
ہے۔ شہتیر کا بایاں سر دیوار پر نصب چول سے جوڑا[]
 []


Underfull \hbox (badness 10000) in paragraph at lines 1008--1013
[]\TU/JameelNooriNastaleeq(0)/b/n/10 گیا ہے جبکہ اس کا دایاں سر رسّی سے لٹکا ہے
، جو افق کے ساتھ زاویہ $\OML/zplm/m/it/10 ^^R$ \TU/JameelNooriNastaleeq(0)/b/n/
10 پر ہے۔ شہتیر کے بائیں سر سے $\OML/zplm/m/it/10 x$ \TU/JameelNooriNastaleeq(0
)/b/n/10 فاصلے پر، شہتیر پر $\OML/zplm/m/it/10 m[]$ \TU/JameelNooriNastaleeq(0)
/b/n/10 کمیت کا ڈبہ رکھا گیا ہے۔[]
 []


Underfull \hbox (badness 10000) in paragraph at lines 1013--1018
[] \TU/JameelNooriNastaleeq(0)/b/n/10 سوال  ۱۲.۴۱:  کعبی کریٹ ،جس کا ضلع $\OT1/
ppl/m/n/10 1.2 m$ \TU/JameelNooriNastaleeq(0)/b/n/10 ہے، میں کل (مشین) رکھی گئی
 ہے۔ کریٹ اور کل کا مرکز کمیت کریٹ کے ہندسی وسط سے[]
 []


Underfull \hbox (badness 10000) in paragraph at lines 1013--1018
[]$\OT1/ppl/m/n/10 0.30 m$ \TU/JameelNooriNastaleeq(0)/b/n/10 بلندی پر ہے۔ کریٹ
 میلان پر ، جو افق کے ساتھ $\OML/zplm/m/it/10 ^^R$ \TU/JameelNooriNastaleeq(0)/
b/n/10 زاویہ بناتا ہے، رکھا گیا ہے۔ $\OML/zplm/m/it/10 ^^R$ \TU/JameelNooriNast
aleeq(0)/b/n/10 کی قیمت صفر سے بتدریج بڑھانے سے آخر وہ زاویہ پہنچتا ہے[]
 []


Underfull \hbox (badness 10000) in paragraph at lines 1018--1023
[] \TU/JameelNooriNastaleeq(0)/b/n/10 سوال  ۱۲.۴۲:  شکل 12.7 اور اس سے وابستہ ن
مونی سوال میں فرش اور سیڑھی کے بیچ سکونی رگڑ کا مستقل $\OT1/ppl/m/n/10 0.53$ \T
U/JameelNooriNastaleeq(0)/b/n/10 لیں۔ سیڑھی کے ہمراہ کتنا چڑھ کر[]
 []


Underfull \hbox (badness 10000) in paragraph at lines 1029--1032
[]\TU/JameelNooriNastaleeq(0)/b/n/10 سوال  ۱۲.۴۳:  دیوار سے $\OT1/ppl/m/n/10 4.
8 []$ \TU/JameelNooriNastaleeq(0)/b/n/10 قطر کی سلور کی سلاخ افقی $\OT1/ppl/m/n
/10 5.3 []$ \TU/JameelNooriNastaleeq(0)/b/n/10 باہر نکلی ہوئی ہے۔ سلاخ کے سر سے
 $\OT1/ppl/m/n/10 1200 []$ \TU/JameelNooriNastaleeq(0)/b/n/10 جسم لٹکایا گیا ہے
۔[]
 []


Underfull \hbox (badness 10000) in paragraph at lines 1040--1047
[] \TU/JameelNooriNastaleeq(0)/b/n/10 سوال  ۱۲.۴۶:  مکڑے کے جال کی ڈور کی تخمین
ی جبر و بگاڑ منحنی شکل 12.57 میں جبر $\OT1/ppl/m/n/10 2.00$ \TU/JameelNooriNast
aleeq(0)/b/n/10 تک پیش ہے، جس پر ڈور ٹوٹتی ہے۔ انتصابی محور کا پیمانہ[]
 []


Underfull \hbox (badness 10000) in paragraph at lines 1040--1047
[]\TU/JameelNooriNastaleeq(0)/b/n/10 کی ابتدائی لمبائی $\OT1/ppl/m/n/10 0.80 []
$\TU/JameelNooriNastaleeq(0)/b/n/10 ، ابتدائی رقبہ عمودی تراش $\OT1/ppl/m/n/10 
8.0 \OMS/zplm/m/n/10 ^^B \OT1/ppl/m/n/10 10[] m[]$\TU/JameelNooriNastaleeq(0)/b
/n/10 ، اور( کھینچ کے دوران ) حجم مستقل ہے۔ ڈور کی لمبائی میں تبدیلی اور[]
 []


Underfull \hbox (badness 2970) in paragraph at lines 1040--1047
[]\TU/JameelNooriNastaleeq(0)/b/n/10 ڈور کی ابتدائی لمبائی کی نسبت ڈور کا بگاڑ 
ہے؛ قوت تصادم اور ابتدائی رقبہ عمودی تراش کی نسبت ڈور پر جبر ہے۔ فرض کریں منحنی
 کے نیچے رقبہ ڈور پر قوت تصادم[]
 []


Underfull \hbox (badness 10000) in paragraph at lines 1040--1047
[]\TU/JameelNooriNastaleeq(0)/b/n/10 کا سرانجام کام دیتا ہے۔ ساتھ ہی فرض کریں، 
جب ایک ڈور اڑتے ہوئے کیڑے کو پکڑتی ہے، کیڑے کی حرکی توانائی اس ڈور کو کھینچ کر 
لمبا کرنے میں صرف[]
 []


Underfull \hbox (badness 10000) in paragraph at lines 1040--1047
[]\TU/JameelNooriNastaleeq(0)/b/n/10 ہوتی ہے۔ (ا) کتنی حرکی توانائی ڈور کو ٹوٹن
ے کے دہانے پہنچاتی ہے؟ (ب) ایک مکھی ، جس کی کمیت $\OT1/ppl/m/n/10 6.00 []$ \TU/
JameelNooriNastaleeq(0)/b/n/10 اور رفتار $\OT1/ppl/m/n/10 1.70 m s[]$ \TU/Jamee
lNooriNastaleeq(0)/b/n/10 ہے، کی حرکی[]
 []


Underfull \hbox (badness 10000) in paragraph at lines 1047--1052
[]\TU/JameelNooriNastaleeq(0)/b/n/10 سرنگ کھودنا مقصود ہے (شکل 12.58)۔ سرنگ کی 
چھت کو چوکور عمودی تراش کے فولادی ستون سہارا دیں گے۔ ستون کا عمودی تراش رقبہ $\
OT1/ppl/m/n/10 960 []$[]
 []


Underfull \hbox (badness 1742) in paragraph at lines 1047--1052
[]\TU/JameelNooriNastaleeq(0)/b/n/10 ہو گا۔ زمین کی $\OT1/ppl/m/n/10 1.0 [][]$ 
\TU/JameelNooriNastaleeq(0)/b/n/10 مٹی کی کمیت $\OT1/ppl/m/n/10 2.8 g$ \TU/Jame
elNooriNastaleeq(0)/b/n/10 ہے۔ (ا) ستون کل کتنا وزن اٹھائیں گے؟ (ب) ستون پر دبا
و جبر ، ستون کی مغلوبی مضبوطی کا نصف رکھنے[]
 []

[193]
Underfull \hbox (badness 10000) in paragraph at lines 1052--1056
[] \TU/JameelNooriNastaleeq(0)/b/n/10 سوال  ۱۲.۴۸:  سلور کے تار کی جبر و بگاڑ م
نحنی شکل 12.59 میں پیش ہے۔تار کو دونوں اطراف سے کھینچ کر منحنی حاصل کی گئی۔ جبر
 کا پیمانہ[]
 []


Underfull \hbox (badness 10000) in paragraph at lines 1052--1056
[]$\OML/zplm/m/it/10 s \OT1/zplm/m/n/10 = \OT1/ppl/m/n/10 7.0$ \TU/JameelNooriN
astaleeq(0)/b/n/10 کے لحاظ سے ، $\OT1/ppl/m/n/10 10[] N m[]$ \TU/JameelNooriNas
taleeq(0)/b/n/10 کی اکائیوں میں، رکھا گیا ہے۔ تار کی ابتدائی لمبائی $\OT1/ppl/m
/n/10 0.800 m$ \TU/JameelNooriNastaleeq(0)/b/n/10 اور ابتدائی رقبہ عمودی تراش[]

 []


Underfull \hbox (badness 10000) in paragraph at lines 1056--1061
[] \TU/JameelNooriNastaleeq(0)/b/n/10 Q49 p350 سوال  ۱۲.۴۹:  شکل 12.60 میں $\OT
1/ppl/m/n/10 103 []$ \TU/JameelNooriNastaleeq(0)/b/n/10 کا یکساں شہتیر فولادی ت
ار ، $\OML/zplm/m/it/10 A$ \TU/JameelNooriNastaleeq(0)/b/n/10 اور $\OML/zplm/m/
it/10 B$\TU/JameelNooriNastaleeq(0)/b/n/10 ، سے لٹکا دکھایا گیا ہے۔ تاروں کا رد
اس[]
 []


Underfull \hbox (badness 10000) in paragraph at lines 1056--1061
[]$\OT1/ppl/m/n/10 1.20 []$ \TU/JameelNooriNastaleeq(0)/b/n/10 ہے۔ تار $\OML/zp
lm/m/it/10 A$ \TU/JameelNooriNastaleeq(0)/b/n/10 کی ابتدائی لمبائی $\OT1/ppl/m/
n/10 2.50 m$ \TU/JameelNooriNastaleeq(0)/b/n/10 تھی جو $\OML/zplm/m/it/10 B$ \T
U/JameelNooriNastaleeq(0)/b/n/10 کی لمبائی سے $\OT1/ppl/m/n/10 2.00 []$ \TU/Jam
eelNooriNastaleeq(0)/b/n/10 کم تھی۔ اب شہتیر افقی ہے۔ شہتیر پر (ا) تار $\OML/zp
lm/m/it/10 A$ \TU/JameelNooriNastaleeq(0)/b/n/10 اور[]
 []


Underfull \hbox (badness 10000) in paragraph at lines 1061--1066
[] \TU/JameelNooriNastaleeq(0)/b/n/10 سوال  ۱۲.۵۰:  مکڑے کے جال کی ڈور کے وسطی 
نقطہ پر کیڑا پھنسا ہوا شکل 12.61 میں دکھایا گیا ہے۔ ڈور $\OT1/ppl/m/n/10 8.20 \
OMS/zplm/m/n/10 ^^B \OT1/ppl/m/n/10 10[] N m[]$ \TU/JameelNooriNastaleeq(0)/b/n
/10 جبر اور[]
 []


Underfull \hbox (badness 8151) in paragraph at lines 1061--1066
[]$\OT1/ppl/m/n/10 2.00$ \TU/JameelNooriNastaleeq(0)/b/n/10 بگاڑ پر ٹوٹے گی۔ اب
تدائی طور ڈور افقی تھی؛ اس کی لمبائی $\OT1/ppl/m/n/10 2.00 []$ \TU/JameelNooriN
astaleeq(0)/b/n/10 اور رقبہ عمودی تراش $\OT1/ppl/m/n/10 8.00 \OMS/zplm/m/n/10 ^
^B \OT1/ppl/m/n/10 10[] m[]$ \TU/JameelNooriNastaleeq(0)/b/n/10 تھا۔ کیڑے کے وز
ن[]
 []


Underfull \hbox (badness 10000) in paragraph at lines 1066--1071
[] \TU/JameelNooriNastaleeq(0)/b/n/10 سوال  ۱۲.۵۱:  انتصابی محور پر گھومنے کے ق
ابل استوار سلاخ کا فضائی جائزہ شکل 12.62 میں پیش ہے۔ایک جیسے ربڑ کے روک $\OML/z
plm/m/it/10 A$ \TU/JameelNooriNastaleeq(0)/b/n/10 اور $\OML/zplm/m/it/10 B$ \TU
/JameelNooriNastaleeq(0)/b/n/10 استوار دیوار[]
 []


Underfull \hbox (badness 10000) in paragraph at lines 1075--1080
[]\TU/JameelNooriNastaleeq(0)/b/n/10 سوال  ۱۲.۵۲:  گرنے کے بعد، $\OT1/ppl/m/n/1
0 95 []$ \TU/JameelNooriNastaleeq(0)/b/n/10 کمیت کا چٹان پیما اپنے آپ کو رسّی س
ے لٹکا ہوا پاتا ہے۔ رسّی کی ابتدائی لمبائی $\OT1/ppl/m/n/10 15 m$ \TU/JameelNoo
riNastaleeq(0)/b/n/10 اور قطر $\OT1/ppl/m/n/10 9.6 []$[]
 []


Underfull \hbox (badness 6332) in paragraph at lines 1080--1085
[] \TU/JameelNooriNastaleeq(0)/b/n/10 سوال  ۱۲.۵۳:  سلیٹ کی مستطیل سل، تحتی چٹا
ن پر، جو افق کے ساتھ $\OML/zplm/m/it/10 ^^R \OT1/zplm/m/n/10 = \OT1/ppl/m/n/10 
26[]$ \TU/JameelNooriNastaleeq(0)/b/n/10 زاویہ بناتا ہے، پڑا ہو ہے (شکل 12.63)۔
 سل کی لمبائی[]
 []


Underfull \hbox (badness 10000) in paragraph at lines 1080--1085
[]\TU/JameelNooriNastaleeq(0)/b/n/10 بیچ سکونی رگڑ کا مستقل $\OT1/ppl/m/n/10 0.
39$ \TU/JameelNooriNastaleeq(0)/b/n/10 ہے۔ (ا) سل پر ، تحتی چٹان کو متوازی، تجا
ذبی قوت تلاش کریں۔ (ب) سل پر سکونی رگڑی قوت کی قدر تلاش کریں۔ جزو ا اور[]
 []


Underfull \hbox (badness 10000) in paragraph at lines 1080--1085
[]\TU/JameelNooriNastaleeq(0)/b/n/10 ب کے نتائج سے ظاہر ہو گا کہ سل پھسلنے کے د
ہانے پر ہے۔(ا) تحتی چٹان کی سطح کو عمود دار، لمبے لمبے قابلوں کی مدد سے سل مستح
کم بنایا جاتا ہے(شکل 12.63[]
 []


Underfull \hbox (badness 10000) in paragraph at lines 1085--1090
[] \TU/JameelNooriNastaleeq(0)/b/n/10 سوال  ۱۲.۵۴:  یکساں سیڑھی، جس کی لمبائی $
\OT1/ppl/m/n/10 5.0 m$ \TU/JameelNooriNastaleeq(0)/b/n/10 اور وزن $\OT1/ppl/m/n
/10 400 N$ \TU/JameelNooriNastaleeq(0)/b/n/10 ہے، بلا رگڑ انتصابی دیوار کے ساتھ
 ٹیک لگا کر کھڑی ہے۔ استوا زمین اور[]
 []


Underfull \hbox (badness 10000) in paragraph at lines 1090--1094
[] \TU/JameelNooriNastaleeq(0)/b/n/10 سوال  ۱۲.۵۵:  شکل 12.64 میں سل $\OML/zplm
/m/it/10 A$ \TU/JameelNooriNastaleeq(0)/b/n/10 (کمیت $\OT1/ppl/m/n/10 10 []$\TU
/JameelNooriNastaleeq(0)/b/n/10 ) فرش پر توازن میں ہے، تاہم سل $\OML/zplm/m/it/
10 B$ \TU/JameelNooriNastaleeq(0)/b/n/10 (کمیت $\OT1/ppl/m/n/10 5.0 []$\TU/Jame
elNooriNastaleeq(0)/b/n/10 ) کا وزن معمولی زیادہ ہونے[]
 []

[194]
Underfull \hbox (badness 10000) in paragraph at lines 1094--1099
[] \TU/JameelNooriNastaleeq(0)/b/n/10 سوال  ۱۲.۵۶:  دو عمارتوں کے بیچ یکساں میل
ان تیز ہواوں میں عمارتوں کی حرکت کی اجازت دیتا ہے (شکل 12.65a)۔ میلان کا بایاں 
سر چول دار[]
 []


Underfull \hbox (badness 10000) in paragraph at lines 1094--1099
[]\TU/JameelNooriNastaleeq(0)/b/n/10 اور دایاں سر بیرم سے جڑا ہے جو دیوار پر او
پر نیچے چل سکتا ہے۔ بیرم پر عمارت سے انتصابی قوت نہیں پائی جاتی؛ بیرم پر صرف اف
قی قوت، جس کی قدر $\OML/zplm/m/it/10 F[]$[]
 []


Underfull \hbox (badness 10000) in paragraph at lines 1094--1099
[]\TU/JameelNooriNastaleeq(0)/b/n/10 سے ایک شخص میلان پر چل کر گزرتا ہے۔ شکل 12
.65b میں $\OML/zplm/m/it/10 F[]$ \TU/JameelNooriNastaleeq(0)/b/n/10 بالمقابل با
ئیں عمارت سے شخص کا افقی فاصلہ $\OML/zplm/m/it/10 x$ \TU/JameelNooriNastaleeq(0
)/b/n/10 ترسیم کیا گیا ہے۔ محور $\OML/zplm/m/it/10 F[]$ \TU/JameelNooriNastalee
q(0)/b/n/10 کا پیمانہ[]
 []


Underfull \hbox (badness 10000) in paragraph at lines 1104--1108
[] \TU/JameelNooriNastaleeq(0)/b/n/10 سوال  ۱۲.۵۸:  یکساں شہتیر، جس کی کمیت $\O
T1/ppl/m/n/10 40.0 []$ \TU/JameelNooriNastaleeq(0)/b/n/10 ہے، دو بیلن پر رکھا گ
یا ہے (شکل 12.67a)۔ شہتیر کا مرکز بیلنوں کے بیچ درمیانی نقطہ کے اوپر[]
 []


Underfull \hbox (badness 10000) in paragraph at lines 1104--1108
[]\TU/JameelNooriNastaleeq(0)/b/n/10 ہے۔ شہتیر پر انتصابی لکیریں برابر فاصلوں پ
ر لگائی گئی ہیں۔ دو لکیر بیلن کے عین اوپر ہیں؛ بیلن $\OML/zplm/m/it/10 B$ \TU/J
ameelNooriNastaleeq(0)/b/n/10 پر $\OT1/ppl/m/n/10 10 []$ \TU/JameelNooriNastale
eq(0)/b/n/10 کمیت کا ڈبہ رکھا گیا ہے۔ شہتیر پر (ا) بیلن $\OML/zplm/m/it/10 A$[]

 []


Underfull \hbox (badness 2150) in paragraph at lines 1104--1108
[]\TU/JameelNooriNastaleeq(0)/b/n/10 اور (ب) بیلن $\OML/zplm/m/it/10 B$ \TU/Jam
eelNooriNastaleeq(0)/b/n/10 کی قوت کی قدریں تلاش کریں۔اب شہتیر بائیں منتقل کیا 
جاتا ہے، حتٰی کہ اس کا دایاں سر بیلن $\OML/zplm/m/it/10 B$ \TU/JameelNooriNasta
leeq(0)/b/n/10 کے اوپر ہو (شکل 12.67b) ۔شہتیر پر[]
 []


Underfull \hbox (badness 10000) in paragraph at lines 1104--1108
[]\TU/JameelNooriNastaleeq(0)/b/n/10 (ج) بیلن $\OML/zplm/m/it/10 A$ \TU/JameelN
ooriNastaleeq(0)/b/n/10 اور (د) بیلن $\OML/zplm/m/it/10 B$ \TU/JameelNooriNasta
leeq(0)/b/n/10 کی قوت کی قدریں تلاش کریں۔ اس کے بعد بیلن دائیں منتقل کیا جاتا ہ
ے۔ فرض کریں شہتیر کی لمبائی $\OT1/ppl/m/n/10 0.800 m$ \TU/JameelNooriNastaleeq(
0)/b/n/10 ہے۔[]
 []


Underfull \hbox (badness 10000) in paragraph at lines 1108--1113
[] \TU/JameelNooriNastaleeq(0)/b/n/10 سوال  ۱۲.۵۹:  تعمیراتی بالٹی، جس کی کمیت 
$\OT1/ppl/m/n/10 817 []$ \TU/JameelNooriNastaleeq(0)/b/n/10 ہے (شکل 12.68)، رسّ
ی $\OML/zplm/m/it/10 A$ \TU/JameelNooriNastaleeq(0)/b/n/10 سے لٹک رہی ہے، جو خو
د نقطہ $\OML/zplm/m/it/10 O$ \TU/JameelNooriNastaleeq(0)/b/n/10 پر رسّی $\OML/z
plm/m/it/10 B$ \TU/JameelNooriNastaleeq(0)/b/n/10 اور رسّی $\OML/zplm/m/it/10 C
$[]
 []


Underfull \hbox (badness 10000) in paragraph at lines 1113--1118
[] \TU/JameelNooriNastaleeq(0)/b/n/10 سوال  ۱۲.۶۰:  شکل 12.69 میں کمیت $\OML/zp
lm/m/it/10 m$ \TU/JameelNooriNastaleeq(0)/b/n/10 کا ڈبہ چھوٹی ڈور سے لٹکا ہے؛ ی
ہ ڈور خود دیوار سے ڈور $\OT1/ppl/m/n/10 1$ \TU/JameelNooriNastaleeq(0)/b/n/10 ا
ور چھت سے ڈور $\OT1/ppl/m/n/10 2$ \TU/JameelNooriNastaleeq(0)/b/n/10 کے ذریعہ ب
اندھی گئی ہے۔[]
 []


Underfull \hbox (badness 10000) in paragraph at lines 1118--1122
[] \TU/JameelNooriNastaleeq(0)/b/n/10 سوال  ۱۲.۶۱:  قوت $[]$ شکل 12.70 میں جرثق
یل اور $\OT1/ppl/m/n/10 6.40 []$ \TU/JameelNooriNastaleeq(0)/b/n/10 .بے کو تواز
ن میں رکھتی ہے۔ جرثقیل کی کمیت اور رگڑ قابل نظرانداز ہے۔ بالا[]
 []


Underfull \hbox (badness 10000) in paragraph at lines 1122--1127
[] \TU/JameelNooriNastaleeq(0)/b/n/10 سوال  ۱۲.۶۲:  کوئلے کی کھان میں برقی زینہ
 $\OT1/ppl/m/n/10 2.5 []$ \TU/JameelNooriNastaleeq(0)/b/n/10 قطر کے فولادی رسّی
 سے لٹکا ہے۔ برقی زینہ اور اس میں سوار افراد کی مجموعی کمیت $\OT1/ppl/m/n/10 67
0 []$[]
 []


Underfull \hbox (badness 10000) in paragraph at lines 1127--1131
[] \TU/JameelNooriNastaleeq(0)/b/n/10 سوال  ۱۲.۶۳: []چار یکساں اینٹ ایک دوسرے ک
ے اوپر یوں رکھی گئی ہیں کہ ہر اینٹ کا کچھ حصہ نچلی اینٹ سے آگے بڑھتا ہو(شکل 12.
71)۔ اس حالت[]
 []


Underfull \hbox (badness 10000) in paragraph at lines 1127--1131
[]\TU/JameelNooriNastaleeq(0)/b/n/10 میں جب اینٹوں کا انبار گرنے کے دہانے پر ہو
 (ا) $\OML/zplm/m/it/10 a[]$\TU/JameelNooriNastaleeq(0)/b/n/10 ، (ب) $\OML/zplm
/m/it/10 a[]$\TU/JameelNooriNastaleeq(0)/b/n/10 ، (ج) $\OML/zplm/m/it/10 a[]$\T
U/JameelNooriNastaleeq(0)/b/n/10 ، (د) $\OML/zplm/m/it/10 a[]$\TU/JameelNooriNa
staleeq(0)/b/n/10 ، اور (ہ) $\OML/zplm/m/it/10 h$ \TU/JameelNooriNastaleeq(0)/b
/n/10 کی زیادہ سے زیادہ قیمت ، $\OML/zplm/m/it/10 L$ \TU/JameelNooriNastaleeq(0
)/b/n/10 کی صورت میں ، تلاش[]
 []


Underfull \hbox (badness 10000) in paragraph at lines 1131--1136
[] \TU/JameelNooriNastaleeq(0)/b/n/10 سوال  ۱۲.۶۴:  ایک جیسے، $\OML/zplm/m/it/1
0 m$ \TU/JameelNooriNastaleeq(0)/b/n/10 کمیت کے یکساں اور بلا رگڑ دو کرے استوا 
مستطیل ظرف میں رکھے گئے ہیں (شکل 12.72)۔ ان کے مراکز کو ملانے والی[]
 []


Underfull \hbox (badness 10000) in paragraph at lines 1131--1136
[]\TU/JameelNooriNastaleeq(0)/b/n/10 لکیر افق کے ساتھ $\OT1/ppl/m/n/10 45[]$ \T
U/JameelNooriNastaleeq(0)/b/n/10 زاویہ بناتی ہے۔ کروں پر (ا) ظرف کی تہہ سے، (ب)
 ظرف کی بائیں طرف سے، (ج) ظرف کی دائیں طرف سے، اور (د) ایک[]
 []


Underfull \hbox (badness 10000) in paragraph at lines 1136--1142
[] \TU/JameelNooriNastaleeq(0)/b/n/10 سوال  ۱۲.۶۵:  یکساں شہتیر، جس کی لمبائی $
\OT1/ppl/m/n/10 3.2 m$ \TU/JameelNooriNastaleeq(0)/b/n/10 اور وزن $\OT1/ppl/m/n
/10 60 N$ \TU/JameelNooriNastaleeq(0)/b/n/10 ہے، کا نچلا سر چول دار ہے۔ شہتیر ک
ے بالا سر پر $\OT1/ppl/m/n/10 50 N$ \TU/JameelNooriNastaleeq(0)/b/n/10 قدر کی ا
فقی قوت[]
 []


Underfull \hbox (badness 10000) in paragraph at lines 1136--1142
[]$[]$ \TU/JameelNooriNastaleeq(0)/b/n/10 عمل پیرا ہے (شکل 12.73)۔ شہتیر کو رسّ
ی انتصابی رکھتی ہے، جو زمین کے ساتھ $\OML/zplm/m/it/10 ^^R \OT1/zplm/m/n/10 = \
OT1/ppl/m/n/10 25[]$ \TU/JameelNooriNastaleeq(0)/b/n/10 زاویہ بناتی ہے اور شہتی
ر کے ساتھ زمین سے[]
 []

[195]
Underfull \hbox (badness 2443) in paragraph at lines 1142--1147
[] \TU/JameelNooriNastaleeq(0)/b/n/10 سوال  ۱۲.۶۶:  ایک شہتیر کی لمبائی $\OT1/p
pl/m/n/10 5.0 m$ \TU/JameelNooriNastaleeq(0)/b/n/10 اور کمیت $\OT1/ppl/m/n/10 5
3 []$ \TU/JameelNooriNastaleeq(0)/b/n/10 ہے۔ شکل 12.74 میں شہتیر کو چول اور رسّ
ی افقی رکھتے ہیں۔ رسی کا زاویہ $\OML/zplm/m/it/10 ^^R \OT1/zplm/m/n/10 =$[]
 []


Underfull \hbox (badness 10000) in paragraph at lines 1147--1151
[] \TU/JameelNooriNastaleeq(0)/b/n/10 سوال  ۱۲.۶۷:  تانبے کے ٹھوس مکعب کا ضلع $
\OT1/ppl/m/n/10 85.5 []$ \TU/JameelNooriNastaleeq(0)/b/n/10 ہے۔ تانبے کا مقیاس 
حجم $\OT1/ppl/m/n/10 1.4 \OMS/zplm/m/n/10 ^^B \OT1/ppl/m/n/10 10[] N m[]$ \TU/J
ameelNooriNastaleeq(0)/b/n/10 ہے۔ ضلع کی لمبائی $\OT1/ppl/m/n/10 85 []$[]
 []


Underfull \hbox (badness 10000) in paragraph at lines 1151--1156
[] \TU/JameelNooriNastaleeq(0)/b/n/10 سوال  ۱۲.۶۸:  ایک مزدور یکساں شہتیر کو زم
ین سے اٹھا کر کھڑا کرنا چاہتا ہے۔ شہتیر کی لمبائی $\OT1/ppl/m/n/10 2.50 m$ \TU/
JameelNooriNastaleeq(0)/b/n/10 اور وزن $\OT1/ppl/m/n/10 500 N$ \TU/JameelNooriN
astaleeq(0)/b/n/10 ہے۔کسی ایک لمحے پر،[]
 []


Underfull \hbox (badness 10000) in paragraph at lines 1156--1160
[] \TU/JameelNooriNastaleeq(0)/b/n/10 سوال  ۱۲.۶۹:  کمیت $\OML/zplm/m/it/10 m$ 
\TU/JameelNooriNastaleeq(0)/b/n/10 کی یکساں سلاخ کا نچلا سر چول دار ہے، جبکہ اس
 کا بالا سر رسّی سے دیوار کے ساتھ باندھا گیا ہے (شکل 12.76)۔ اگر زاویہ[]
 []


Underfull \hbox (badness 10000) in paragraph at lines 1160--1164
[] \TU/JameelNooriNastaleeq(0)/b/n/10 سوال  ۱۲.۷۰:  ایک شخص، جس کی کمیت $\OT1/p
pl/m/n/10 73 []$ \TU/JameelNooriNastaleeq(0)/b/n/10 ہے،ایک پُل پر کھڑا ہے، جس ک
ی لمبائی $\OML/zplm/m/it/10 L$ \TU/JameelNooriNastaleeq(0)/b/n/10 ہے۔وہ ایک سر 
سے $\OML/zplm/m/it/10 L \OT1/zplm/m/n/10 / \OT1/ppl/m/n/10 4$ \TU/JameelNooriNa
staleeq(0)/b/n/10 فاصلے پر ہے۔ پُل یکساں ہے[]
 []


Underfull \hbox (badness 10000) in paragraph at lines 1164--1169
[] \TU/JameelNooriNastaleeq(0)/b/n/10 سوال  ۱۲.۷۱:  افقی فرش پر یکساں مکعب، جس 
کا ضلع $\OT1/ppl/m/n/10 8.0 []$ \TU/JameelNooriNastaleeq(0)/b/n/10 ہے، رکھا گیا
 ہے۔ مکعب اور فرش کے بیچ سکونی رگڑ کا مستقل $\OML/zplm/m/it/10 ^^V$ \TU/JameelN
ooriNastaleeq(0)/b/n/10 ہے۔ مکعب کے انتصابی[]
 []


Underfull \hbox (badness 10000) in paragraph at lines 1164--1169
[]\TU/JameelNooriNastaleeq(0)/b/n/10 سطح پر، زمین سے $\OT1/ppl/m/n/10 7.0 []$ \
TU/JameelNooriNastaleeq(0)/b/n/10 بلندی پر، سطح کے وسطی انتصابی لکیر پر افقی قو
ت $[]$ لاگو کی جاتی ہے۔قوت کی قدر بتدریج بڑھائی جاتی ہے۔سکونی رگڑ کے[]
 []


Underfull \hbox (badness 1215) in paragraph at lines 1174--1179
[]\TU/JameelNooriNastaleeq(0)/b/n/10 ترقیم میں، کیا ہو گی؟ (ج) فرض کریں، زمین ا
ور سیڑھی کے بیچ سکونی رگڑ کا مستقل $\OT1/ppl/m/n/10 0.38$ \TU/JameelNooriNastal
eeq(0)/b/n/10 ہے؛ کتنی کم سے کم قوت $\OML/zplm/m/it/10 F$ \TU/JameelNooriNastal
eeq(0)/b/n/10 لاگو کرنے سے، سیڑھی کا پیر دیوار کی[]
 []


Underfull \hbox (badness 10000) in paragraph at lines 1179--1184
[] \TU/JameelNooriNastaleeq(0)/b/n/10 سوال  ۱۲.۷۴:  استوار اور بلا کمیت سلاخ کے
 دونوں سر پر پلہ لٹکا کر ترازو بنایا جاتا ہے۔ سلاخ ایک نقطہ پر، جو وسطی نہیں، گ
ھوم سکتا ہے۔ پلوں میں غیر برابر[]
 []


Underfull \hbox (badness 10000) in paragraph at lines 1179--1184
[]\TU/JameelNooriNastaleeq(0)/b/n/10 کمیت رکھ کر ترازو توازن میں لایا جاتا ہے۔ 
بائیں پلہ میں نا معلوم کمیت $\OML/zplm/m/it/10 m$ \TU/JameelNooriNastaleeq(0)/b
/n/10 کو دائیں پلہ میں کمیت $\OML/zplm/m/it/10 m[]$ \TU/JameelNooriNastaleeq(0)
/b/n/10 متوازن کرتی ہے۔ کمیت $\OML/zplm/m/it/10 m$ \TU/JameelNooriNastaleeq(0)/
b/n/10 دائیں پلہ میں رکھ کر،[]
 []


Underfull \hbox (badness 10000) in paragraph at lines 1184--1188
[] \TU/JameelNooriNastaleeq(0)/b/n/10 سوال  ۱۲.۷۵:  شکل 12.79 میں استوار چوکور 
چوکھٹا چار ضلعی سلاخ $\OML/zplm/m/it/10 AB$\TU/JameelNooriNastaleeq(0)/b/n/10 ،
 $\OML/zplm/m/it/10 BC$\TU/JameelNooriNastaleeq(0)/b/n/10 ، $\OML/zplm/m/it/10 
CD$\TU/JameelNooriNastaleeq(0)/b/n/10 ، اور $\OML/zplm/m/it/10 DA$ \TU/JameelNo
oriNastaleeq(0)/b/n/10 کے علاوہ دو وتری سلاخ $\OML/zplm/m/it/10 AC$ \TU/JameelN
ooriNastaleeq(0)/b/n/10 اور[]
 []


Underfull \hbox (badness 10000) in paragraph at lines 1184--1188
[]$\OML/zplm/m/it/10 BD$ \TU/JameelNooriNastaleeq(0)/b/n/10 پر مشتمل ہے، جو نقط
ہ $\OML/zplm/m/it/10 E$ \TU/JameelNooriNastaleeq(0)/b/n/10 پر ایک دوسرے کے اوپر
 آزادانہ گزرتے ہیں۔ چکر دار بکسوا $\OML/zplm/m/it/10 G$ \TU/JameelNooriNastalee
q(0)/b/n/10 استعمال کر کے سلاخ $\OML/zplm/m/it/10 AB$ \TU/JameelNooriNastaleeq(
0)/b/n/10 باہر رخ $\OT1/ppl/m/n/10 535 N$ \TU/JameelNooriNastaleeq(0)/b/n/10 قد
ر کے[]
 []

[196]
Underfull \hbox (badness 10000) in paragraph at lines 1188--1193
[] \TU/JameelNooriNastaleeq(0)/b/n/10 سوال  ۱۲.۷۶:  ایک کھلاڑی، جس کی کمیت $\OT
1/ppl/m/n/10 46.0 []$ \TU/JameelNooriNastaleeq(0)/b/n/10 ہے، یکساں شہتیر کے ایک
 سر پر کھڑا ہے (شکل 12.80)۔ شہتیر کی لمبائی $\OT1/ppl/m/n/10 5.0 m$ \TU/JameelN
ooriNastaleeq(0)/b/n/10 اور کمیت[]
 []


Underfull \hbox (badness 10000) in paragraph at lines 1188--1193
[]$\OT1/ppl/m/n/10 250 []$ \TU/JameelNooriNastaleeq(0)/b/n/10 ہے (جس میں تیک کی
 کمیت شامل نہیں)۔ شہتیر کے سر سے تیک کا فاصلہ $\OT1/ppl/m/n/10 0.540 m$ \TU/Jam
eelNooriNastaleeq(0)/b/n/10 ہے۔ اکائی سمتیہ ترقیم میں شہتیر پر (ا) تیک $\OT1/pp
l/m/n/10 1$ \TU/JameelNooriNastaleeq(0)/b/n/10 اور[]
 []


Underfull \hbox (badness 10000) in paragraph at lines 1193--1198
[] \TU/JameelNooriNastaleeq(0)/b/n/10 سوال  ۱۲.۷۷:  افقی بیلن، جس کی کمیت $\OT1
/ppl/m/n/10 300 []$ \TU/JameelNooriNastaleeq(0)/b/n/10 ہے، شکل 12.81 میں پیش ہے
۔ تین فولادی تار بیلن کو سہارا دیتے ہیں۔ تار $\OT1/ppl/m/n/10 1$ \TU/JameelNoor
iNastaleeq(0)/b/n/10 اور $\OT1/ppl/m/n/10 3$ \TU/JameelNooriNastaleeq(0)/b/n/10
 بیلن کے[]
 []


Underfull \hbox (badness 1184) in paragraph at lines 1193--1198
[]\TU/JameelNooriNastaleeq(0)/b/n/10 سروں پر اور تار $\OT1/ppl/m/n/10 2$ \TU/Ja
meelNooriNastaleeq(0)/b/n/10 بیلن کے وسط پر بندھا ہوا ہے۔انفرادی تار کا رقبہ عم
ودی تراش $\OT1/ppl/m/n/10 2.00 \OMS/zplm/m/n/10 ^^B \OT1/ppl/m/n/10 10[] m[]$ \
TU/JameelNooriNastaleeq(0)/b/n/10 ہے۔ ابتدائی طور پر (بیلن لٹکانے سے قبل)[]
 []


Underfull \hbox (badness 1845) in paragraph at lines 1193--1198
[]\TU/JameelNooriNastaleeq(0)/b/n/10 تار $\OT1/ppl/m/n/10 1$ \TU/JameelNooriNas
taleeq(0)/b/n/10 اور $\OT1/ppl/m/n/10 3$ \TU/JameelNooriNastaleeq(0)/b/n/10 کی 
انفرادی لمبائی $\OT1/ppl/m/n/10 2.0000 m$ \TU/JameelNooriNastaleeq(0)/b/n/10 تھ
ی، جبکہ تار $\OT1/ppl/m/n/10 2$ \TU/JameelNooriNastaleeq(0)/b/n/10 ان سے $\OT1/
ppl/m/n/10 6.00 []$ \TU/JameelNooriNastaleeq(0)/b/n/10 زیادہ لمبا تھا۔ اب (بیلن
 لٹکانے کے بعد) تینوں تار کی لمبائی ایک[]
 []


Underfull \hbox (badness 10000) in paragraph at lines 1198--1203
[] \TU/JameelNooriNastaleeq(0)/b/n/10 سوال  ۱۲.۷۸:  یکساں شہتیر، جس کی لمبائی $
\OT1/ppl/m/n/10 12.0 m$ \TU/JameelNooriNastaleeq(0)/b/n/10 ہے، کو افقی رسّی اور
 چول سہارا دیتے ہیں (شکل 12.82)۔انتصاب کے ساتھ شہتیر کا زاویہ[]
 []

LaTeX Info: Redefining \rmfamily on input line 1206.
LaTeX Info: Redefining \sffamily on input line 1206.
LaTeX Info: Redefining \ttfamily on input line 1206.

Underfull \hbox (badness 10000) in paragraph at lines 1203--1207
[] \TU/JameelNooriNastaleeq(0)/b/n/10 سوال  ۱۲.۷۹:  ایک جیسے ، یکساں چار اینٹوں
 کو میز پر دو مختلف طریقوں سے ، شکل 12.83 میں ، انبار کیا گیا ہے (سوال [][]۱۲.۶
۳[][] []سے موازنہ کریں)۔ اینٹ کی[]
 []


Underfull \hbox (badness 10000) in paragraph at lines 1203--1207
[]\TU/JameelNooriNastaleeq(0)/b/n/10 لمبائی $\OML/zplm/m/it/10 L$ \TU/JameelNoo
riNastaleeq(0)/b/n/10 ہے۔ ہم دونوں طریقوں میں فاصلہ $\OML/zplm/m/it/10 h$ \TU/J
ameelNooriNastaleeq(0)/b/n/10 بڑھانا چاہتے ہیں۔ دونوں طریقوں کے لئے $\OML/zplm/
m/it/10 a[]$\TU/JameelNooriNastaleeq(0)/b/n/10 ، $\OML/zplm/m/it/10 a[]$\TU/Jam
eelNooriNastaleeq(0)/b/n/10 ، $\OML/zplm/m/it/10 b[]$\TU/JameelNooriNastaleeq(0
)/b/n/10 ، اور $\OML/zplm/m/it/10 b[]$ \TU/JameelNooriNastaleeq(0)/b/n/10 کی مو
زوں قیمتیں اور $\OML/zplm/m/it/10 h$ \TU/JameelNooriNastaleeq(0)/b/n/10 تلاش[]
 []


Underfull \hbox (badness 10000) in paragraph at lines 1207--1213
[] \TU/JameelNooriNastaleeq(0)/b/n/10 سوال  ۱۲.۸۰:  سلور کا بیلنی سلاخ، جس کی ا
بتدائی لمبائی $\OT1/ppl/m/n/10 0.8000 m$ \TU/JameelNooriNastaleeq(0)/b/n/10 اور
 رداس $\OT1/ppl/m/n/10 1000.0 []$ \TU/JameelNooriNastaleeq(0)/b/n/10 ہے، کا یک 
سر شکنجہ میں پکڑ کر دوسرا سر، لمبائی[]
 []


Underfull \hbox (badness 10000) in paragraph at lines 1207--1213
[]\TU/JameelNooriNastaleeq(0)/b/n/10 کے متوازی ، مشین سے کھینچا جاتا ہے۔ فرض کر
یں کھینچ کے دوران سلاخ کی کثافت (کمیت فی اکائی حجم) تبدیل نہیں ہوتی۔ رداس گھٹا 
کر $\OT1/ppl/m/n/10 999.9 []$[]
 []

LaTeX Info: Redefining \rmfamily on input line 1220.
LaTeX Info: Redefining \sffamily on input line 1220.
LaTeX Info: Redefining \ttfamily on input line 1220.

Underfull \hbox (badness 10000) in paragraph at lines 1217--1221
[] \TU/JameelNooriNastaleeq(0)/b/n/10 سوال  ۱۲.۸۲:  اگر نمونی سوال [][]۱۲.۲[][]
 []کے شکل 12.6a میں( چوکور ) شہتیر لکڑی کا ہو، اس کی موٹائی کتنی ہو گی اگر دباو
 جبر کی قیمت مغلوبی مضبوطی کا $[]$[]
 []


Underfull \hbox (badness 10000) in paragraph at lines 1221--1226
[]\TU/JameelNooriNastaleeq(0)/b/n/10 میلان پر رکھا گیا ہے؛ ڈبہ $\OML/zplm/m/it/
10 B$ \TU/JameelNooriNastaleeq(0)/b/n/10 ، جس کی کمیت $\OT1/ppl/m/n/10 7.00 []$
 \TU/JameelNooriNastaleeq(0)/b/n/10 ہے، رسّی سے لٹک رہی ہے۔ ڈبہ $\OML/zplm/m/it
/10 A$ \TU/JameelNooriNastaleeq(0)/b/n/10 سے بندھی رسّی بلا رگڑ میلان کے متوازی
 ہے۔ (ا) بالا رسّی[]
 []


Underfull \hbox (badness 10000) in paragraph at lines 1226--1231
[] \TU/JameelNooriNastaleeq(0)/b/n/10 سوال  ۱۲.۸۴:  رسّی کا سر گھیرا کی شکل میں
 باندھ کر دوسرا سر درخت کی شاخ پر باندھ کر جھولا بنایا جاتا ہے۔ بچہ گھیرا میں ب
یٹھا ہے اور رسّی انتصابی ہے۔ بچے کو[]
 []


Underfull \hbox (badness 10000) in paragraph at lines 1226--1231
[]\TU/JameelNooriNastaleeq(0)/b/n/10 کیا ہے؟ (ب)عین رہائی سے قبل بچے پر والد کی
 افقی قوت کی قدر کیا ہے؟ (ج) اگر والد زیادہ سے زیادہ $\OT1/ppl/m/n/10 93 N$ \TU
/JameelNooriNastaleeq(0)/b/n/10 قدر کی افقی قوت لاگو کر سکتا ہو،انتصاب کے[]
 []

LaTeX Info: Redefining \rmfamily on input line 1235.
LaTeX Info: Redefining \sffamily on input line 1235.
LaTeX Info: Redefining \ttfamily on input line 1235.

Underfull \hbox (badness 10000) in paragraph at lines 1231--1237
[]$\OML/zplm/m/it/10 A\OT1/ppl/m/n/10 4$ \TU/JameelNooriNastaleeq(0)/b/n/10 انگ
لی کے دوسرے پور کی ہڈی سے جڑا ہے۔ انگلی کو ہتھیلی کے رخ (مٹھی کی شکل میں) بند ک
رنے کے لئے نچلے بازو کا عضلہ ، جرثقیل کے اندر سے گزرتے[]
 []


Underfull \hbox (badness 10000) in paragraph at lines 1231--1237
[]\TU/JameelNooriNastaleeq(0)/b/n/10 پٹھے کو کھینچتا ہے۔ شکل 12.85b میں انگلی ک
ے دوسرے پور کی ہڈی، جس کی لمبائی $\OML/zplm/m/it/10 d$ \TU/JameelNooriNastaleeq
(0)/b/n/10 ہے، کی کارکردگی کی سادہ شکل پیش ہے۔ پٹھے کی کھینچ $[]$ اس نقطہ پر[]
 []


Underfull \hbox (badness 10000) in paragraph at lines 1231--1237
[]\TU/JameelNooriNastaleeq(0)/b/n/10 عمل کرتی ہے جہاں پٹھا جرثقیل $\OML/zplm/m/
it/10 A\OT1/ppl/m/n/10 4$ \TU/JameelNooriNastaleeq(0)/b/n/10 میں داخل ہوتا ہے؛ 
یہ نقطہ ہڈی کے ہمراہ $\OML/zplm/m/it/10 d \OT1/zplm/m/n/10 / \OT1/ppl/m/n/10 3$
 \TU/JameelNooriNastaleeq(0)/b/n/10 فاصلے پر ہے۔ اگر شکل 12.50 میں ہر ایک جھکی 
انگلی پر قوت کے جزو[]
 []

[197]
Underfull \hbox (badness 10000) in paragraph at lines 1237--1241
[] \TU/JameelNooriNastaleeq(0)/b/n/10 سوال  ۱۲.۸۶:  برفانی علاقوں، مثلاً مری، م
یں چھت دھاتی چادر سے ب بنایا جاتا ہے۔ ایسی ایک چھت میں $\OT1/ppl/m/n/10 0.91 m$
 \TU/JameelNooriNastaleeq(0)/b/n/10 ضلع کا چوکور دروازہ بنایا گیا ہے،[]
 []


Underfull \hbox (badness 10000) in paragraph at lines 1237--1241
[]\TU/JameelNooriNastaleeq(0)/b/n/10 جس کا ایک کنارہ چولدار اور مخالف کنارے پر 
چٹخنی نصب ہے۔دروازے کا مرکز کمیت چوکور کے وسط سے $\OT1/ppl/m/n/10 10 []$\TU/Jam
eelNooriNastaleeq(0)/b/n/10 چولدار کنارے کی طرف ہے۔ (ا) چٹخنی[]
 []


Underfull \hbox (badness 10000) in paragraph at lines 1245--1250
[] \TU/JameelNooriNastaleeq(0)/b/n/10 سوال  ۱۲.۸۸:  پیسا کا جھکا بُرج $\OT1/ppl
/m/n/10 59.1 m$ \TU/JameelNooriNastaleeq(0)/b/n/10 اونچا اور اس کا قطر $\OT1/pp
l/m/n/10 7.44 m$ \TU/JameelNooriNastaleeq(0)/b/n/10 ہے۔بُرج کا سر انتصاب سے $\O
T1/ppl/m/n/10 4.01 m$ \TU/JameelNooriNastaleeq(0)/b/n/10 دور ہٹا ہوا ہے۔ بُرج ک
و یکساں[]
 []

) [198]
\openout2 = `./tex/gravitation.aux'.

 (./tex/gravitation.tex
باب \farsidigits{13}.

Underfull \hbox (badness 10000) in paragraph at lines 16--17
[][]
 []


Underfull \hbox (badness 10000) in paragraph at lines 25--26
[][]\TU/JameelNooriNastaleeq(0)/b/n/10 وسیع اجسام کے بیچ تجاذبی قوت معلوم کرنے 
کی خاطر، جسم کے اندر تمام انفرادی ذروں پر انفرادی قوت کا مجموعہ (تکمل) لینا ہو 
گا۔ تاہم، اگر ایک جسم[]
 []


Underfull \hbox (badness 4819) in paragraph at lines 25--26
[]\TU/JameelNooriNastaleeq(0)/b/n/10 یکساں کروی خول یا کروی تشاکل ٹھوس جسم ہو،ب
یرونی جسم پر اس کی صافی تجاذبی قوت معلوم کرتے وقت خول یا ٹھوس جسم کی کمیت جسم ک
ے مرکز پر[]
 []

LaTeX Info: Redefining \rmfamily on input line 29.
LaTeX Info: Redefining \sffamily on input line 29.
LaTeX Info: Redefining \ttfamily on input line 29.

Underfull \hbox (badness 10000) in paragraph at lines 29--30
[]\TU/JameelNooriNastaleeq(0)/b/n/10 طبیعیات کا ایک مقصد ، قوت تجاذب کا سمجھنا 
ہے۔ قوت تجاذب ہمیں زمین پر رکھتی ہے، چاند کو زمین کے گرد مدار، اور زمین کو سورج
 کے گرد مدار میں[]
 []


Underfull \hbox (badness 10000) in paragraph at lines 29--30
[]\TU/JameelNooriNastaleeq(0)/b/n/10 رکھتی ہے۔اس کا اثر ہماری  \TU/AASameerSaga
rNastaleeqBold(0)/m/n/10 دودھیا کہکشاں [][] \TU/JameelNooriNastaleeq(0)/b/n/10 
کے ہر کونے تک پہنچ کر، اربوں ستاروں، لاتعداد جوہر اور ستاروں کے بیچ دھول کے ذرو
ں کو کہکشاں میں[]
 []


Underfull \hbox (badness 10000) in paragraph at lines 29--30
[]\TU/JameelNooriNastaleeq(0)/b/n/10 جکڑ کر رکھتا ہے۔ ہم دودھیا کہکشاں، جو ستار
وں کا قرص نما جھرمٹ ہے، کے کنارے کے قریب، کہکشاں کے مرکز سے $\OT1/ppl/m/n/10 2.
6 \OMS/zplm/m/n/10 ^^B \OT1/ppl/m/n/10 10[]$ \TU/JameelNooriNastaleeq(0)/b/n/10
 نوری سال[]
 []

[199





]
LaTeX Info: Redefining \rmfamily on input line 31.
LaTeX Info: Redefining \sffamily on input line 31.
LaTeX Info: Redefining \ttfamily on input line 31.
LaTeX Info: Redefining \rmfamily on input line 31.
LaTeX Info: Redefining \sffamily on input line 31.
LaTeX Info: Redefining \ttfamily on input line 31.
LaTeX Info: Redefining \rmfamily on input line 31.
LaTeX Info: Redefining \sffamily on input line 31.
LaTeX Info: Redefining \ttfamily on input line 31.
LaTeX Info: Redefining \rmfamily on input line 31.
LaTeX Info: Redefining \sffamily on input line 31.
LaTeX Info: Redefining \ttfamily on input line 31.
LaTeX Info: Redefining \rmfamily on input line 31.
LaTeX Info: Redefining \sffamily on input line 31.
LaTeX Info: Redefining \ttfamily on input line 31.
LaTeX Info: Redefining \rmfamily on input line 33.
LaTeX Info: Redefining \sffamily on input line 33.
LaTeX Info: Redefining \ttfamily on input line 33.
LaTeX Info: Redefining \rmfamily on input line 33.
LaTeX Info: Redefining \sffamily on input line 33.
LaTeX Info: Redefining \ttfamily on input line 33.

Underfull \hbox (badness 10000) in paragraph at lines 31--34
[][]\TU/JameelNooriNastaleeq(0)/b/n/10 تجاذبی قوت بین کہکشانی فاصلے طے کر کے کہ
کشاں کے مقامی گروہ کو، جس میں دودھیا کہکشاں کے علاوہ  \TU/AASameerSagarNastalee
qBold(0)/m/n/10 اندرومدا [][] \TU/JameelNooriNastaleeq(0)/b/n/10 کہکشاں (شکل 13
.1) جو زمین سے[]
 []


Underfull \hbox (badness 10000) in paragraph at lines 31--34
[]\TU/JameelNooriNastaleeq(0)/b/n/10 فاصلے پر، دودھیا کہکشاں کی دوسرے طرف ، واق
ع ہے۔ تجاذبی قوت اس سے بھی زیادہ دور رس ہے، چونکہ یہ پوری کائنات کو ، جس کا حجم
 بتدریج بڑھ رہا ہے،[]
 []


Underfull \hbox (badness 10000) in paragraph at lines 31--34
[]\TU/JameelNooriNastaleeq(0)/b/n/10 ایک ساتھ رکھتا ہے۔ \TU/AASameerSagarNastal
eeqBold(0)/m/n/10 ثقب اسود [][] \TU/JameelNooriNastaleeq(0)/b/n/10 ، جو کائنات 
میں انتہائی پراسرار اجسام میں سے ایک ہے، کا دارومدار بھی اسی قوت پر ہے۔ جب سورج
 سے بڑا ستارہ زندگی[]
 []


Underfull \hbox (badness 10000) in paragraph at lines 31--34
[]\TU/JameelNooriNastaleeq(0)/b/n/10 کے اختتام کو پہنچتا ہے، اس کے ذروں کے بیچ 
تجاذبی قوت ستارے کو اپنے آپ پر منہدم کر کے ثقب اسود پیدا کرتی ہے۔ منہدم ستارے ک
ی سطح پر تجاذبی قوت اتنی[]
 []


Underfull \hbox (badness 10000) in paragraph at lines 31--34
[]\TU/JameelNooriNastaleeq(0)/b/n/10 زیادہ ہوتی ہے کہ سطح سے کوئی ذرہ فرار نہیں
 ہو سکتا اور نا ہی روشنی نکل سکتی ہے (اسی لئے اس کو ”ثقب اسود “ یعنی ”سیاہ سورا
خ “ کہتے ہیں)۔ اگر کوئی ستارہ ثقب[]
 []


Underfull \hbox (badness 10000) in paragraph at lines 31--34
[]\TU/JameelNooriNastaleeq(0)/b/n/10 اسود کے زیادہ قریب پہنچے، ثقب اسود کی توان
ا تجاذبی قوت ستارے کو چیرپھاڑ کر ثقب (سوراخ) کے اندر کھینچ لیتی ہے۔ متعدد ستارے
 نوچنے پر اس سے \TU/AASameerSagarNastaleeqBold(0)/m/n/10 بے پناہ[]
 []


Underfull \hbox (badness 3240) in paragraph at lines 31--34
[]\TU/AASameerSagarNastaleeqBold(0)/m/n/10 کمیتی ثقب اسود [][] \TU/JameelNooriN
astaleeq(0)/b/n/10 بنتا ہے۔ ایسے بھیانک اور پراسرار اجسام سے کائنات بھری نظر آت
ی ہے۔یقیناً ہماری اپنی دودھیا کہکشاں کے مرکز پر ایک ثقب اسود پایا جاتا[]
 []


Underfull \hbox (badness 10000) in paragraph at lines 31--34
[]\TU/JameelNooriNastaleeq(0)/b/n/10 ہے، جو القوس $\OML/zplm/m/it/10 A[]$ \TU/J
ameelNooriNastaleeq(0)/b/n/10 کہلاتا ہے، اور جس کی کمیت تقریباً $\OT1/ppl/m/n/1
0 3.7 \OMS/zplm/m/n/10 ^^B \OT1/ppl/m/n/10 10[]$ \TU/JameelNooriNastaleeq(0)/b/
n/10 شمسی کمیت کے برابر ہے۔ اس کی تجاذبی قوت اتنی توانا ہے کہ قریبی ستارے مدار[
]
 []


Underfull \hbox (badness 10000) in paragraph at lines 40--41
[]\TU/JameelNooriNastaleeq(0)/b/n/10 مختلف مساوات پر بات کرنے سے قبل ذرہ سوچتے 
ہیں۔ہم زمین کے ساتھ مس رہتے ہیں؛ مس رکھنے کی قوت اتنی زیادہ نہیں کہ ہمیں گھسیٹ 
کر چلنا پڑے اور نا[]
 []


Underfull \hbox (badness 10000) in paragraph at lines 40--41
[]\TU/JameelNooriNastaleeq(0)/b/n/10 ہی اتنی کم ہے کہ آئے دن سر چھت سے ٹکرائے۔ 
ساتھ ہی یہ قوت ہمیں زمین پر رکھتی ہے، تاہم اتنی طاقتور نہیں کہ ہم ایک دوسرے کے 
ساتھ جڑ جائیں۔ یقیناً[]
 []


Underfull \hbox (badness 10000) in paragraph at lines 40--41
[]\TU/JameelNooriNastaleeq(0)/b/n/10 قوت کشش کا دارومدار جسم میں مادے کی مقدار 
پر ہے۔ زمین میں مادے کی مقدار بہت زیادہ ہے، لہٰذا زمین کی کشش بھی بہت زیادہ ہے،
 جبکہ انسان کے جسم[]
 []


Underfull \hbox (badness 10000) in paragraph at lines 40--41
[]\TU/JameelNooriNastaleeq(0)/b/n/10 میں مادے کی مقدار بہت کم ہے، اور اسی لئے د
و انسانی اجسام کے بیچ قوت کشش اتنی کم ہے کہ اسے محسوس کرنا ممکن نہیں۔مزید، ایک 
مادہ دوسرے مادہ کو کھینچتا[]
 []

Missing character: There is no ١ (U+0661) in font Jameel Noori Nastaleeq/OT:scr
ipt=arab;language=dflt;mapping=tex-text;!
Missing character: There is no ٦ (U+0666) in font Jameel Noori Nastaleeq/OT:scr
ipt=arab;language=dflt;mapping=tex-text;!
Missing character: There is no ٦ (U+0666) in font Jameel Noori Nastaleeq/OT:scr
ipt=arab;language=dflt;mapping=tex-text;!
Missing character: There is no ٥ (U+0665) in font Jameel Noori Nastaleeq/OT:scr
ipt=arab;language=dflt;mapping=tex-text;!
LaTeX Info: Redefining \rmfamily on input line 42.
LaTeX Info: Redefining \sffamily on input line 42.
LaTeX Info: Redefining \ttfamily on input line 42.

Underfull \hbox (badness 10000) in paragraph at lines 42--44
[][]\TU/JameelNooriNastaleeq(0)/b/n/10 ماضی میں انسان جانتا تھا کہ زمین ہمیں نش
یب وار کھینچتی ہے (خاص کر اس وقت جب زمین پر گر نے سے ناک کی ہڈی ٹوٹتی تھی)، تاہ
م ان کا خیال تھا کہ یہ قوت[]
 []


Underfull \hbox (badness 10000) in paragraph at lines 42--44
[]\TU/JameelNooriNastaleeq(0)/b/n/10 صرف زمین کی خاصیت ہے جس کا آسمان میں فلکیا
تی اجسام کی حرکت سے کوئی واسطہ نہیں۔ تاہم  ١٦٦٥ ؁  میں، $\OT1/ppl/m/n/10 23$ \T
U/JameelNooriNastaleeq(0)/b/n/10 سالہ، اسحاق نیوٹن کو اس بات کی سمجھ[]
 []


Underfull \hbox (badness 10000) in paragraph at lines 42--44
[]\TU/JameelNooriNastaleeq(0)/b/n/10 آئی کہ چاند کو یہی قوت زمین کے گرد گھومنے 
پر مجبور کرتی ہے۔ بالخصوص، انہوں نے دکھایا کہ کائنات میں ہر جسم، ہر دوسرے جسم ک
و کھینچتا ہے۔ اجسام کا ایک[]
 []


Underfull \hbox (badness 10000) in paragraph at lines 42--44
[]\TU/JameelNooriNastaleeq(0)/b/n/10 دوسرے کی طرف حرکت کرنے کے رجحان کو \TU/AAS
ameerSagarNastaleeqBold(0)/m/n/10 تجاذب [][] \TU/JameelNooriNastaleeq(0)/b/n/10
 کہتے ہیں، اور اجسام میں وہ مادہ جو قوت کشش پیدا کرتی ہے ”کمیت “ کہلاتا ہے۔ اگر
 نیوٹن کے سر[]
 []


Underfull \hbox (badness 10000) in paragraph at lines 42--44
[]\TU/JameelNooriNastaleeq(0)/b/n/10 پر سیب گرنے کا واقعہ درست ہو، تب سیب کی کم
یت اور زمین کی کمیت کے بیچ کشش سیب کے گرنے کا سبب تھی۔ زمین کی کمیت اتنی زیادہ 
ہے کہ یہ قوت ، جو[]
 []

[200]
Underfull \hbox (badness 10000) in paragraph at lines 45--47
[]\TU/JameelNooriNastaleeq(0)/b/n/10 کے اطلاق پر غور کرتے ہیں۔ فرض کریں ذروں کی
 کمیت $\OML/zplm/m/it/10 m[]$ \TU/JameelNooriNastaleeq(0)/b/n/10 اور $\OML/zplm
/m/it/10 m[]$ \TU/JameelNooriNastaleeq(0)/b/n/10 اور ان کے بیچ فاصلہ $\OML/zplm
/m/it/10 r$ \TU/JameelNooriNastaleeq(0)/b/n/10 ہے۔ ایک ذرے کی دوسرے ذرے پر قوت 
کشش کی قدر[]
 []

LaTeX Info: Redefining \rmfamily on input line 50.
LaTeX Info: Redefining \sffamily on input line 50.
LaTeX Info: Redefining \ttfamily on input line 50.
LaTeX Info: Redefining \rmfamily on input line 58.
LaTeX Info: Redefining \sffamily on input line 58.
LaTeX Info: Redefining \ttfamily on input line 58.
LaTeX Info: Redefining \rmfamily on input line 58.
LaTeX Info: Redefining \sffamily on input line 58.
LaTeX Info: Redefining \ttfamily on input line 58.

Underfull \hbox (badness 10000) in paragraph at lines 57--60
[]\TU/JameelNooriNastaleeq(0)/b/n/10 شکل 13.2a میں ذرہ $\OT1/ppl/m/n/10 1$ \TU/
JameelNooriNastaleeq(0)/b/n/10 (کمیت $\OML/zplm/m/it/10 m[]$\TU/JameelNooriNast
aleeq(0)/b/n/10 ) پر ذرہ $\OT1/ppl/m/n/10 2$ \TU/JameelNooriNastaleeq(0)/b/n/10
 (کمیت $\OML/zplm/m/it/10 m[]$\TU/JameelNooriNastaleeq(0)/b/n/10 ) کی تجاذبی قو
ت $[]$ پیش ہے۔ قوت کا رخ ، ذرہ $\OT1/ppl/m/n/10 2$ \TU/JameelNooriNastaleeq(0)/
b/n/10 کی طرف ہے اور چونکہ ذرہ $\OT1/ppl/m/n/10 2$ \TU/JameelNooriNastaleeq(0)/
b/n/10 کی[]
 []


Underfull \hbox (badness 10000) in paragraph at lines 57--60
[]\TU/JameelNooriNastaleeq(0)/b/n/10 طرف ذرہ $\OT1/ppl/m/n/10 1$ \TU/JameelNoor
iNastaleeq(0)/b/n/10 کشش محسوس کرتا ہے لہٰذا یہ \TU/JameelNooriNastaleeq(0)/m/n
/9 قوت کشش  \TU/JameelNooriNastaleeq(0)/b/n/10 کہلاتی ہے۔ قوت کی قدر مساوات [][
]۱۳.۱[][] []سے حاصل ہو گی۔ ذرہ $\OT1/ppl/m/n/10 1$ \TU/JameelNooriNastaleeq(0)/
b/n/10 سے رداسی باہر نکلتی محور $\OML/zplm/m/it/10 r$ \TU/JameelNooriNastaleeq(
0)/b/n/10 ، جو ذرہ[]
 []


Underfull \hbox (badness 10000) in paragraph at lines 57--60
[]$\OT1/ppl/m/n/10 2$ \TU/JameelNooriNastaleeq(0)/b/n/10 سے بھی گزرتی ہے، کے مث
بت رخ کے ہمراہ قوت $[]$ عمل کرتی ہے (شکل 13.2b)۔ اکائی سمتیہ $[]$ ( جو بے بُعدی
 سمتیہ ہے اور جس کی قدر $\OT1/ppl/m/n/10 1$ \TU/JameelNooriNastaleeq(0)/b/n/10 
ہے)[]
 []


Underfull \hbox (badness 10000) in paragraph at lines 57--60
[]\TU/JameelNooriNastaleeq(0)/b/n/10 استعمال کرتے ہوئے، جو ذرہ $\OT1/ppl/m/n/10
 1$ \TU/JameelNooriNastaleeq(0)/b/n/10 سے دوری کے رخ محور $\OML/zplm/m/it/10 r$
 \TU/JameelNooriNastaleeq(0)/b/n/10 کے ہمراہ واقع ہے (شکل 13.2c)، $[]$ بیان کیا
 جا سکتا ہے۔ یوں، مساوات [][]۱۳.۱[][] []استعمال کرتے[]
 []

LaTeX Info: Redefining \rmfamily on input line 64.
LaTeX Info: Redefining \sffamily on input line 64.
LaTeX Info: Redefining \ttfamily on input line 64.

Underfull \hbox (badness 10000) in paragraph at lines 64--65
[][]\TU/JameelNooriNastaleeq(0)/b/n/10 ذرہ $\OT1/ppl/m/n/10 2$ \TU/JameelNooriN
astaleeq(0)/b/n/10 پر ذرہ $\OT1/ppl/m/n/10 1$ \TU/JameelNooriNastaleeq(0)/b/n/1
0 کی قوت کی قدر وہی ہے جو ذرہ $\OT1/ppl/m/n/10 1$ \TU/JameelNooriNastaleeq(0)/b
/n/10 پر ذرہ $\OT1/ppl/m/n/10 2$ \TU/JameelNooriNastaleeq(0)/b/n/10 کی قدر ہے، 
تاہم اس کا رخ مخالف ہو گا۔ دونوں قوت مل کر قانون سوم جوڑی قوت دیتے ہیں،[]
 []


Underfull \hbox (badness 10000) in paragraph at lines 68--70
[][]\TU/AASameerSagarNastaleeqBold(0)/m/n/10 دیگر اجسام۔ \TU/JameelNooriNastale
eq(0)/b/n/10 اگرچہ، نیوٹن کا قانون تجاذب ذروں کے لئے ہے، جب تک اجسام کی جسامت ،
 اجسام کے بیچ فاصلے کے لحاظ سے بہت کم ہو، قانون تجاذب کا[]
 []


Underfull \hbox (badness 10000) in paragraph at lines 68--70
[]\TU/JameelNooriNastaleeq(0)/b/n/10 اطلاق وسیع اجسام پر بھی ممکن ہے۔ زمین اور 
چاند ایک دوسرے سے اتنی دوری پر ہیں کہ انہیں تخمیناً ذرے تصور کیا جا سکتا ہے؛ لی
کن سیب اور زمین کا کیا ہو گا؟[]
 []

[201]
Underfull \hbox (badness 10000) in paragraph at lines 75--78
[] \TU/JameelNooriNastaleeq(0)/b/n/10 زمین کو خول کے اوپر خول چڑھا جسم تصور کیا
 جا سکتا ہے۔ ہر خول بیرونی ذرے کو یوں کھینچتا ہے گویا خول کے مرکز پر خول کی تما
م کمیت واقع ہو۔ یوں سطح زمین[]
 []


Underfull \hbox (badness 10000) in paragraph at lines 75--78
[]\TU/JameelNooriNastaleeq(0)/b/n/10 سے اوپر ذرے کو تمام خول یوں کھینچتے ہیں گو
یا زمین کی پوری کمیت زمین کے مرکز پر واقع ہو۔ یوں، سیب کے نقطہ نظر سے زمین اس ذ
رے کی مانند ہے جو زمین[]
 []


Underfull \hbox (badness 10000) in paragraph at lines 79--81
[]\TU/JameelNooriNastaleeq(0)/b/n/10 قوت دیتی ہیں۔ اگرچہ، ان کی قدر ایک ہے، جب 
سیب رہا کیا جائے وہ قوت سیب پر مختلف اسراع عائد کرتی ہیں۔ سیب کے اسراع کی قدر $
\OT1/ppl/m/n/10 9.8 m s[]$[]
 []


Underfull \hbox (badness 10000) in paragraph at lines 79--81
[]\TU/JameelNooriNastaleeq(0)/b/n/10 ہو گی، جو سطح زمین کے قریب گرتے جسم کا اسر
اع ہے۔ سیب و زمین نظام کے مرکز سے جڑی حوالہ چوکھٹ کے لحاظ سے زمین کے اسراع کی ق
در صرف[]
 []


Underfull \hbox (badness 5316) in paragraph at lines 85--86
[][]\TU/JameelNooriNastaleeq(0)/b/n/10 ایک ذرہ باری باری درج ذیل اجسام کے باہر 
رکھا جاتا ہے، جن کی انفرادی کمیت $\OML/zplm/m/it/10 m$ \TU/JameelNooriNastaleeq
(0)/b/n/10 ہے۔ (1) ایک بڑا یکساں ٹھوس کرہ، (2) ایک بڑا یکساں کروی خول، (3)[]
 []


Underfull \hbox (badness 10000) in paragraph at lines 85--86
[]\TU/JameelNooriNastaleeq(0)/b/n/10 ایک چھوٹا یکساں ٹھوس کرہ، اور (4) ایک چھوٹ
ا یکساں خول۔ ہر مرتبہ ذرے اور کرہ کے مرکز کا فاصلہ $\OML/zplm/m/it/10 d$ \TU/Ja
meelNooriNastaleeq(0)/b/n/10 رکھا جاتا ہے۔ ذرے پر قوت کی قدر کے لحاظ سے،[]
 []


Underfull \hbox (badness 3108) in paragraph at lines 95--97
[][]\TU/JameelNooriNastaleeq(0)/b/n/10 جہاں ذرے پر ایک سے زیادہ تجاذبی قوت عمل 
پیرا ہوں، قوتوں کو ظاہر کرنے والا آزاد جسمی خاکہ بنا پائیں گے ، جس میں قوت سمتی
ات کی دم عین ذرے پر[]
 []


Underfull \hbox (badness 10000) in paragraph at lines 100--101
[][]
 []


Underfull \hbox (badness 5175) in paragraph at lines 103--105
[][]\TU/JameelNooriNastaleeq(0)/b/n/10 تجاذبی قوت اصول انطباق پر پورا اترتی ہے؛
 یعنی، جہاں $\OML/zplm/m/it/10 n$ \TU/JameelNooriNastaleeq(0)/b/n/10 ذرے باہم ع
مل کرتے ہوں، ایک ذرے پر ، جس کا عرف $\OT1/ppl/m/n/10 1$ \TU/JameelNooriNastalee
q(0)/b/n/10 ہے، صافی قوت $[]$[]
 []


Underfull \hbox (badness 10000) in paragraph at lines 110--111
[][]\TU/JameelNooriNastaleeq(0)/b/n/10 وسیع جسم کی ذرے پر قوت $[]$ معلوم کرنے ک
ے لئے، وسیع جسم کو تفریقی کمیت $[] \OML/zplm/m/it/10 m$ \TU/JameelNooriNastalee
q(0)/b/n/10 کے ٹکڑوں میں تقسیم کیا جاتا ہے، جو ذرے پر تفریقی[]
 []

[202]
LaTeX Info: Redefining \rmfamily on input line 119.
LaTeX Info: Redefining \sffamily on input line 119.
LaTeX Info: Redefining \ttfamily on input line 119.

Underfull \hbox (badness 10000) in paragraph at lines 119--120
[]\TU/JameelNooriNastaleeq(0)/b/n/10 جو کہتا ہے انفرادی اثرات کا مجموعہ صافی اث
ر دیگا۔یہاں،اس اصول کے تحت منتخب ذرے پر باقی تمام ذروں کا (ایک ایک کر کے) انفرا
دی قوت تجاذب حاصل کر[]
 []


Underfull \hbox (badness 10000) in paragraph at lines 121--122
[][]\TU/JameelNooriNastaleeq(0)/b/n/10 مذکورہ بالا آخری دو جملوں میں پیش دو نقط
وں پر دوبارہ غور کرتے ہیں۔ (1) قوت درحقیقت سمتیہ ہیں جن کے رخ مختلف ہو سکتے ہیں
 لہٰذا ان کا \TU/JameelNooriNastaleeq(0)/m/n/9 سمتی مجموعہ  \TU/JameelNooriNast
aleeq(0)/b/n/10 لینا[]
 []


Underfull \hbox (badness 10000) in paragraph at lines 121--122
[]\TU/JameelNooriNastaleeq(0)/b/n/10 ضروری ہے، جو قوتوں کے رخ کا حساب بھی رکھے 
گا۔ (جب دو آدمی آپ کو مخالف رخ کھینچیں، ان کی صافی قوت یقیناً اس سے مختلف ہو گی
 جب دونوں آپ کو[]
 []


Underfull \hbox (badness 10000) in paragraph at lines 121--122
[]\TU/JameelNooriNastaleeq(0)/b/n/10 ایک رخ کھینچیں۔) (2) ہم انفرادی قوتوں کا م
جموعہ لیتے ہیں۔ کتنا مشکل ہوتا اگر صافی قوت کسی جزو ضربی پر منحصر ہوتی جس کی قی
مت ہر قوت کے لئے صورت[]
 []


Underfull \hbox (badness 10000) in paragraph at lines 121--122
[]\TU/JameelNooriNastaleeq(0)/b/n/10 حال کے مطابق مختلف ہوتی، یا اگر ایک قوت کی
 موجودگی دوسری قوت پر اثر انداز ہوتی۔ ہماری خوش قسمتی ہے کہ دنیا اتنی پیچیدہ نہ
یں؛ ہم قوتوں کا سادہ سمتی[]
 []


Underfull \hbox (badness 10000) in paragraph at lines 127--130
[]\TU/JameelNooriNastaleeq(0)/b/n/10 یہاں ذرہ $\OT1/ppl/m/n/10 1$ \TU/JameelNoo
riNastaleeq(0)/b/n/10 پر صافی قوت $[]$ ہے اور ، مثال کے طور پر، ذرہ $\OT1/ppl/m
/n/10 1$ \TU/JameelNooriNastaleeq(0)/b/n/10 پر ذرہ $\OT1/ppl/m/n/10 3$ \TU/Jame
elNooriNastaleeq(0)/b/n/10 کی قوت $[]$ ہے۔اس مساوات کو مختصراً (ذیل) سمتی مجموع
ہ لکھا جا سکتا[]
 []

LaTeX Info: Redefining \rmfamily on input line 135.
LaTeX Info: Redefining \sffamily on input line 135.
LaTeX Info: Redefining \ttfamily on input line 135.
LaTeX Info: Redefining \rmfamily on input line 135.
LaTeX Info: Redefining \sffamily on input line 135.
LaTeX Info: Redefining \ttfamily on input line 135.

Underfull \hbox (badness 1810) in paragraph at lines 134--137
[][]\TU/AASameerSagarNastaleeqBold(0)/m/n/10 حقیقی اجسام۔ \TU/JameelNooriNastal
eeq(0)/b/n/10 ذرے پر حقیقی (وسیع) جسم کی تجاذبی قوت کیا ہو گی؟ ہم جسم کو اتنے چ
ھوٹے چھوٹے ٹکڑوں میں تقسیم کرتے ہیں کہ ہر ٹکڑے کو ذرہ تصور[]
 []


Underfull \hbox (badness 10000) in paragraph at lines 134--137
[]\TU/JameelNooriNastaleeq(0)/b/n/10 کرنا ممکن ہو۔اس کے بعد مساوات [][]۱۳.۵[][]
 []استعمال کر کے ذرے پر تمام ٹکڑوں کی قوتوں کا سمتی مجموعہ لیتے ہیں۔ تحدیدی صور
ت میں ہم وسیع جسم کو تفریقی[]
 []

LaTeX Info: Redefining \rmfamily on input line 140.
LaTeX Info: Redefining \sffamily on input line 140.
LaTeX Info: Redefining \ttfamily on input line 140.
LaTeX Info: Redefining \rmfamily on input line 140.
LaTeX Info: Redefining \sffamily on input line 140.
LaTeX Info: Redefining \ttfamily on input line 140.

Underfull \hbox (badness 10000) in paragraph at lines 139--143
[]\TU/JameelNooriNastaleeq(0)/b/n/10 جہاں تکمل پورے جسم پر لیا جاتا ہے اور ہم ز
یر نوشت ”صافی“ لکھنا بند کرتے ہیں۔ اگر وسیع جسم ایک یکساں کرہ یا کروی خول ہو، م
ساوات [][]۱۳.۶[][] []کے سمتی تکمل[]
 []

[203]
LaTeX Info: Redefining \rmfamily on input line 149.
LaTeX Info: Redefining \sffamily on input line 149.
LaTeX Info: Redefining \ttfamily on input line 149.
LaTeX Info: Redefining \rmfamily on input line 152.
LaTeX Info: Redefining \sffamily on input line 152.
LaTeX Info: Redefining \ttfamily on input line 152.

Underfull \hbox (badness 10000) in paragraph at lines 169--171
[]\TU/JameelNooriNastaleeq(0)/b/n/10 قوت $[]$ مثبت محور $\OML/zplm/m/it/10 y$ \
TU/JameelNooriNastaleeq(0)/b/n/10 رخ (شکل 13.4b) ہے جس کا صرف $\OML/zplm/m/it/1
0 y$ \TU/JameelNooriNastaleeq(0)/b/n/10 جزو $\OML/zplm/m/it/10 F[]$ \TU/JameelN
ooriNastaleeq(0)/b/n/10 ہو گا۔ اسی طرح $[]$ منفی محور $\OML/zplm/m/it/10 x$ \TU
/JameelNooriNastaleeq(0)/b/n/10 رخ ہے جس کا صرف $\OML/zplm/m/it/10 x$ \TU/Jamee
lNooriNastaleeq(0)/b/n/10 جزو[]
 []


Underfull \hbox (badness 10000) in paragraph at lines 172--173
[][]\TU/JameelNooriNastaleeq(0)/b/n/10 ذرہ $\OT1/ppl/m/n/10 1$ \TU/JameelNooriN
astaleeq(0)/b/n/10 پر صافی قوت $[]$ تلاش کرنے کے لئے ہمیں دونوں قوت کو سمتیات ک
ی طرح جمع کرنا ہو گا (شکل 13.4d اور شکل 13.4e)۔ یہاں[]
 []


Underfull \hbox (badness 10000) in paragraph at lines 172--173
[]$\OMS/zplm/m/n/10 ^^@\OML/zplm/m/it/10 F[]$ \TU/JameelNooriNastaleeq(0)/b/n/1
0 اور $\OML/zplm/m/it/10 F[]$ \TU/JameelNooriNastaleeq(0)/b/n/10 قوت $[]$ کے $\
OML/zplm/m/it/10 x$ \TU/JameelNooriNastaleeq(0)/b/n/10 اور $\OML/zplm/m/it/10 y
$ \TU/JameelNooriNastaleeq(0)/b/n/10 جزو ہیں۔ یوں مساوات 3.6 استعمال کر کے قدر 
تلاش کر نے کے بعد $[]$ کا رخ معلوم کرتے[]
 []

LaTeX Info: Redefining \rmfamily on input line 183.
LaTeX Info: Redefining \sffamily on input line 183.
LaTeX Info: Redefining \ttfamily on input line 183.

Underfull \hbox (badness 10000) in paragraph at lines 181--184
[]\TU/JameelNooriNastaleeq(0)/b/n/10 کیا یہ زاویہ درست معلوم ہوتا ہے (شکل 13.4f
)؟ بالکل نہیں، چونکہ $[]$ کا زاویہ $[]$ اور $[]$ کے درمیان ہو گا۔ باب 3 سے یاد 
کریں،[]
 []

[204]
Underfull \hbox (badness 10000) in paragraph at lines 193--194
[][]\TU/JameelNooriNastaleeq(0)/b/n/10 تین ذرے ، جن کی کمیت برابر ہے، کو چار مخ
تلف صورتوں میں رکھا گیا ہے (شکل ؟؟ )۔ (ا) جس ذرے کو $\OML/zplm/m/it/10 m$ \TU/J
ameelNooriNastaleeq(0)/b/n/10 سے ظاہر کیا گیا ہے، اس پر صافی تجاذبی قوت کی[]
 []


Underfull \hbox (badness 10000) in paragraph at lines 193--194
[]\TU/JameelNooriNastaleeq(0)/b/n/10 قدر کے لحاظ سے، اعظم قیمت اول رکھ کر، چار 
صورتوں کی درجہ بندی کریں۔ (ب) کیا صورت $\OT1/ppl/m/n/10 2$ \TU/JameelNooriNasta
leeq(0)/b/n/10 میں صافی قوت کا رخ اس لکیر کے زیادہ قریب ہے جس کی[]
 []


Underfull \hbox (badness 10000) in paragraph at lines 210--211
[][]
 []

LaTeX Info: Redefining \rmfamily on input line 213.
LaTeX Info: Redefining \sffamily on input line 213.
LaTeX Info: Redefining \ttfamily on input line 213.

Underfull \hbox (badness 1496) in paragraph at lines 213--214
[][]\TU/JameelNooriNastaleeq(0)/b/n/10 ایک ذرے کا ( جس کی کمیت $\OML/zplm/m/it/
10 m$ \TU/JameelNooriNastaleeq(0)/b/n/10 ہے ) تجاذبی اسراع $\OML/zplm/m/it/10 a
[]$ \TU/JameelNooriNastaleeq(0)/b/n/10 صرف اور صرف ، ذرے پر عمل پیرا ، تجاذبی ق
وت کی بنا ہے۔یکساں، کروی جسم، جس کی[]
 []


Underfull \hbox (badness 10000) in paragraph at lines 213--214
[]\TU/JameelNooriNastaleeq(0)/b/n/10 کمیت $\OML/zplm/m/it/10 M$ \TU/JameelNoori
Nastaleeq(0)/b/n/10 ہے، کے مرکز سے $\OML/zplm/m/it/10 r$ \TU/JameelNooriNastale
eq(0)/b/n/10 فاصلے پر واقع ذرہ پر عمل پیرا تجاذبی قوت کی قدر $\OML/zplm/m/it/10
 F$ \TU/JameelNooriNastaleeq(0)/b/n/10 مساوات [][]۱۳.۱[][] []سے حاصل کی جا سکتی
 ہے۔ یوں، نیوٹن کے[]
 []


Underfull \hbox (badness 10000) in paragraph at lines 222--223
[][]\TU/JameelNooriNastaleeq(0)/b/n/10 زمین کی کمیتی تقسیم یکساں نہیں، زمین مکم
ل کروی نہیں، اور زمین اپنے مرکز کے گرد گھوم رہی ہے لہٰذا سطح زمین کے قریب ذرے ک
ا حقیقی آزاد[]
 []


Underfull \hbox (badness 10000) in paragraph at lines 222--223
[]\TU/JameelNooriNastaleeq(0)/b/n/10 گرنے کا اسراع تجاذبی اسراع $\OML/zplm/m/it
/10 a[]$ \TU/JameelNooriNastaleeq(0)/b/n/10 سے معمولی مختلف ہو گا، اور ذرے کا و
زن (جو $\OML/zplm/m/it/10 mg$ \TU/JameelNooriNastaleeq(0)/b/n/10 کے برابر ہے) ذ
رے پر تجاذبی قوت کی قدر سے مختلف ہو[]
 []

[205]
LaTeX Info: Redefining \rmfamily on input line 228.
LaTeX Info: Redefining \sffamily on input line 228.
LaTeX Info: Redefining \ttfamily on input line 228.
LaTeX Info: Redefining \rmfamily on input line 233.
LaTeX Info: Redefining \sffamily on input line 233.
LaTeX Info: Redefining \ttfamily on input line 233.
LaTeX Info: Redefining \rmfamily on input line 238.
LaTeX Info: Redefining \sffamily on input line 238.
LaTeX Info: Redefining \ttfamily on input line 238.
LaTeX Info: Redefining \rmfamily on input line 238.
LaTeX Info: Redefining \sffamily on input line 238.
LaTeX Info: Redefining \ttfamily on input line 238.
LaTeX Info: Redefining \rmfamily on input line 243.
LaTeX Info: Redefining \sffamily on input line 243.
LaTeX Info: Redefining \ttfamily on input line 243.
LaTeX Info: Redefining \rmfamily on input line 243.
LaTeX Info: Redefining \sffamily on input line 243.
LaTeX Info: Redefining \ttfamily on input line 243.
LaTeX Info: Redefining \rmfamily on input line 262.
LaTeX Info: Redefining \sffamily on input line 262.
LaTeX Info: Redefining \ttfamily on input line 262.
LaTeX Info: Redefining \rmfamily on input line 262.
LaTeX Info: Redefining \sffamily on input line 262.
LaTeX Info: Redefining \ttfamily on input line 262.

Underfull \hbox (badness 10000) in paragraph at lines 262--263
[][]\TU/JameelNooriNastaleeq(0)/b/n/10 ہم حصہ 5.1 سے ، زمین کا گھماو نظرانداز ک
ر کے، زمین کو جمودی چوکھٹ تصور کرتے رہے ہیں۔ اس تسہیل کی بنا ہم فرض کرتے رہے ہی
ں کہ ذرے کے آزاد[]
 []


Underfull \hbox (badness 10000) in paragraph at lines 262--263
[]\TU/JameelNooriNastaleeq(0)/b/n/10 اور $\OT1/ppl/m/n/10 9.8 m s[]$ \TU/Jameel
NooriNastaleeq(0)/b/n/10 ہے۔ تاہم، (درج ذیل) تین وجوہات کی بنا، کسی بھی مقام پر
 $\OML/zplm/m/it/10 g$ \TU/JameelNooriNastaleeq(0)/b/n/10 کی پیمائشی قیمت،اس مق
ام پر مساوات [][]۱۳.۱۱[][] []سے حاصل $\OML/zplm/m/it/10 a[]$ \TU/JameelNooriNas
taleeq(0)/b/n/10 کی قیمت[]
 []


Underfull \hbox (badness 10000) in paragraph at lines 262--263
[]\TU/JameelNooriNastaleeq(0)/b/n/10 سے مختلف ہو گی: (1) زمین کی کمیتی تقسیم یک
ساں نہیں، (2) زمین مکمل کروی نہیں، اور (3) زمین گھوم رہی ہے۔ ساتھ ہی، چونکہ $\O
ML/zplm/m/it/10 g$ \TU/JameelNooriNastaleeq(0)/b/n/10 کی قیمت $\OML/zplm/m/it/1
0 a[]$ \TU/JameelNooriNastaleeq(0)/b/n/10 کی قیمت[]
 []


Underfull \hbox (badness 10000) in paragraph at lines 262--263
[]\TU/JameelNooriNastaleeq(0)/b/n/10 سے مختلف ہے، انہیں تین وجوہات کی بنا، ذرے 
کی پیمائشی وزن $\OML/zplm/m/it/10 mg$ \TU/JameelNooriNastaleeq(0)/b/n/10 ، مساو
ات [][]۱۳.۹[][] []سے حاصل ، ذرے پر تجاذبی قوت کی قدر سے مختلف ہو گی۔ آئیں ان[]
 []


Underfull \hbox (badness 7133) in paragraph at lines 267--269
[]\TU/JameelNooriNastaleeq(0)/b/n/10 کے قشر (بیرونی پرت) کی کثافت سطح زمین پر ا
یک مقام سے دوسرے مقام مختلف ہے۔ یوں سطح زمین پر $\OML/zplm/m/it/10 g$ \TU/Jamee
lNooriNastaleeq(0)/b/n/10 کی قیمت ایک مقام سے دوسرے مقام مختلف[]
 []

[206]
Underfull \hbox (badness 2302) in paragraph at lines 269--271
[][]\TU/AASameerSagarNastaleeqBold(0)/m/n/10 زمین مکمل کروی نہیں۔ \TU/JameelNoo
riNastaleeq(0)/b/n/10 زمین تخمیناً ترخیمی سطح ہے جو قطبین پر چپٹی اور خط استوا 
پر ابھری ہے۔اس کا استوائی رداس (زمین کے مرکز سے خط استوا[]
 []


Underfull \hbox (badness 10000) in paragraph at lines 269--271
[]\TU/JameelNooriNastaleeq(0)/b/n/10 تک فاصلہ) قطبی رداس (مرکز سے شمالی قطب یا 
جنوبی قطب تک فاصلہ) سے $\OT1/ppl/m/n/10 21 []$ \TU/JameelNooriNastaleeq(0)/b/n/
10 زیادہ ہے۔ یوں، زمین کے اندرونی کثیف خطہ کو ، قطبین پر نقطہ[]
 []


Underfull \hbox (badness 10000) in paragraph at lines 269--271
[]\TU/JameelNooriNastaleeq(0)/b/n/10 خط استوا پر نقطہ سے زیادہ قریب ہو گا۔یہ ای
ک وجہ ہے جس کی بنا، سطح سمندر پر رہتے ہوئے خط استوا سے شمالی قطب یا جنوبی قطب ک
ی طرف چلتے ہوئے آزاد[]
 []


Underfull \hbox (badness 6078) in paragraph at lines 269--271
[]\TU/JameelNooriNastaleeq(0)/b/n/10 گھرنے کے اسراع $\OML/zplm/m/it/10 g$ \TU/J
ameelNooriNastaleeq(0)/b/n/10 کی پیمائشی قیمت بڑھتی ہے۔ جیسے جیسے آپ قطبین کی ط
رف بڑھتے ہیں، آپ زمین کے مرکز کے قریب ہوتے جاتے ہیں، اور نیوٹن[]
 []


Underfull \hbox (badness 6641) in paragraph at lines 271--272
[][]\TU/AASameerSagarNastaleeqBold(0)/m/n/10 زمین گھوم رہی ہے۔ \TU/JameelNooriN
astaleeq(0)/b/n/10 زمین کی محور گھماو شمالی اور جنوبی قطب سے گزرتی ہے۔ قطبین کے
 علاوہ ، سطح زمین پر کسی بھی نقطہ پر واقع جسم محور گھماو کے[]
 []


Underfull \hbox (badness 10000) in paragraph at lines 271--272
[]\TU/JameelNooriNastaleeq(0)/b/n/10 گرد دائرے پر گھومتا ہے اور یوں دائرے کے مر
کز کے رخ مرکز مائل اسراع محسوس کرے گا۔ مرکز مائل اسراع کی بدولت دائرے کے مرکز ک
ے رخ[]
 []


Underfull \hbox (badness 10000) in paragraph at lines 275--276
[][]\TU/JameelNooriNastaleeq(0)/b/n/10 یہ سمجھنے کے لئے کہ زمین کا گھماو $\OML/
zplm/m/it/10 g$ \TU/JameelNooriNastaleeq(0)/b/n/10 کو $\OML/zplm/m/it/10 a[]$ \
TU/JameelNooriNastaleeq(0)/b/n/10 سے کس طرح مختلف بناتا ہے، ہم ایک سادہ مثال پر
 غور کرتے ہیں۔ فرض کریں خط استوا پر کمیت $\OML/zplm/m/it/10 m$ \TU/JameelNooriN
astaleeq(0)/b/n/10 کا کریٹ[]
 []

LaTeX Info: Redefining \rmfamily on input line 277.
LaTeX Info: Redefining \sffamily on input line 277.
LaTeX Info: Redefining \ttfamily on input line 277.

Underfull \hbox (badness 10000) in paragraph at lines 277--280
[][]\TU/JameelNooriNastaleeq(0)/b/n/10 شکل 13.6b میں کریٹ کا آزاد جسمی خاکہ، کر
یٹ پر عمل پیرا دو قوت دکھاتا ہے۔ دونوں قوت محور $\OML/zplm/m/it/10 r$ \TU/Jamee
lNooriNastaleeq(0)/b/n/10 کے ہمراہ ہیں، جو مرکز زمین سے رداسی باہر رخ ہے۔[]
 []


Underfull \hbox (badness 10000) in paragraph at lines 277--280
[]\TU/JameelNooriNastaleeq(0)/b/n/10 کریٹ پر ترازو کی عمودی قوت $[]$ مثبت محور 
$\OML/zplm/m/it/10 r$ \TU/JameelNooriNastaleeq(0)/b/n/10 کے رخ، باہر کی طرف ہے۔
 تجاذبی قوت، جو $\OML/zplm/m/it/10 m[]$ \TU/JameelNooriNastaleeq(0)/b/n/10 ہو گ
ی، اندر کی طرف ہے۔چونکہ کریٹ مرکز زمین[]
 []


Underfull \hbox (badness 1320) in paragraph at lines 277--280
[]$\OML/zplm/m/it/10 ![]R$ \TU/JameelNooriNastaleeq(0)/b/n/10 کے برابر ہو گا، ج
ہاں $\OML/zplm/m/it/10 !$ \TU/JameelNooriNastaleeq(0)/b/n/10 زمین کی زاوی رفتار
 اور $\OML/zplm/m/it/10 R$ \TU/JameelNooriNastaleeq(0)/b/n/10 دائرے کا ا رداس (
جو تخمیناً زمین کے رداس کے برابر ہو گا) ہے ۔ یوں محور $\OML/zplm/m/it/10 r$ \TU
/JameelNooriNastaleeq(0)/b/n/10 پر قوتوں کے لئے[]
 []

LaTeX Info: Redefining \rmfamily on input line 283.
LaTeX Info: Redefining \sffamily on input line 283.
LaTeX Info: Redefining \ttfamily on input line 283.
LaTeX Info: Redefining \rmfamily on input line 295.
LaTeX Info: Redefining \sffamily on input line 295.
LaTeX Info: Redefining \ttfamily on input line 295.
[207]
LaTeX Info: Redefining \rmfamily on input line 307.
LaTeX Info: Redefining \sffamily on input line 307.
LaTeX Info: Redefining \ttfamily on input line 307.

Underfull \hbox (badness 10000) in paragraph at lines 306--308
[][]\TU/AASameerSagarNastaleeqBold(0)/m/n/10 خط استوا۔ \TU/JameelNooriNastaleeq
(0)/b/n/10 اسراع $\OML/zplm/m/it/10 g$ \TU/JameelNooriNastaleeq(0)/b/n/10 اور ا
سراع $\OML/zplm/m/it/10 a[]$ \TU/JameelNooriNastaleeq(0)/b/n/10 میں فرق $\OML/z
plm/m/it/10 ![]R$ \TU/JameelNooriNastaleeq(0)/b/n/10 کے برابر ہے، جو خط استوا پ
ر زیادہ سے زیادہ ہو گا(خط استوا پر کریٹ جس دائرے پر گھومتا[]
 []


Underfull \hbox (badness 10000) in paragraph at lines 306--308
[]\TU/JameelNooriNastaleeq(0)/b/n/10 ہے، اس کا رداس زیادہ سے زیادہ ہو گا)۔ اسرا
ع کی قیمتوں میں فرق جاننے کے لئے ہم مساوات [][]۱۰.۵[][] $\OT1/zplm/m/n/10 (\OML
/zplm/m/it/10 ! \OT1/zplm/m/n/10 = ^^A\OML/zplm/m/it/10 ^^R \OT1/zplm/m/n/10 / 
^^A\OML/zplm/m/it/10 t\OT1/zplm/m/n/10 )$ []\TU/JameelNooriNastaleeq(0)/b/n/10 
اور زمین کا رداس[]
 []


Underfull \hbox (badness 1939) in paragraph at lines 306--308
[]$\OML/zplm/m/it/10 R \OT1/zplm/m/n/10 = \OT1/ppl/m/n/10 6.37 \OMS/zplm/m/n/10
 ^^B \OT1/ppl/m/n/10 10[] m$ \TU/JameelNooriNastaleeq(0)/b/n/10 استعمال کرتے ہی
ں۔ زمین کے ایک چکر کے لئے $\OT1/zplm/m/n/10 ^^A\OML/zplm/m/it/10 ^^R$ \TU/Jamee
lNooriNastaleeq(0)/b/n/10 کی قیمت $\OT1/ppl/m/n/10 2\OML/zplm/m/it/10 ^^Y$ \TU/
JameelNooriNastaleeq(0)/b/n/10 ریڈیئن اور $\OT1/zplm/m/n/10 ^^A\OML/zplm/m/it/1
0 t$ \TU/JameelNooriNastaleeq(0)/b/n/10 کی قیمت تقریباً $\OT1/ppl/m/n/10 24$ \T
U/JameelNooriNastaleeq(0)/b/n/10 گھنٹے[]
 []


Underfull \hbox (badness 10000) in paragraph at lines 306--308
[]\TU/JameelNooriNastaleeq(0)/b/n/10 ہے۔ ان قیمتوں کو استعمال کر کے (اور گھنٹوں
 کو سیکنڈ میں بدل کر)، ہم دیکھتے ہیں کہ $\OML/zplm/m/it/10 g$ \TU/JameelNooriNa
staleeq(0)/b/n/10 کی قیمت $\OML/zplm/m/it/10 a[]$ \TU/JameelNooriNastaleeq(0)/b
/n/10 کی قیمت سے صرف $\OT1/ppl/m/n/10 0.034 m s[]$ \TU/JameelNooriNastaleeq(0)/
b/n/10 کم ہے (جو[]
 []


Underfull \hbox (badness 10000) in paragraph at lines 306--308
[]$\OT1/ppl/m/n/10 9.8 m s[]$ \TU/JameelNooriNastaleeq(0)/b/n/10 کے لحاظ سے کاف
ی کم ہے)۔ اسی وجہ کی بنا، ہم $\OML/zplm/m/it/10 g$ \TU/JameelNooriNastaleeq(0)/
b/n/10 اور $\OML/zplm/m/it/10 a[]$ \TU/JameelNooriNastaleeq(0)/b/n/10 میں فرق ک
و عموماً نظرانداز کرتے ہیں۔ اسی طرح، وزن اور تجاذبی قوت کی قدر میں[]
 []

LaTeX Info: Redefining \rmfamily on input line 315.
LaTeX Info: Redefining \sffamily on input line 315.
LaTeX Info: Redefining \ttfamily on input line 315.
LaTeX Info: Redefining \rmfamily on input line 320.
LaTeX Info: Redefining \sffamily on input line 320.
LaTeX Info: Redefining \ttfamily on input line 320.

Underfull \hbox (badness 10000) in paragraph at lines 319--321
[]\TU/JameelNooriNastaleeq(0)/b/n/10 بیچ فرق جان سکتے ہیں۔ تاہم ، $\OML/zplm/m/
it/10 r$ \TU/JameelNooriNastaleeq(0)/b/n/10 کے لحاظ سے $\OML/zplm/m/it/10 h$ \T
U/JameelNooriNastaleeq(0)/b/n/10 کی قیمت انتہائی کم ہے،یوں اسراع کی دو قیمتوں م
یں فرق اتنا معمولی ہو گا کہ عین ممکن ہے محاسب (کیلکولیٹر)[]
 []


Underfull \hbox (badness 10000) in paragraph at lines 319--321
[]\TU/JameelNooriNastaleeq(0)/b/n/10 دونوں کی قیمت ایک دے اور یوں فرق صفر حاصل 
ہو گا، جو درست نہیں۔ بہتر طریقہ ذیل ہے: چونکہ خلا باز کے سر اور پیر کے بیچ $\OM
L/zplm/m/it/10 r$ \TU/JameelNooriNastaleeq(0)/b/n/10 میں تفریقی فرق $[] \OML/zp
lm/m/it/10 r$ \TU/JameelNooriNastaleeq(0)/b/n/10 پایا[]
 []

LaTeX Info: Redefining \rmfamily on input line 323.
LaTeX Info: Redefining \sffamily on input line 323.
LaTeX Info: Redefining \ttfamily on input line 323.
LaTeX Info: Redefining \rmfamily on input line 329.
LaTeX Info: Redefining \sffamily on input line 329.
LaTeX Info: Redefining \ttfamily on input line 329.
LaTeX Info: Redefining \rmfamily on input line 334.
LaTeX Info: Redefining \sffamily on input line 334.
LaTeX Info: Redefining \ttfamily on input line 334.
LaTeX Info: Redefining \rmfamily on input line 336.
LaTeX Info: Redefining \sffamily on input line 336.
LaTeX Info: Redefining \ttfamily on input line 336.

Underfull \hbox (badness 4505) in paragraph at lines 336--337
[][]\TU/JameelNooriNastaleeq(0)/b/n/10 (ب) اب فرض کریں خلا باز ”پیر نیچے“ اسی ر
داس $\OML/zplm/m/it/10 r \OT1/zplm/m/n/10 = \OT1/ppl/m/n/10 6.77 \OMS/zplm/m/n/
10 ^^B \OT1/ppl/m/n/10 10[] m$ \TU/JameelNooriNastaleeq(0)/b/n/10 پر ثقب اسود ک
ے گرد گھومتا ہے، جس کی کمیت $\OML/zplm/m/it/10 M[] \OT1/zplm/m/n/10 =$[]
 []


Underfull \hbox (badness 7504) in paragraph at lines 336--337
[]$\OT1/ppl/m/n/10 1.99 \OMS/zplm/m/n/10 ^^B \OT1/ppl/m/n/10 10[] []$ \TU/Jamee
lNooriNastaleeq(0)/b/n/10 (سورج کے $\OT1/ppl/m/n/10 10$ \TU/JameelNooriNastalee
q(0)/b/n/10 گنّا)ہے۔ اس کے سر اور پیر پر اسراع میں فرق کیا ہو گا؟ ثقب اسود کی ا
یک ریاضی سطح (جو \TU/AASameerSagarNastaleeqBold(0)/m/n/10 افق وقوعہ[][] \TU/Jam
eelNooriNastaleeq(0)/b/n/10 کہلاتی[]
 []

[208]
LaTeX Info: Redefining \rmfamily on input line 339.
LaTeX Info: Redefining \sffamily on input line 339.
LaTeX Info: Redefining \ttfamily on input line 339.

Underfull \hbox (badness 10000) in paragraph at lines 338--340
[][]\TU/AASameerSagarNastaleeqBold(0)/m/n/10 حساب: \TU/JameelNooriNastaleeq(0)/
b/n/10 یہاں بھی خلا باز کے سر اور پیر میں $\OML/zplm/m/it/10 r$ \TU/JameelNoori
Nastaleeq(0)/b/n/10 کا تفریقی فرق $[] \OML/zplm/m/it/10 r$ \TU/JameelNooriNasta
leeq(0)/b/n/10 پایا جاتا ہے، لہٰذا ہم دوبارہ مساوات [][]۱۳.۱۶[][] []استعمال کرت
ے ہیں۔ تاہم، اب $\OML/zplm/m/it/10 M[]$ \TU/JameelNooriNastaleeq(0)/b/n/10 کی[]

 []


Underfull \hbox (badness 10000) in paragraph at lines 343--345
[]\TU/JameelNooriNastaleeq(0)/b/n/10 خلا باز کے پیر پر اسراع اس کے سر پر اسراع 
سے کافی زیادہ ہے۔ اگرچہ خلا باز اس کھینچ کو برداشت کر پائے گا لیکن کافی درد کے 
ساتھ۔ اگر وہ ثقب اسود کے مزید[]
 []


Underfull \hbox (badness 10000) in paragraph at lines 359--360
[][]
 []


Underfull \hbox (badness 10000) in paragraph at lines 364--365
[][]\TU/JameelNooriNastaleeq(0)/b/n/10 یکساں ٹھوس کرہ کے اندر، مرکز سے $\OML/zp
lm/m/it/10 r$ \TU/JameelNooriNastaleeq(0)/b/n/10 فاصلے پر، واقع ذرے پر تجاذبی ق
وت $[]$ صرف اس کمیت $\OML/zplm/m/it/10 M[]$ \TU/JameelNooriNastaleeq(0)/b/n/10 
کی بدولت ہو گی جو رداس $\OML/zplm/m/it/10 r$ \TU/JameelNooriNastaleeq(0)/b/n/10
 کرہ کے[]
 []


Underfull \hbox (badness 10000) in paragraph at lines 367--369
[]\TU/JameelNooriNastaleeq(0)/b/n/10 جہاں ٹھوس کرہ کی کثافت $\OML/zplm/m/it/10 
^^Z$\TU/JameelNooriNastaleeq(0)/b/n/10 ، رداس $\OML/zplm/m/it/10 R$\TU/JameelNo
oriNastaleeq(0)/b/n/10 ، اور کمیت $\OML/zplm/m/it/10 M$ \TU/JameelNooriNastalee
q(0)/b/n/10 ہے۔ ہم اندر کی کمیت $\OML/zplm/m/it/10 M[]$ \TU/JameelNooriNastalee
q(0)/b/n/10 کو ٹھوس کرہ کے مرکز پر ایک ذرے کی کمیت تصور کر[]
 []

[209]
Underfull \hbox (badness 3623) in paragraph at lines 384--385
[][]\TU/JameelNooriNastaleeq(0)/m/n/9 انتباہ: \TU/JameelNooriNastaleeq(0)/b/n/1
0 اس کا ہرگز یہ مطلب نہیں کہ ذرے پر خول کے مختلف حصوں کا تجاذبی قوت جادو سے غائ
ب ہو جاتا ہے۔ درحقیقت، خول کے تمام ٹکڑوں کے تجاذبی قوت[]
 []


Underfull \hbox (badness 10000) in paragraph at lines 386--387
[][]\TU/JameelNooriNastaleeq(0)/b/n/10 اگر زمین کی کمیت کی تقسیم یکساں ہوتی، سط
ح زمین پر موجود ذرے پر تجاذبی قوت زیادہ سے زیادہ ہوتی، اور ذرے کو سطح سے دور با
ہر کی طرف لے جانے سے[]
 []


Underfull \hbox (badness 10000) in paragraph at lines 386--387
[]\TU/JameelNooriNastaleeq(0)/b/n/10 ذرے پر قوت کم ہوتی۔ ذرے کو سطح کے اندر زمی
ن کے مرکز کی طرف لے جانے سے تجاذبی قوت دو طرح اثر انداز ہو گی۔ (1) چونکہ ذرہ زم
ین کے مرکز کے[]
 []


Underfull \hbox (badness 10000) in paragraph at lines 386--387
[]\TU/JameelNooriNastaleeq(0)/b/n/10 قریب ہو گا، اس پر تجاذبی قوت بڑھے گی۔ (2) 
چونکہ ذرے کے رداسی فاصلہ سے باہر خول ذرے پر صافی تجاذبی قوت پیدا نہیں کرتا لہٰذ
ا ذرے پر تجاذبی قوت[]
 []

LaTeX Info: Redefining \rmfamily on input line 388.
LaTeX Info: Redefining \sffamily on input line 388.
LaTeX Info: Redefining \ttfamily on input line 388.

Underfull \hbox (badness 10000) in paragraph at lines 388--390
[][]\TU/JameelNooriNastaleeq(0)/b/n/10 یکساں زمین کے اندر واقع کمیت $\OML/zplm/
m/it/10 m$ \TU/JameelNooriNastaleeq(0)/b/n/10 کے جسم پر تجاذبی قوت معلوم کرتے ہ
یں ۔ شکل 13.7 میں زمین کے آرپار، شمالی قطب سے جنوبی قطب تک، سرنگ[]
 []


Underfull \hbox (badness 10000) in paragraph at lines 388--390
[]\TU/JameelNooriNastaleeq(0)/b/n/10 دکھائی گئی ہے ، جہاں جنوبی قطب سے سرنگ میں
 جسم گر کر مرکز زمین سے $\OML/zplm/m/it/10 r$ \TU/JameelNooriNastaleeq(0)/b/n/1
0 فاصلے پر پہنچا ہے۔ اس لمحے جسم پر صرف $\OML/zplm/m/it/10 M[]$ \TU/JameelNoori
Nastaleeq(0)/b/n/10 صافی تجاذبی قوت پیدا[]
 []


Underfull \hbox (badness 10000) in paragraph at lines 388--390
[]\TU/JameelNooriNastaleeq(0)/b/n/10 کرتی ہے، جو رداس $\OML/zplm/m/it/10 r$ \TU
/JameelNooriNastaleeq(0)/b/n/10 کے کرہ کے اندر ( نقطہ دار لکیر کے اندر) موجود ک
میت ہے ۔ نقطہ دار لکیر سے باہر خول جسم پر صافی تجاذبی قوت پیدا نہیں کرتا۔ مزید،
 ہم[]
 []

LaTeX Info: Redefining \rmfamily on input line 404.
LaTeX Info: Redefining \sffamily on input line 404.
LaTeX Info: Redefining \ttfamily on input line 404.
LaTeX Info: Redefining \rmfamily on input line 404.
LaTeX Info: Redefining \sffamily on input line 404.
LaTeX Info: Redefining \ttfamily on input line 404.
LaTeX Info: Redefining \rmfamily on input line 413.
LaTeX Info: Redefining \sffamily on input line 413.
LaTeX Info: Redefining \ttfamily on input line 413.
LaTeX Info: Redefining \rmfamily on input line 413.
LaTeX Info: Redefining \sffamily on input line 413.
LaTeX Info: Redefining \ttfamily on input line 413.

Underfull \hbox (badness 10000) in paragraph at lines 413--415
[][]\TU/JameelNooriNastaleeq(0)/b/n/10 مساوات [][]۱۳.۱۹[][] []کو سمتیہ قوت $[]$
 اور مرکز زمین سے باہر رخ رداسی محور کے ہمراہ جسم کے تعین گر سمتیہ $[]$ کی صورت
 میں بھی لکھا جا سکتا ہے۔مساوات[]
 []

[210]
LaTeX Info: Redefining \rmfamily on input line 418.
LaTeX Info: Redefining \sffamily on input line 418.
LaTeX Info: Redefining \ttfamily on input line 418.

Underfull \hbox (badness 10000) in paragraph at lines 417--419
[]\TU/JameelNooriNastaleeq(0)/b/n/10 کی طرح ہے۔ یوں (یکساں زمین کی صورت میں)، ا
سپرنگ پر نسب جسم کی طرح، یہ جسم ارتعاش پذیر ہو گا، اور مرکز زمین ارتعاش کا مرکز
 ہو گا۔ جنوبی قطب[]
 []


Underfull \hbox (badness 10000) in paragraph at lines 417--419
[]\TU/JameelNooriNastaleeq(0)/b/n/10 سے سرنگ میں گر کر جسم مرکز زمین سے گزر کر 
شمالی قطب پہنچتا ہے۔وہاں سے جسم واپس مرکز زمین کی طرف گر کر مرکز زمین سے گزر کر
 جنوبی قطب پہنچے[]
 []


Underfull \hbox (badness 10000) in paragraph at lines 420--421
[][]\TU/JameelNooriNastaleeq(0)/b/n/10 حقیقی دنیا کی کمیتی تقسیم غیر یکساں ہے(ش
کل 13.5) لہٰذا جیسے جیسے جسم زمین کی مرکز کی طرف گرتا ہے، اس پر ابتدائی طور قوت
 بڑھے گی۔ ایک مخصوص[]
 []


Underfull \hbox (badness 10000) in paragraph at lines 431--433
[][]\TU/JameelNooriNastaleeq(0)/b/n/10 جان پائیں گے کہ تجاذبی قوت محسوس کرتا ذر
ہ جب ابتدائی نقطہ سے اختتامی نقطہ پہنچتا ہے، تجاذبی قوت کا ذرے پر سرانجام کام (
اور یوں تجاذبی مخفی توانائی[]
 []


Underfull \hbox (badness 10000) in paragraph at lines 433--435
[][]\TU/JameelNooriNastaleeq(0)/b/n/10 جب جِرم فلکی (یا ساکن جسم) کے قریب ایک ذ
رہ حرکت کرتا ہے، ذرے پر جِرم کی تجاذبی قوت استعمال کر کے تجاذبی قوت کے سرانجام 
کام کا حساب کر[]
 []


Underfull \hbox (badness 10000) in paragraph at lines 443--444
[][]
 []


Underfull \hbox (badness 10000) in paragraph at lines 446--447
[][]\TU/JameelNooriNastaleeq(0)/b/n/10 دو ذروں، جن کی کمیتیں $\OML/zplm/m/it/10
 M$ \TU/JameelNooriNastaleeq(0)/b/n/10 اور $\OML/zplm/m/it/10 m$ \TU/JameelNoor
iNastaleeq(0)/b/n/10 ہیں، کے بیچ فاصلہ لامتناہی سے گھٹا کر $\OML/zplm/m/it/10 r
$ \TU/JameelNooriNastaleeq(0)/b/n/10 کرتے ہوئے، ایک ذرے پر دوسرے ذرے کی تجاذبی 
توانائی کا[]
 []


Underfull \hbox (badness 10000) in paragraph at lines 451--452
[][]\TU/JameelNooriNastaleeq(0)/b/n/10 دو سے زیادہ ذروں پر مشتمل نظام کی کل تجا
ذبی مخفی توانائی $\OML/zplm/m/it/10 U$ \TU/JameelNooriNastaleeq(0)/b/n/10 تمام 
جوڑیوں کی مخفی توانائیوں کا مجموعہ ہو گا۔ مثال کے طور پر، تین ذروں کے لئے،[]
 []

[211]
LaTeX Info: Redefining \rmfamily on input line 465.
LaTeX Info: Redefining \sffamily on input line 465.
LaTeX Info: Redefining \ttfamily on input line 465.

Underfull \hbox (badness 10000) in paragraph at lines 465--466
[]\TU/JameelNooriNastaleeq(0)/b/n/10 کے بعد ہم نے نظام کے کسی حوالہ تشکیل کے لئ
ے تجاذبی مخفی توانائی صفر کے برابر رکھی۔عموماً، اس تشکیل میں ذرہ سطح زمین پر ہو
تا تھا۔ سطح زمین سے دور ذرے[]
 []


Underfull \hbox (badness 10000) in paragraph at lines 467--468
[][]\TU/JameelNooriNastaleeq(0)/b/n/10 یہاں، ہم اپنی سوچ کو وسعت دے کر کمیت $\O
ML/zplm/m/it/10 m$ \TU/JameelNooriNastaleeq(0)/b/n/10 اور $\OML/zplm/m/it/10 M$
 \TU/JameelNooriNastaleeq(0)/b/n/10 کے دو ذروں، جن کے بیچ فاصلہ $\OML/zplm/m/it
/10 r$ \TU/JameelNooriNastaleeq(0)/b/n/10 ہے، کی تجاذبی مخفی توانائی $\OML/zplm
/m/it/10 U$ \TU/JameelNooriNastaleeq(0)/b/n/10 پر غور کرتے ہیں۔ اب بھی ہم[]
 []


Underfull \hbox (badness 3701) in paragraph at lines 467--468
[]\TU/JameelNooriNastaleeq(0)/b/n/10 ایک حوالہ تشکیل منتخب کرتے ہیں جس کی $\OML
/zplm/m/it/10 U$ \TU/JameelNooriNastaleeq(0)/b/n/10 صفر رکھی جاتی ہے۔ تاہم، مسا
وات سادہ رکھنے کی خاطر، حوالہ تشکیل میں دوری کا فاصلہ $\OML/zplm/m/it/10 r$ \TU
/JameelNooriNastaleeq(0)/b/n/10 اتنا بڑا رکھا جاتا ہے کہ[]
 []

LaTeX Info: Redefining \rmfamily on input line 477.
LaTeX Info: Redefining \sffamily on input line 477.
LaTeX Info: Redefining \ttfamily on input line 477.

Underfull \hbox (badness 10000) in paragraph at lines 476--478
[][]\TU/AASameerSagarNastaleeqBold(0)/m/n/10 بول چال کا انداز۔ \TU/JameelNooriN
astaleeq(0)/b/n/10 مساوات [][]۱۳.۲۱[][] []میں پیش مخفی توانائی دو ذروی نظام کی 
مخفی توانائی ہے، نا کہ ایک یا دوسرے ذرے کی۔ ایسا کوئی طریقہ موجود نہیں[]
 []


Underfull \hbox (badness 10000) in paragraph at lines 476--478
[]\TU/JameelNooriNastaleeq(0)/b/n/10 ہے) اور گیند (جس کی کمیت $\OML/zplm/m/it/1
0 m$ \TU/JameelNooriNastaleeq(0)/b/n/10 ہے) کے لئے درست ہو گا، ہم عموماً ”گیند 
کی مخفی توانائی “ کی بات کرتے ہیں۔ ہم یوں اس لئے کر سکتے ہیں کہ، جب زمین کے[]
 []


Underfull \hbox (badness 10000) in paragraph at lines 476--478
[]\TU/JameelNooriNastaleeq(0)/b/n/10 قریب گیند حرکت کرے زمین و گیند نظام کی مخف
ی توانائی میں تبدیلی تقریباً مکمل طور پر گیند کی حرکی توانائی میں تبدیلی کے روپ
 میں نظر آتی ہے؛ زمین کی حرکی[]
 []


Underfull \hbox (badness 10000) in paragraph at lines 476--478
[]\TU/JameelNooriNastaleeq(0)/b/n/10 توانائی میں تبدیلی اتنی کم ہو گی کہ اسے نا
پنا ممکن نہیں ہو گا۔ اسی طرح حصہ 13.7 میں، مصنوعی سیارچہ کی کمیت زمینی کمیت سے 
اتنی کم ہے کہ ہم زمین کی مدار[]
 []


Underfull \hbox (badness 3503) in paragraph at lines 476--478
[]\TU/JameelNooriNastaleeq(0)/b/n/10 میں ”مصنوعی سیارچہ کی مخفی توانائی “ کی با
ت کریں گے۔ ہم پلہ کمیت کے اجسام کی مخفی توانائی کی بات کرتے ہوئے، ہمیں محتاط رہ
 کر انہیں ایک نظام تصور کرنا ہو[]
 []

LaTeX Info: Redefining \rmfamily on input line 480.
LaTeX Info: Redefining \sffamily on input line 480.
LaTeX Info: Redefining \ttfamily on input line 480.
LaTeX Info: Redefining \rmfamily on input line 480.
LaTeX Info: Redefining \sffamily on input line 480.
LaTeX Info: Redefining \ttfamily on input line 480.

Underfull \hbox (badness 10000) in paragraph at lines 479--482
[][]\TU/JameelNooriNastaleeq(0)/b/n/10 سے حاصل کر کے ، تمام کا الجبرائی مجموعہ 
لیتے ہیں۔ جوڑی کی تجاذبی مخفی توانائی حاصل کرتے وقت باقی ذروں کی موجودگی نظر ان
داز کی جاتی ہے۔ شکل 13.8 کی[]
 []

[212]
LaTeX Info: Redefining \rmfamily on input line 487.
LaTeX Info: Redefining \sffamily on input line 487.
LaTeX Info: Redefining \ttfamily on input line 487.

Underfull \hbox (badness 10000) in paragraph at lines 488--490
[]\TU/JameelNooriNastaleeq(0)/b/n/10 آئیں شکل 13.9 میں دکھائی گئی راہ پر سیدھا 
اوپر وار ، زمین سے دوری کے رخ، گیند پھینکتے ہیں۔ مرکز زمین سے $\OML/zplm/m/it/1
0 R$ \TU/JameelNooriNastaleeq(0)/b/n/10 رداسی فاصلے پر، راہ کے نقطہ $\OML/zplm/
m/it/10 P$ \TU/JameelNooriNastaleeq(0)/b/n/10 پر، گیند[]
 []


Underfull \hbox (badness 10000) in paragraph at lines 488--490
[]\TU/JameelNooriNastaleeq(0)/b/n/10 کی تجاذبی مخفی توانائی $\OML/zplm/m/it/10 
U$ \TU/JameelNooriNastaleeq(0)/b/n/10 کا الجبرائی فقرہ تلاش کرتے ہیں ۔ گیند کے 
نقطہ $\OML/zplm/m/it/10 P$ \TU/JameelNooriNastaleeq(0)/b/n/10 سے روانا ہو کر زم
ین سے لامتناہی فاصلے تک سفر کے دوران گیند پر تجاذبی قوت کا[]
 []


Underfull \hbox (badness 10000) in paragraph at lines 488--490
[]\TU/JameelNooriNastaleeq(0)/b/n/10 سرانجام کام $\OML/zplm/m/it/10 W$ \TU/Jame
elNooriNastaleeq(0)/b/n/10 تلاش کر کے، ہم ایسا کر سکتے ہیں۔ تجاذبی قوت $[]\OT1/
zplm/m/n/10 (\OML/zplm/m/it/10 r\OT1/zplm/m/n/10 )$ \TU/JameelNooriNastaleeq(0)
/b/n/10 تغیر پذیر قوت ہے (اس کی قدر $\OML/zplm/m/it/10 r$ \TU/JameelNooriNastal
eeq(0)/b/n/10 پر منحصر ہے)، لہٰذا کام تلاش کرنے کے لئے[]
 []

LaTeX Info: Redefining \rmfamily on input line 498.
LaTeX Info: Redefining \sffamily on input line 498.
LaTeX Info: Redefining \ttfamily on input line 498.
LaTeX Info: Redefining \rmfamily on input line 498.
LaTeX Info: Redefining \sffamily on input line 498.
LaTeX Info: Redefining \ttfamily on input line 498.

Underfull \hbox (badness 10000) in paragraph at lines 497--499
[]\TU/JameelNooriNastaleeq(0)/b/n/10 جہاں $[]\OT1/zplm/m/n/10 (\OML/zplm/m/it/1
0 r\OT1/zplm/m/n/10 )$ \TU/JameelNooriNastaleeq(0)/b/n/10 اور $[] []$ کے بیچ زا
ویہ $\OML/zplm/m/it/10 ^^^$ \TU/JameelNooriNastaleeq(0)/b/n/10 ہے۔ زاویہ $\OML/
zplm/m/it/10 ^^^$ \TU/JameelNooriNastaleeq(0)/b/n/10 کی جگہ $\OT1/ppl/m/n/10 18
0[]$ \TU/JameelNooriNastaleeq(0)/b/n/10 اور $\OML/zplm/m/it/10 F\OT1/zplm/m/n/1
0 (\OML/zplm/m/it/10 r\OT1/zplm/m/n/10 )$ \TU/JameelNooriNastaleeq(0)/b/n/10 کی
 جگہ مساوات [][]۱۳.۱[][] []ڈال کر مساوات [][]۱۳.۲۴[][] []ذیل روپ اختیار[]
 []

LaTeX Info: Redefining \rmfamily on input line 504.
LaTeX Info: Redefining \sffamily on input line 504.
LaTeX Info: Redefining \ttfamily on input line 504.
LaTeX Info: Redefining \rmfamily on input line 516.
LaTeX Info: Redefining \sffamily on input line 516.
LaTeX Info: Redefining \ttfamily on input line 516.

Underfull \hbox (badness 10000) in paragraph at lines 515--517
[]\TU/JameelNooriNastaleeq(0)/b/n/10 چونکہ لامتناہی پر مخفی توانائی $\OML/zplm/
m/it/10 U[]$ \TU/JameelNooriNastaleeq(0)/b/n/10 صفر ،نقطہ $\OML/zplm/m/it/10 P$
 \TU/JameelNooriNastaleeq(0)/b/n/10 پر مخفی توانائی $\OML/zplm/m/it/10 U$ \TU/J
ameelNooriNastaleeq(0)/b/n/10 ، اور $\OML/zplm/m/it/10 W$ \TU/JameelNooriNastal
eeq(0)/b/n/10 کام ہے جو مساوات [][]۱۳.۲۵[][] []دیتی ہے، لہٰذا یہ مساوات ذیل روپ
 اختیار کرتی[]
 []

LaTeX Info: Redefining \rmfamily on input line 520.
LaTeX Info: Redefining \sffamily on input line 520.
LaTeX Info: Redefining \ttfamily on input line 520.

Underfull \hbox (badness 10000) in paragraph at lines 523--524
[]\TU/JameelNooriNastaleeq(0)/b/n/10 شکل 13.10 میں تین رداسی لمبائیوں اور تین د
ائری قوس (جن کا مرکز زمین ہے) پر مشتمل راہ پر چل کر گیند کو نقطہ $\OML/zplm/m/i
t/10 A$ \TU/JameelNooriNastaleeq(0)/b/n/10 سے نقطہ $\OML/zplm/m/it/10 G$ \TU/Ja
meelNooriNastaleeq(0)/b/n/10 منتقل کیا گیا ہے۔ نقطہ[]
 []


Underfull \hbox (badness 10000) in paragraph at lines 523--524
[]$\OML/zplm/m/it/10 A$ \TU/JameelNooriNastaleeq(0)/b/n/10 سے نقطہ $\OML/zplm/m
/it/10 G$ \TU/JameelNooriNastaleeq(0)/b/n/10 تک سفر کے دوران گیند پر زمین کی تج
اذبی قوت $[]$ کے سرانجام کل کام $\OML/zplm/m/it/10 W$ \TU/JameelNooriNastaleeq(
0)/b/n/10 میں ہم دلچسپی رکھتے ہیں۔تینوں دائری راہ کے ہر نقطہ پر $[]$[]
 []

[213]
Underfull \hbox (badness 10000) in paragraph at lines 525--526
[][]\TU/JameelNooriNastaleeq(0)/b/n/10 فرض کریں، ہم لمحاتی طور قوسی راہوں کی لم
بائی گھٹا کر صفر کرتے ہیں۔ہم اب گیند کو ایک رداسی راہ پر $\OML/zplm/m/it/10 A$ 
\TU/JameelNooriNastaleeq(0)/b/n/10 سے سیدھا $\OML/zplm/m/it/10 G$ \TU/JameelNoo
riNastaleeq(0)/b/n/10 پہنچاتے ہیں۔ کیا ایسا کرنے سے[]
 []


Underfull \hbox (badness 10000) in paragraph at lines 525--526
[]$\OML/zplm/m/it/10 W$ \TU/JameelNooriNastaleeq(0)/b/n/10 تبدیل ہو گا؟ جی نہیں
۔ قوسی راہ پر سرانجام کام صفر ہے لہٰذا ان راہ کو ہٹانے سے کام پر اثر نہیں پڑتا۔
 نقطہ $\OML/zplm/m/it/10 A$ \TU/JameelNooriNastaleeq(0)/b/n/10 سے نقطہ $\OML/zp
lm/m/it/10 G$ \TU/JameelNooriNastaleeq(0)/b/n/10 تک راہ اب یقیناً پہلی راہ سے[]

 []


Underfull \hbox (badness 10000) in paragraph at lines 527--529
[][]\TU/JameelNooriNastaleeq(0)/b/n/10 ہم حصہ 8.1 میں اس طرح کے نتیجہ پر عمومی 
بحث کر چکے ہیں۔یاد رہے، تجاذبی قوت ایک بقائی قوت ہے۔ یوں ابتدائی نقطہ $\OML/zpl
m/m/it/10 i$ \TU/JameelNooriNastaleeq(0)/b/n/10 سے ذرہ اختتامی نقطہ $\OML/zplm/
m/it/10 f$ \TU/JameelNooriNastaleeq(0)/b/n/10 منتقل[]
 []


Underfull \hbox (badness 10000) in paragraph at lines 527--529
[]\TU/JameelNooriNastaleeq(0)/b/n/10 کرتے ہوئے، ذرے پر تجاذبی قوت کا سرانجام کا
م ان نقطوں کے بیچ راہ پر منحصر نہیں ہو گا۔ مساوات 8.1 کے تحت، نقطہ $\OML/zplm/m
/it/10 i$ \TU/JameelNooriNastaleeq(0)/b/n/10 سے نقطہ $\OML/zplm/m/it/10 f$ \TU/
JameelNooriNastaleeq(0)/b/n/10 تجاذبی مخفی توانائی میں[]
 []

LaTeX Info: Redefining \rmfamily on input line 535.
LaTeX Info: Redefining \sffamily on input line 535.
LaTeX Info: Redefining \ttfamily on input line 535.

Underfull \hbox (badness 10000) in paragraph at lines 535--537
[]\TU/JameelNooriNastaleeq(0)/b/n/10 مساوات [][]۱۳.۲۱[][] []کے ثبوت میں، ہم نے 
تفاعل قوت $[]\OT1/zplm/m/n/10 (\OML/zplm/m/it/10 r\OT1/zplm/m/n/10 )$ \TU/Jamee
lNooriNastaleeq(0)/b/n/10 سے مخفی توانائی کا تفاعل $\OML/zplm/m/it/10 U\OT1/zpl
m/m/n/10 (\OML/zplm/m/it/10 r\OT1/zplm/m/n/10 )$ \TU/JameelNooriNastaleeq(0)/b/
n/10 حاصل کیا۔ ہم توقع کرتے ہیں کہ الٹ چل کر مخفی توانائی کے[]
 []

LaTeX Info: Redefining \rmfamily on input line 543.
LaTeX Info: Redefining \sffamily on input line 543.
LaTeX Info: Redefining \ttfamily on input line 543.
LaTeX Info: Redefining \rmfamily on input line 548.
LaTeX Info: Redefining \sffamily on input line 548.
LaTeX Info: Redefining \ttfamily on input line 548.

Underfull \hbox (badness 10000) in paragraph at lines 548--549
[]\TU/JameelNooriNastaleeq(0)/b/n/10 اگر آپ پتھر آسمان کی طرف اوپر وار پھینکیں،
 پتھر کی رفتار بتدریج کم ہو گی حتٰی کہ یہ لمحاتی رک کر واپس زمین پر گرے گا۔ زیا
دہ ابتدائی رفتار کے ساتھ روانا[]
 []


Underfull \hbox (badness 10000) in paragraph at lines 548--549
[]\TU/JameelNooriNastaleeq(0)/b/n/10 کرنے پر پتھر زیادہ بلندی تک پہنچتا ہے۔ پتھ
ر کی ابتدائی رفتار اتنی بڑھائی جا سکتی ہے کہ اس کا لمحاتی رکھنے کا نقطہ لامتناہ
ی پر واقع ہو۔ اس رفتار کو (زمین سے) \TU/AASameerSagarNastaleeqBold(0)/m/n/10 فر
ار[]
 []

LaTeX Info: Redefining \rmfamily on input line 550.
LaTeX Info: Redefining \sffamily on input line 550.
LaTeX Info: Redefining \ttfamily on input line 550.

Underfull \hbox (badness 1348) in paragraph at lines 550--551
[][]\TU/JameelNooriNastaleeq(0)/b/n/10 فرض کریں کمیت $\OML/zplm/m/it/10 m$ \TU/
JameelNooriNastaleeq(0)/b/n/10 کا گولا کسی سیارہ (یا کسی جِرم فلکی یا نظام) کی 
سطح سے فرار کی رفتار $\OML/zplm/m/it/10 v$ \TU/JameelNooriNastaleeq(0)/b/n/10 س
ے روانا ہوتا ہے۔ گولے کی حرکی توانائی $\OML/zplm/m/it/10 K$ \TU/JameelNooriNast
aleeq(0)/b/n/10 کی قیمت $[]\OML/zplm/m/it/10 mv[]$ \TU/JameelNooriNastaleeq(0)/
b/n/10 ،[]
 []

[214]
Underfull \hbox (badness 10000) in paragraph at lines 556--557
[][]\TU/JameelNooriNastaleeq(0)/b/n/10 لامتناہی پہنچ کر، گولا لمحاتی رکھتا ہے ل
ہٰذا اس کی حرکی توانائی صفر ہو گی۔ گولے کی مخفی توانائی بھی صفر ہو گی، چونکہ لا
متناہی فاصلے پر دو جسم ہماری صفر مخفی توانائی[]
 []


Underfull \hbox (badness 10000) in paragraph at lines 556--557
[]\TU/JameelNooriNastaleeq(0)/b/n/10 تشکیل ہے۔ اس طرح، لامتناہی پر گولے کی کل ت
وانائی صفر ہو گا۔ توانائی کی بقا کے اصول کے تحت، سیارہ کی سطح پر بھی گولے کی کل
 توانائی صفر ہونی چاہیے۔ یوں[]
 []


Underfull \hbox (badness 10000) in paragraph at lines 564--566
[]\TU/JameelNooriNastaleeq(0)/b/n/10 یاد رہے، $\OML/zplm/m/it/10 v$ \TU/JameelN
ooriNastaleeq(0)/b/n/10 کی قیمت اس پر منحصر نہیں کہ گولا سطح سیارہ سے کس رخ پھی
نکا جاتا ہے۔تاہم، اس رفتار کا حصول زیادہ آسان ہو گا اگر گولا اس رخ پھینکا جائے 
جس[]
 []


Underfull \hbox (badness 10000) in paragraph at lines 564--566
[]\TU/JameelNooriNastaleeq(0)/b/n/10 رخ ، سیارہ کی اپنی محور کے گرد گھماو کی بد
ولت، سطح سیارہ حرکت کرتی ہو۔مثلاً، حیدرآباد سے مصنوعی سیارہ خلا میں بھیجنے کے ل
ئے ہوائی بان (راکٹ) مشرق وار[]
 []

LaTeX Info: Redefining \rmfamily on input line 567.
LaTeX Info: Redefining \sffamily on input line 567.
LaTeX Info: Redefining \ttfamily on input line 567.
LaTeX Info: Redefining \rmfamily on input line 567.
LaTeX Info: Redefining \sffamily on input line 567.
LaTeX Info: Redefining \ttfamily on input line 567.

Underfull \hbox (badness 10000) in paragraph at lines 567--568
[][]\TU/JameelNooriNastaleeq(0)/b/n/10 کسی بھی جِرم فلکی کا رداس $\OML/zplm/m/i
t/10 R$ \TU/JameelNooriNastaleeq(0)/b/n/10 اور کمیت $\OML/zplm/m/it/10 M$ \TU/J
ameelNooriNastaleeq(0)/b/n/10 مساوات [][]۱۳.۲۸[][] []میں پُر کر کے اس سے جسم کی
 فرار کی رفتار معلوم کی جا سکتی ہے۔ جدول [][]۱۳.۲[][] []میں چند فرار کی[]
 []

LaTeX Info: Redefining \rmfamily on input line 589.
LaTeX Info: Redefining \sffamily on input line 589.
LaTeX Info: Redefining \ttfamily on input line 589.
LaTeX Info: Redefining \rmfamily on input line 589.
LaTeX Info: Redefining \sffamily on input line 589.
LaTeX Info: Redefining \ttfamily on input line 589.
LaTeX Info: Redefining \rmfamily on input line 589.
LaTeX Info: Redefining \sffamily on input line 589.
LaTeX Info: Redefining \ttfamily on input line 589.
LaTeX Info: Redefining \rmfamily on input line 589.
LaTeX Info: Redefining \sffamily on input line 589.
LaTeX Info: Redefining \ttfamily on input line 589.
LaTeX Info: Redefining \rmfamily on input line 589.
LaTeX Info: Redefining \sffamily on input line 589.
LaTeX Info: Redefining \ttfamily on input line 589.
[215]
Underfull \hbox (badness 2443) in paragraph at lines 594--595
[][]\TU/JameelNooriNastaleeq(0)/b/n/10 کمیت $\OML/zplm/m/it/10 M$ \TU/JameelNoo
riNastaleeq(0)/b/n/10 کے کرہ سے آپ کمیت $\OML/zplm/m/it/10 m$ \TU/JameelNooriNa
staleeq(0)/b/n/10 کا گیند دور لے جاتے ہیں۔ (ا) کیا گیند و کرہ نظام کی تجاذبی مخ
فی توانائی بڑھتی ہے یا گھٹتی ہے؟ (ب) کیا گیند اور کرہ کے بیچ[]
 []

LaTeX Info: Redefining \rmfamily on input line 600.
LaTeX Info: Redefining \sffamily on input line 600.
LaTeX Info: Redefining \ttfamily on input line 600.

Underfull \hbox (badness 10000) in paragraph at lines 599--601
[]\TU/JameelNooriNastaleeq(0)/b/n/10 ایک سیارچہ ،جو زمین سے $\OT1/ppl/m/n/10 10
$ \TU/JameelNooriNastaleeq(0)/b/n/10 زمینی رداس کے فاصلے پر ہے ، کی زمین کے لحا
ظ سے رفتار $\OT1/ppl/m/n/10 12 [] s[]$ \TU/JameelNooriNastaleeq(0)/b/n/10 ہے، ا
ور وہ سیدھا زمین کے طرف گامزن ہے۔[]
 []

LaTeX Info: Redefining \rmfamily on input line 609.
LaTeX Info: Redefining \sffamily on input line 609.
LaTeX Info: Redefining \ttfamily on input line 609.

Underfull \hbox (badness 10000) in paragraph at lines 609--610
[][]\TU/JameelNooriNastaleeq(0)/b/n/10 ساتھ ہی، اگر ہم نظام کو جدا تصور کریں، گ
رنے کے دوران نظام کے ابتدائی معیار حرکت کی بقا بھی ہو گی۔یوں، سیارچے اور زمین ک
ے معیار حرکت میں تبدیلی[]
 []


Underfull \hbox (badness 10000) in paragraph at lines 609--610
[]\TU/JameelNooriNastaleeq(0)/b/n/10 کی قدریں برابر اور علامت الٹ ہوں گی۔ تاہم،
سیارچے کی کمیت کے لحاظ سے زمین کی کمیت اتنی زیادہ ہے کہ زمین کی رفتار میں تبدیل
ی سیارچے کی رفتار میں[]
 []


Underfull \hbox (badness 8132) in paragraph at lines 609--610
[]\TU/JameelNooriNastaleeq(0)/b/n/10 تبدیلی کے لحاظ سے قابل نظرانداز ہو گی۔ اس 
طرح، زمین کی حرکی توانائی میں تبدیلی بھی قابل نظرانداز ہو گی۔یوں، مساوات [][]۱۳
.۲۹[][] []میں حرکی توانائیاں صرف[]
 []

LaTeX Info: Redefining \rmfamily on input line 613.
LaTeX Info: Redefining \sffamily on input line 613.
LaTeX Info: Redefining \ttfamily on input line 613.
LaTeX Info: Redefining \rmfamily on input line 613.
LaTeX Info: Redefining \sffamily on input line 613.
LaTeX Info: Redefining \ttfamily on input line 613.
[216]
Missing character: There is no ١ (U+0661) in font Jameel Noori Nastaleeq/OT:scr
ipt=arab;language=dflt;mapping=tex-text;!
Missing character: There is no ٩ (U+0669) in font Jameel Noori Nastaleeq/OT:scr
ipt=arab;language=dflt;mapping=tex-text;!
Missing character: There is no ٩ (U+0669) in font Jameel Noori Nastaleeq/OT:scr
ipt=arab;language=dflt;mapping=tex-text;!
Missing character: There is no ٤ (U+0664) in font Jameel Noori Nastaleeq/OT:scr
ipt=arab;language=dflt;mapping=tex-text;!

Underfull \hbox (badness 10000) in paragraph at lines 628--629
[][]\TU/JameelNooriNastaleeq(0)/b/n/10 اس رفتار پر، سیارچہ زیادہ بڑا نہ ہونے کی
 صورت میں بھی خاصہ نقصان کر سکتا ہے۔ صرف $\OT1/ppl/m/n/10 5 m$ \TU/JameelNooriN
astaleeq(0)/b/n/10 قطر کا سیارچہ اس رفتار سے زمین پر گر کر ہیروشیما پر گرائے[]
 []


Underfull \hbox (badness 10000) in paragraph at lines 628--629
[]\TU/JameelNooriNastaleeq(0)/b/n/10 گئے ایٹمی بم جتنی تباہی برپا کرے گا۔ اس جس
امت کے تقریباً $\OT1/ppl/m/n/10 50$ \TU/JameelNooriNastaleeq(0)/b/n/10 کروڑ سیا
رچے زمینی مدار کے قریب پائے جاتے ہیں، اور  ١٩٩٤ ؁  میں ان میں سے ایک زمین[]
 []

LaTeX Info: Redefining \rmfamily on input line 638.
LaTeX Info: Redefining \sffamily on input line 638.
LaTeX Info: Redefining \ttfamily on input line 638.

Underfull \hbox (badness 10000) in paragraph at lines 649--650
[][]
 []


Underfull \hbox (badness 10000) in paragraph at lines 659--660
[][]\TU/JameelNooriNastaleeq(0)/m/n/9 دوری عرصہ کا قانون۔ \TU/JameelNooriNastal
eeq(0)/b/n/10 سیارے کے دوری عرصہ $\OML/zplm/m/it/10 T$ \TU/JameelNooriNastaleeq
(0)/b/n/10 کا مربع اس کے مدار کے نصف اکبر محور $\OML/zplm/m/it/10 a$ \TU/Jameel
NooriNastaleeq(0)/b/n/10 کے مکعب کے برابر ہو گا۔ دائری مدار کے[]
 []

[217]
Underfull \hbox (badness 10000) in paragraph at lines 662--664
[]\TU/JameelNooriNastaleeq(0)/b/n/10 جہاں $\OML/zplm/m/it/10 M$ \TU/JameelNoori
Nastaleeq(0)/b/n/10 کششی جسم کی کمیت ہو گی، جو نظام شمسی میں سورج ہو گا۔ بیضوی 
سیاروی مدار کے لئے $\OML/zplm/m/it/10 r$ \TU/JameelNooriNastaleeq(0)/b/n/10 کی 
جگہ نصف اکبر محور $\OML/zplm/m/it/10 a$ \TU/JameelNooriNastaleeq(0)/b/n/10 رکھا
 جائے[]
 []

Missing character: There is no ١ (U+0661) in font Jameel Noori Nastaleeq/OT:scr
ipt=arab;language=dflt;mapping=tex-text;!
Missing character: There is no ٥ (U+0665) in font Jameel Noori Nastaleeq/OT:scr
ipt=arab;language=dflt;mapping=tex-text;!
Missing character: There is no ٧ (U+0667) in font Jameel Noori Nastaleeq/OT:scr
ipt=arab;language=dflt;mapping=tex-text;!
Missing character: There is no ١ (U+0661) in font Jameel Noori Nastaleeq/OT:scr
ipt=arab;language=dflt;mapping=tex-text;!
Missing character: There is no ١ (U+0661) in font Jameel Noori Nastaleeq/OT:scr
ipt=arab;language=dflt;mapping=tex-text;!
Missing character: There is no ٦ (U+0666) in font Jameel Noori Nastaleeq/OT:scr
ipt=arab;language=dflt;mapping=tex-text;!
Missing character: There is no ٣ (U+0663) in font Jameel Noori Nastaleeq/OT:scr
ipt=arab;language=dflt;mapping=tex-text;!
Missing character: There is no ٠ (U+0660) in font Jameel Noori Nastaleeq/OT:scr
ipt=arab;language=dflt;mapping=tex-text;!
Missing character: There is no ١ (U+0661) in font Jameel Noori Nastaleeq/OT:scr
ipt=arab;language=dflt;mapping=tex-text;!
Missing character: There is no ٦ (U+0666) in font Jameel Noori Nastaleeq/OT:scr
ipt=arab;language=dflt;mapping=tex-text;!
Missing character: There is no ٤ (U+0664) in font Jameel Noori Nastaleeq/OT:scr
ipt=arab;language=dflt;mapping=tex-text;!
Missing character: There is no ٢ (U+0662) in font Jameel Noori Nastaleeq/OT:scr
ipt=arab;language=dflt;mapping=tex-text;!
Missing character: There is no ١ (U+0661) in font Jameel Noori Nastaleeq/OT:scr
ipt=arab;language=dflt;mapping=tex-text;!
Missing character: There is no ٧ (U+0667) in font Jameel Noori Nastaleeq/OT:scr
ipt=arab;language=dflt;mapping=tex-text;!
Missing character: There is no ٢ (U+0662) in font Jameel Noori Nastaleeq/OT:scr
ipt=arab;language=dflt;mapping=tex-text;!
Missing character: There is no ٧ (U+0667) in font Jameel Noori Nastaleeq/OT:scr
ipt=arab;language=dflt;mapping=tex-text;!

Underfull \hbox (badness 10000) in paragraph at lines 670--671
[]\TU/JameelNooriNastaleeq(0)/b/n/10 ستاروں کے پس منظر میں سیاروں کی بظاہر بے م
قصد چلن زمانہ قدیم سے انسان کی حیرانی کا سبب بنا رہا۔ شکل 13.11 میں مریخ کی گھی
ر در گھیر حرکت بالخصوص[]
 []


Underfull \hbox (badness 10000) in paragraph at lines 670--671
[]\TU/JameelNooriNastaleeq(0)/b/n/10 حیران کن تھی۔یوہانس کپلر ( ١٥٧١ ؁  تا  ١٦٣
٠ ؁ ) نے اپنی زندگی ان حرکات کا راز فاش کرنے میں گزاری۔ انہوں نے زندگی بھر کے م
شاہدات میں کثیر مواد[]
 []


Underfull \hbox (badness 10000) in paragraph at lines 672--673
[][]\TU/JameelNooriNastaleeq(0)/b/n/10 اس حصہ میں کپلر کے تین قوانین پر غور کی 
جائے گی۔اگرچہ، یہاں ہم سورج کے گرد سیاروں کی حرکت پر ان کا اطلاق کریں گے، ان کا
 اطلاق زمین یا کسی[]
 []

) [218] (./answer.tex) [219




] [220


] (./physics.ind
LaTeX Info: Redefining \rmfamily on input line 2.
LaTeX Info: Redefining \sffamily on input line 2.
LaTeX Info: Redefining \ttfamily on input line 2.
 [221





]
LaTeX Font Info:    Font shape `TU/JameelNooriNastaleeq(0)/m/sl' in size <10> n
ot available
(Font)              Font shape `TU/JameelNooriNastaleeq(0)/m/it' tried instead 
on input line 181.
LaTeX Font Info:    Font shape `TU/JameelNooriNastaleeq(0)/m/it' will be
(Font)              scaled to size 10.0pt on input line 181.
 [222] [223] [224]
[225] [226]) (./physics.aux (./tex/prefaceFirstBook.aux) (./tex/measurement.aux
) (./tex/motionAlongStraightLine.aux) (./tex/vectors.aux)
(./tex/motionInTwoAndThreeDimensions.aux) (./tex/forceAndMotionA.aux)
(./tex/forceAndMotionB.aux) (./tex/kineticEnergyAndWork.aux)
(./tex/potentialEnergyAndConservationOfEnergy.aux)
(./tex/centerOfMassAndLinearMomentum.aux) (./tex/rotation.aux)
(./tex/RollingTorqueAndAngularMomentum.aux) (./tex/equilibriumAndElasticity.aux
) (./tex/gravitation.aux))
 ***********
LaTeX2e <2023-11-01> patch level 1
L3 programming layer <2024-01-22>
 ***********


LaTeX Font Warning: Some font shapes were not available, defaults substituted.

 ) 
Here is how much of TeX's memory you used:
 62870 strings out of 474878
 1705491 string characters out of 9512517
 2555100 words of memory out of 7000000
 83819 multiletter control sequences out of 15000+600000
 584342 words of font info for 156 fonts, out of 8000000 for 9000
 1348 hyphenation exceptions out of 8191
 117i,20n,121p,2404b,1101s stack positions out of 10000i,1000n,20000p,200000b,200000s

Output written on physics.pdf (232 pages).
